id,news_url,title
gossipcop-2493749932,www.dailymail.co.uk/tvshowbiz/article-5874213/Did-Miley-Cyrus-Liam-Hemsworth-secretly-married.html,Did Miley Cyrus and Liam Hemsworth secretly get married?
gossipcop-4580247171,hollywoodlife.com/2018/05/05/paris-jackson-cara-delevingne-matching-outfits-night-out-nyc-dating-pic/,Paris Jackson & Cara Delevingne Enjoy Night Out In Matching Outfits: They Have ‘Amazing Chemistry’
gossipcop-941805037,variety.com/2017/biz/news/tax-march-donald-trump-protest-1202031487/,Celebrities Join Tax March in Protest of Donald Trump
gossipcop-2547891536,www.dailymail.co.uk/femail/article-3499192/Do-blondes-REALLY-fun-Cindy-Crawford-s-model-daughter-Kaia-Gerber-puts-theory-test-peroxide-wig-dining-Harry-Styles.html,Cindy Crawford's daughter Kaia Gerber wears a wig after dining with Harry Styles
gossipcop-5476631226,variety.com/2018/film/news/list-2018-oscar-nominations-1202668757/,Full List of 2018 Oscar Nominations – Variety
gossipcop-5189580095,www.townandcountrymag.com/society/tradition/a10241220/jfk-jr-princess-diana/,Here's What Really Happened When JFK Jr. Met Princess Diana
gossipcop-9588339534,www.foxnews.com/entertainment/2016/12/16/biggest-celebrity-scandals-2016.html,Biggest celebrity scandals of 2016
gossipcop-8753274298,www.eonline.com/news/958257/caitlyn-jenner-addresses-rumored-romance-with-sophia-hutchins,Caitlyn Jenner Addresses Rumored Romance With Sophia Hutchins
gossipcop-8105333868,www.inquisitr.com/3871816/taylor-swift-reportedly-reacts-to-tom-hiddlestons-golden-globes-win/,Taylor Swift Reportedly Reacts To Tom Hiddleston’s Golden Globes Win
gossipcop-2803748870,www.huffingtonpost.com/entry/kate-mckinnon-the-spy-who-dumped-me_us_5b61e93ae4b0fd5c73d59a48,"For The Love Of God, Why Can't Anyone Write Kate McKinnon A Good Movie Role?"
gossipcop-7312096991,www.msn.com/en-us/music/celebrity/miley-cyrus-liam-hemsworth-did-not-get-married-on-tybee-island-despite-report/ar-BBEUM3q,"Miley Cyrus, Liam Hemsworth Did NOT Get Married On Tybee Island, Despite Report"
gossipcop-5328748354,yournewswire.com/miley-cyrus-satan/,Miley Cyrus Claims ‘Satan Is A Nice Guy; He’s Misunderstood’
gossipcop-9878194459,www.marieclaire.com.au/selena-gomez-had-the-perfect-response-to-news-of-justin-bieber-s-engagement,Selena Gomez Had The Perfect Response To News Of Justin Bieber’s Engagement
gossipcop-9521617242,www.eonline.com/news/904931/critics-choice-awards-2018-winners-the-complete-list,Critics' Choice Awards 2018 Winners: The Complete List
gossipcop-8099144572,www.imdb.com/news/ni61369220,"Jennifer Aniston, Justin Theroux Not Starting Dog Fostering And Adoption Business"
gossipcop-2210288941,hollywoodlife.com/2018/08/13/angelina-jolie-heartbroken-brad-pitt-split/,"Angelina Jolie Can’t Get Over Heartbreak Of Losing Brad Pitt — Real Reason For Fury, Says Source"
gossipcop-6068765070,radaronline.com/exclusives/2018/07/ben-affleck-best-friend-matt-damon-life-coach-advice/,He’s Hired! Ben Affleck Enlists Best Friend Matt Damon To Be His Life Coach
gossipcop-3783917182,www.politico.com/story/2017/09/22/full-statement-john-mccain-on-voting-no-on-graham-cassidy-243030,Full statement: John McCain to vote no on Graham-Cassidy health care bill
gossipcop-2365780434,en.wikipedia.org/wiki/Despacito,Justin Bieber Despacito
gossipcop-9650269391,www.newidea.com.au/julia-roberts-miracle-baby-at-50,Julia Roberts miracle baby at 50
gossipcop-7365331782,hollywoodlife.com/2017/11/11/beyonce-taylor-swift-new-album-kanye-west-diss-tracks/,Beyonce Sipping Tea Listening To Taylor Swift’s Album: Why She’s Loving The Kanye West Diss Tracks
gossipcop-3503563094,www.usmagazine.com/entertainment/news/blake-shelton-gwen-stefani-talk-hookup-on-the-voice-w468013/,"Blake Shelton, Gwen Stefani Talk 'Hookup' on 'The Voice'"
gossipcop-5866775064,hollywoodlife.com/2017/08/30/miranda-lambert-blake-shelton-reunion-meeting-gwen-stefani/,Miranda Lambert Desperate To Meet With Blake Shelton After His Reported Split From Gwen Stefani
gossipcop-1026793571,radaronline.com/videos/pregnant-kate-middleton-cocaine-bombshell/,Pregnant Kate Middleton Hit With Cocaine Bombshell
gossipcop-3896029098,hollywoodlife.com/2018/02/15/brad-pitt-reacts-jennifer-aniston-justin-theroux-split-separation/,Jen Aniston’s Split From Justin Theroux – What Brad Pitt Really Thinks About It
gossipcop-7391946984,www.hollywoodreporter.com/lists/emmys-2017-reactions-nominees-1020402,Emmys 2017: What the Nominees Are Saying
gossipcop-2277402152,www.justjared.com/2018/01/04/caitlyn-jenner-slams-the-kardashians-says-she-didnt-trust-them-to-know-about-her-gender-reassignment-surgery/,"Caitlyn Jenner Slams the Kardashians, Says She Didn't Trust Them to Know About Her Gender Reassignment Surgery"
gossipcop-9940338306,www.ibtimes.co.uk/chris-brown-does-not-want-royalty-be-like-north-west-1493960,Chris Brown does not want Royalty to be like North West
gossipcop-6747642549,www.yourtango.com/2018314619/7-details-about-taylor-swift-joe-alwyns-relationship-marriage-rumors,"7 Questionable Details About Taylor Swift And Joe Alwyn's Relationship, Including Her ""Military-Like Mission"" To Keep It Under Wraps"
gossipcop-809829695,forum.wordreference.com/threads/lopez-l%C3%B3pez-accent-on-peoples-names.2507590/,Lopez /López (accent on people's names)
gossipcop-8996311550,www.express.co.uk/celebrity-news/458512/Nicole-Kidman-and-Prince-Harry-named-sexiest-redheads-by-British-Heart-Foundation-survey,Nicole Kidman and Prince Harry named sexiest redheads
gossipcop-3084428038,www.usmagazine.com/celebrity-news/news/jennifer-lawrence-says-mother-led-to-darren-aronofsky-split/,Jennifer Lawrence Says ‘Mother!’ Led to Darren Aronofsky Split
gossipcop-1601939859,www.dailymail.co.uk/tvshowbiz/article-1319630/Kristen-Stewart-usual-scowling-self-night-Robert-Pattinson.html,Kristen Stewart is usual scowling self on night out with Robert Pattinson
gossipcop-392859545,www.thewrap.com/johnny-depp-settles-lawsuit-against-his-former-business-managers/,Johnny Depp Settles Lawsuit Against His Former Business Managers
gossipcop-9098202484,www.forbes.com/sites/scottmendelson/2018/05/21/halle-berry-and-more-to-join-keanu-reeves-in-third-john-wick-flick/,Halle Berry (And More) To Join Keanu Reeves In Third 'John Wick' Flick
gossipcop-5493993751,onairwithryan.iheart.com/,On Air with Ryan Seacrest
gossipcop-5945307777,www.usatoday.com/story/life/music/2014/10/29/taylor-swift-calls-out-record-label-pop-album-1989/18140569/,Swift calls out label for being 'nervous' over pop album
gossipcop-5422231977,hollywoodlife.com/2017/07/14/kim-kardashian-kanye-west-sex-life-attracted-marriage/,Kanye West & Kim Kardashian Are Having ‘Best Sex of their Lives’: He’s So Attracted To Her
gossipcop-3111839896,www.foxnews.com/entertainment/2017/11/06/kylie-jenner-slams-altered-photos-amid-pregnancy-rumors.html,Kylie Jenner slams 'altered' photos amid pregnancy rumors
gossipcop-9668863370,,Kylie Jenner Jenner Kris Life Of Kylie
gossipcop-7894516039,www.popsugar.com/celebrity/Pictures-Selena-Gomez-Over-Years-35296270,Pictures of Selena Gomez Over the Years
gossipcop-1914781905,hollywoodlife.com/2018/02/13/katy-perry-orlando-bloom-back-together-relationship-rekindled-romance/,Katy Perry & Orlando Bloom Reportedly ‘Back On’ After ‘Robsten’ Parties Together In LA
gossipcop-324494433,www.huffingtonpost.com/entry/jennifer-garner-and-ben-affleck-file-for-divorce_us_58f0bf56e4b0da2ff85fdbe5,Ben Affleck & Jennifer Garner File For Divorce Amid Reconciliation Rumors
gossipcop-3976443648,hollywoodlife.com/2018/03/15/josh-duhamel-responds-jennifer-garner-dating-rumors-relationship-divorce-interview/,Josh Duhamel Gushes Over Jennifer Garner After Dating Rumors: ‘She’s An Incredible Woman’
gossipcop-9454452528,www.imdb.com/news/ni61431059,"HollywoodLife Flip-Flops On Prince Harry, Meghan Markle Engagement"
gossipcop-1527288531,www.imdb.com/news/ni61417377,Anne Hathaway Angering ‘Barbie’ Movie Producers With Demands?
gossipcop-2338328497,,Prince Charles Ordering Camilla Parker Bowles To Get Plastic Surgery To Save Marriage 
gossipcop-2190333050,hollywoodlife.com/2018/03/13/kris-jenner-impressed-travis-scott-stepping-up-baby-daddy-stormi/,Kris Jenner ‘Impressed’ By How Travis Scott Is Stepping Up & Taking Care Of Stormi & Kylie
gossipcop-3000021440,time.com/4653873/donald-trump-immigration-ban/,50 Celebrities React to Donald Trump's Immigration Order
gossipcop-3196321022,time.com/4945789/sean-spicer-emmy-reactions/,Sean Spicer Emmys Moment: See Celebrity Reactions
gossipcop-5051410001,www.usmagazine.com/celebrity-news/news/police-respond-to-kim-kardashians-house-in-apparent-swatting-call-w470430/,"Kim Kardashian and Kanye West Not Victims of Swatting, LAPD Clarifies"
gossipcop-8107039710,hollywoodlife.com/2017/11/06/biggest-celebrity-engagement-rings-2017-miley-cyrus-photos-pics/,"Biggest Engagement Rings Of 2017 — Cardi B, Caroline Wozniacki & More Celeb Diamond Bling"
gossipcop-610873029,www.celebritynetworth.com/richest-businessmen/richest-designers/anna-wintour-net-worth/,Anna Wintour Net Worth
gossipcop-4492802133,www.celebitchy.com/547278/did_miley_cyrus_get_mad_at_liam_hemsworth_for_refusing_to_wear_his_promise_ring/,Did Miley Cyrus get mad at Liam Hemsworth for refusing to wear his promise ring?
gossipcop-9093067371,www.ok.co.uk/celebrity-news/1423759/prince-philip-dead-the-queen-fuming-fake-rumours-death,The Queen ‘absolutely FUMING’ over fake Prince Philip death rumours
gossipcop-4755663729,tgbyn.cjws.win/pmUa7Khy_Sc/Justin_Bieber_RUINS_Selena_Gomez_Reunion_Kendall_Jenner_QUITS_Modeling_Rumor_Patrol_/,Justin Bieber RUINS Selena Gomez Reunion? – Kendall Jenner QUITS Modeling? (Rumor Patrol) & video
gossipcop-2405182303,radaronline.com/videos/justin-bieber-propose-to-selena-gomez-christmas/,Marry Me! Justin Bieber To Propose To Selena Over Christmas
gossipcop-829660617,www.celebdirtylaundry.com/2017/ryan-seacrest-relieved-kim-kardashian-to-fill-in-for-kelly-ripa-on-live/,Ryan Seacrest Relieved Kim Kardashian to Fill in For Kelly Ripa On Live!
gossipcop-6283185000,www.metdaan.com/gwen-stefani-wedding-blake-cheating/,Did Gwen Stefani Call Off Wedding To Blake Shelton Because Of 'Cheating'?
gossipcop-8750519313,hollywoodlife.com/2017/04/26/tyga-scott-disick-party-together-pics-single-bonding/,Tyga & Scott Disick Party All Night: Bonding After Being Dumped By Kardashians?
gossipcop-3175262640,marriedbiography.com/gwen-stefani-finding-the-inspiration-to-have-another-baby-from-janet-jackson-is-the-story-true-find-out-what-gossip-cop-has-to-say-about-it/,Gwen Stefani Finding the Inspiration to have Another Baby from Janet Jackson!! Is the Story true? Find out what Gossip Cop has to say about it! – Married Biography
gossipcop-2478967614,blog.wenn.com/all-news/craig-morgan-suing-life-jacket-maker-over-sons-death/,Craig Morgan Suing Life Jacket Maker Over Son’s Death
gossipcop-9444654745,radaronline.com/exclusives/2018/04/brad-pitt-back-school-neri-oxman/,"Brad Pitt Going Back To School To Impress Professor Girlfriend, Neri Oxman!"
gossipcop-687368041,www.nationalenquirer.com/photos/brad-pitt-angelina-jolie-custody-battle-2/,Brad Pitt Could Get A Full-Time Kid In Custody Battle
gossipcop-8347611424,www.elitedaily.com/p/are-david-victoria-beckham-divorcing-the-soccer-star-shut-down-the-rumors-9340372,Are David & Victoria Beckham Divorcing? The Soccer Star Shut Down The Rumors
gossipcop-3594957031,www.harpersbazaar.com/celebrity/latest/a13453462/taylor-swift-repuation-magazine-tabloid-criticism/,Taylor Swift Hits Back at Tabloids
gossipcop-6010530745,www.goodreads.com/book/show/12299419-mystery-man,"Mystery Man (Dream Man, #1)"
gossipcop-6183599706,heavy.com/entertainment/2018/08/travis-scott-kylie-jenner-boyfriend-split/,"Travis Scott, Kylie Jenner’s Boyfriend Split Rumors: No Break Up"
gossipcop-8922369293,people.com/celebrity/stars-celebrate-international-womens-day/,Drew Barrymore! Gisele Bündchen! Miley Cyrus! All the Stars Who Are Honoring International Women's Day
gossipcop-9636141965,hollywoodlife.com/2013/01/10/eddie-cibrian-cheating-leann-rimes-waitress-cheated-brandi-glanville/,Eddie Cibrian Cheated On Both LeAnn Rimes & Brandi Glanville — Report
gossipcop-8961513832,www.cnn.com/2018/03/04/politics/2018-oscar-awards-political-moments/index.html,"Of course, the Oscars had plenty of political moments"
gossipcop-2249919769,,  Blake Shelton  Gwen Stefani Marriage Plans In Crisis In Crisis 
gossipcop-3210838716,www.imdb.com/news/ni61585975,Queen Elizabeth Upset Meghan Markle’s Ex-Husband Is Making Royal-Inspired Sitcom?
gossipcop-3996753978,www.thecut.com/2018/05/kim-kardashian-wants-khloe-to-leave-tristan-thompson-report.html,Kim Kardashian Apparently Can’t Wait Until Khloé Leaves Tristan Thompson
gossipcop-873033733,abcnews.go.com/GMA/Culture/video/kelly-osbourne-addiction-people-rehab-fix-56835399,Kelly Osbourne on addiction: 'People need to know rehab doesn't fix you' Video
gossipcop-988336091,www.cosmopolitan.com.au/beauty/kylie-jenner-plastic-surgery-24228,A plastic surgeon weighs in on all of the procedures Kylie Jenner might have had done
gossipcop-2076682877,celebrityinsider.org/blake-shelton-gwen-stefani-hoping-exes-miranda-lambert-gavin-rossdale-are-happy-and-have-children-in-their-future-relationships-60460/,"Blake Shelton & Gwen Stefani Hoping Exes Miranda Lambert, Gavin Rossdale Are Happy And Have Children In Their Future Relationships"
gossipcop-2552051738,www.aol.com/article/entertainment/2018/04/30/pamela-anderson-and-julian-assange-details-emerge-on-their-unlikely-relationship/23423874/,Pamela Anderson and Julian Assange: Details emerge on their unlikely relationship
gossipcop-4507016046,"www.health.com/health/gallery/0,,20466776,00.html",25 Shocking Celebrity Weight Changes
gossipcop-5671352259,www.newidea.com.au/brad-pitt-jennifer-aniston-second-wedding-report,Brad Pitt and Jennifer Aniston's second wedding joy
gossipcop-4245034998,www.pornhub.com/video/search?search=gal+gadot,Gal Gadot Porn Videos
gossipcop-8183298967,uznayvse.ru/en/news/88091.html,Mass-Media: Brad Pitt Broke Up with Ella Purnell for Princess of Monaco
gossipcop-2582494606,hollywoodlife.com/2018/02/20/rihanna-over-chris-brown-talking-about-her-history/,Rihanna: How She Really Feels About Chris Brown Publicly ‘Name Checking Her’
gossipcop-6026676940,www.imdb.com/news/ni61535376,"Cory Booker Not Father Of Mindy Kaling’s Baby, Despite Report"
gossipcop-5288672998,deadline.com/2017/01/ewan-mcgregor-cancels-piers-morgan-interview-womens-march-comments-good-morning-britain-trainspotting-1201893035/,Ewan McGregor Scraps UK Talk Show Visit Over Piers Morgan Women’s March Barbs
gossipcop-5194722022,www.news.com.au/entertainment/celebrity-life/hook-ups-break-ups/selena-gomez-caught-up-in-brad-pitt-and-angelina-jolies-divorce-after-shameless-flirting/news-story/7d8820060e1649f2bdb7c59988af7053,Brad Pitt and Angelina Jolie divorce: Selena Gomez ‘shamelessly flirted’ with Ptt at Gold Globes
gossipcop-9368279509,www.esquire.com/entertainment/movies/interviews/a22679/brad-pitt-cover-interview-0613/,Brad Pitt: A Life So Large
gossipcop-8611166284,dailycaller.com/2016/10/05/jennifer-anistons-mothers-caregiver-writing-tell-all-book-to-expose-actress/,Jennifer Aniston’s Mother’s Caregiver Writing Tell-All Book To ‘Expose’ Actress
gossipcop-9797842341,www.closerweekly.com/posts/drew-barrymore-will-kopelman-back-together-152639,Drew Barrymore Is Secretly Having Sleepovers With Ex-Husband Will Kopelman
gossipcop-5347484528,www.bankrate.com/lifestyle/celebrity-money/jason-aldean-net-worth/,Jason Aldean Net Worth
gossipcop-9212719071,www.bustle.com/p/are-katy-perry-the-weeknd-dating-the-two-got-dinner-immediately-set-off-rumors-5525361,Are Katy Perry & The Weeknd Dating? The Two Got Dinner & Immediately Set Off Rumors
gossipcop-9503284683,www.lifeandstylemag.com/posts/katie-holmes-jamie-foxx-joshua-jackson-friendship-158804,"Jamie Foxx Is ""Upset"" That Katie Holmes and Joshua Jackson Are Talking Again (EXCLUSIVE)"
gossipcop-5663483713,www.billboard.com/articles/columns/rock/8015027/linkin-park-chester-bennington-tribute-concert-live-stream-watch,Watch Linkin Park's Chester Bennington Tribute Concert Live Stream
gossipcop-4117140885,wireler.com/justin-theroux-and-aubrey-plaza-intriguing-new-couple-alert/,Justin Theroux and Aubrey Plaza: Intriguing New Couple Alert? – Wireler
gossipcop-9578489765,www.j-14.com/posts/liam-payne-cheryl-cole-baby-name-128677,Liam Payne And Cheryl Cole Reportedly Fighting Over Baby Names
gossipcop-9067502868,www.newidea.com.au/selena-gomez-and-justin-bieber-planning-wedding-and-a-baby,Selena Gomez and Justin Bieber baby news
gossipcop-4963306668,www.eonline.com/news/883798/hollywood-s-expectant-moms-inside-mindy-kaling-s-private-and-solo-journey-to-baby,Hollywood's Expectant Moms: Inside Mindy Kaling's Private and Solo Journey to Baby
gossipcop-7105802899,www.newidea.com.au/brad-pitt-wins-custody-battle-angelina-jolie,Brad Pitt's custody victory over Angelina Jolie
gossipcop-5328443100,www.etonline.com/blake-shelton-calls-meeting-gwen-stefani-a-miracle-after-hitting-rock-bottom-104680,Blake Shelton Calls Meeting Gwen Stefani 'a Miracle' After 'Hitting Rock Bottom'
gossipcop-4251184835,www.news.com.au/entertainment/tv/reality-tv/kardashian-sisters-kim-khloe-and-kourtney-slammed-for-wearing-fur-coats/news-story/8860e2b9b77330a50133e135e8761d48,Kim Khloe Kourtney Kardashian slammed for ‘wearing fur’
gossipcop-1609349373,www.eonline.com/news/850988/throwback-alert-relive-pippa-middleton-s-scene-stealing-appearance-at-kate-middleton-s-wedding,Throwback Alert! Relive Pippa Middleton's Scene-Stealing Appearance at Kate Middleton's Wedding
gossipcop-1533690826,www.eonline.com/news/827379/nina-dobrev-nikki-reed-and-ian-somerhalder-have-been-friends-all-along,"Nina Dobrev, Nikki Reed and Ian Somerhalder Have Been Friends All Along"
gossipcop-6870389279,country929.com/daily-fix/daily-scoop/2018/05/selena-gomez-justin-theroux-may-dating-jennifer-aniston-freaking/,Selena Gomez & Justin Theroux May Be Dating And Jennifer Aniston Is Freaking Out
gossipcop-5066495912,www.pinterest.co.uk/pin/742671794777093813/,"Emma Stone, Justin Theroux Caught Showing PDA? #emmastone #emmastoneofficial #emmastones #emmastonearmy #emmastoneandandrewgarfield #e…"
gossipcop-4120648393,celebrityinsider.org/rihanna-has-been-on-and-off-with-hassan-jameel-for-two-years-surprising-revelations-mean-it-is-over-for-chris-brown-168831/,Rihanna Has Been On And Off With Hassan Jameel For Two Years — Surprising Revelations Mean It Is Over For Chris Brown
gossipcop-8210923472,www.theatlantic.com/entertainment/archive/2012/03/own-rearranges-deck-chairs-malia-obamas-redacted-spring-break/330368/,OWN Rearranges the Deck Chairs; Malia Obama's Redacted Spring Break
gossipcop-5705065905,www.foxnews.com/entertainment/2018/07/03/katherine-mcphee-and-david-foster-engaged-make-may-december-romance-official.html,"Katherine McPhee and David Foster engaged, make May-December romance official"
gossipcop-9674745872,www.eonline.com/shows/kardashians/videos/248069/kim-kardashian-gets-hysterical-over-lost-earring,Kim Kardashian Gets Hysterical Over Lost Earring on Kardashians
gossipcop-4298949105,www.wetpaint.com/kylie-jenner/page/2/,Kylie Jenner
gossipcop-6058975858,www.selftanning.com/bradley-cooper-self-tanning/,Are A-Listers Like Bradley Cooper Self Tanning?
gossipcop-9241910388,www.lifeandstylemag.com/posts/katie-holmes-jamie-foxx-joshua-jackson-friendship-158804,"Jamie Foxx Is ""Upset"" That Katie Holmes and Joshua Jackson Are Talking Again (EXCLUSIVE)"
gossipcop-2830084039,www.nytimes.com/2017/02/22/us/politics/devos-sessions-transgender-students-rights.html,Trump Rescinds Rules on Bathrooms for Transgender Students
gossipcop-3435438709,www.independent.ie/style/celebrity/celebrity-news/nick-grimshaw-is-spilling-on-alisters-angelina-jolie-is-cold-and-will-smith-fake-nice-37119834.html,Angelina Jolie is 'cold' and Will Smith 'fake nice'
gossipcop-4719539514,www.eonline.com/shows/e_news/news/915391/did-brad-pitt-cause-tension-in-jennifer-aniston-and-justin-theroux-s-marriage,Did Brad Pitt Cause Tension in Jennifer Aniston and Justin Theroux's Marriage? on E! News
gossipcop-6291217889,,Brad Pitt Threatening To Have Angelina Jolie Committed To Psych Ward 
gossipcop-721768716,hollywoodlife.com/2017/09/08/brad-pitt-fears-falling-in-love-again-angelina-jolie-divorce/,Brad Pitt ‘Fears Falling In Love Again’ After Angelina Jolie Divorce: Keeping It ‘Casual’ With Co-Star
gossipcop-8136305724,www.celebritynetworth.com/richest-athletes/nfl/eric-johnson-net-worth-2/,Eric Johnson Net Worth
gossipcop-4079796893,www.nbcsports.com/super-bowl,"Watch Super Bowl LII: Patriots vs Eagles, Stream live, date and time"
gossipcop-5879758005,,Khloe Kardashian Done
gossipcop-3054032558,www.dailymail.co.uk/tvshowbiz/article-5580823/Kylie-Jenner-takes-Twitter-refute-report-Kris-Jenner-guiding-Travis-Scott-Kanye-West.html,Kylie Jenner slams claim Kris is guiding Travis Scott and Kanye West
gossipcop-9507309467,www.thehollywoodgossip.com/2017/03/kim-kardashian-nude-cookbook-on-the-way/,Kim Kardashian: Nude Cookbook on the Way?!?
gossipcop-3350632620,hollywoodlife.com/2018/01/17/beyonce-jay-z-baby-gift-kim-kardashian-kanye-west-third-child-21k-bracelet/,Beyonce & Jay-Z’s Reported Baby Gift For Kim & Kanye West Costs $23k – Hollywood Life
gossipcop-9055104443,www.vanityfair.com/style/2017/10/jennifer-lopez-alex-rodriguez-cover-story,"J-Rod! Jennifer Lopez and Alex Rodriguez on Love, Beauty, and Redemption"
gossipcop-5376124345,www.infowars.com/report-obama-pleads-with-jay-z-to-prevent-other-hip-hop-artists-meeting-with-trump/,Report: Obama Pleads With Jay-Z to Prevent Other Hip Hop Artists Meeting With Trump
gossipcop-3554672356,www.harpersbazaar.com/culture/film-tv/a20677247/lifetime-prince-harry-meghan-markle-movie-recap/,The Scenes From Lifetime's 'Harry and Meghan' Movie That Probably Didn't Happen In Real Life
gossipcop-9832756908,www.imdb.com/news/ni61288597,"Cher Not Worried Chaz Bono Will Die From Weight Issues, Despite Fake News Story"
gossipcop-2414287507,hollywoodlife.com/2018/03/14/are-ben-affleck-jennifer-garner-getting-back-together-split-breakup/,Ben Affleck Reportedly Begging Jennifer Garner For Second Shot At Love: Will She Go Back To Him?
gossipcop-5409456006,radaronline.com/videos/angelina-jolie-crush-chris-hemsworth-working-together-movie/,Crushing On Chris! Inside Angelina Jolie’s Secret Plan To Woo Heartthrob Hemsworth
gossipcop-773793733,www.dailymail.co.uk/tvshowbiz/article-5510259/Why-did-Selena-Gomez-Justin-Bieber-break-up.html,Why did Selena Gomez and Justin Bieber break up?
gossipcop-4661831377,www.usatoday.com/story/life/people/2017/07/26/angelina-jolie-reveals-bells-palsy-diagnosis-breaks-silence-divorce-brad-pitt/513179001/,"Angelina Jolie reveals Bell's Palsy diagnosis, breaks silence on divorce from Brad Pitt"
gossipcop-9381045575,thebuzz.iheart.com/content/2017-09-16-fans-react-u2-cancels-st-louis-concert-amid-police-protests/,Fans React: U2 Cancels St. Louis Concert Amid Police Protests
gossipcop-7537940376,torontosun.com/2017/09/14/fergie-and-josh-duhamel-split/wcm/7cbbe99a-43f2-4e2b-9a0f-2eb9fae5af7c,Fergie and Josh Duhamel split
gossipcop-5427003799,www.etonline.com/ben-affleck-was-on-a-bender-before-jennifer-garner-took-him-to-rehab-source-says-108748,"Ben Affleck Was on a 'Bender' Before Jennifer Garner Took Him to Rehab, Source Says"
gossipcop-9770645166,www.tvinsider.com/696360/tom-selleck-reacts-magnum-pi-reboot-cbs/,Tom Selleck Weighs In on the 'Magnum P.I.' Reboot — And If He'll Make a Cameo
gossipcop-5058047358,en.wikipedia.org/wiki/Shapeshifting,Shapeshifting
gossipcop-9803355507,,Teri Hatcher Broke And Homeless
gossipcop-3829098404,allthingsoneplace.me/camilla-warned-meghan-markle-about-marrying-to-prince-harry/,Camilla Warned Meghan Markle About Marrying To Prince Harry
gossipcop-4530647042,www.thewrap.com/is-kathy-griffins-career-over-top-crisis-managers-weigh-in/,Is Kathy Griffin’s Career Over? Top Crisis Managers Weigh In
gossipcop-5333355881,www.nme.com/news/music/katy-perry-ends-six-year-beef-calvin-harris-2128100,Katy Perry ends six year beef with Calvin Harris
gossipcop-546100856,www.usmagazine.com/celebrity-moms/news/fergie-gives-birth-to-baby-boy-with-husband-josh-duhamel-2013298/,"Fergie Gives Birth: Singer, Josh Duhamel Welcome Baby Boy Axl Jack"
gossipcop-2799311243,people.com/home/property-brothers-drew-scott-engaged-to-linda-phan/,Property Brothers' Drew Scott Is Engaged to Linda Phan
gossipcop-7767457642,www.cosmopolitan.com/uk/entertainment/a10205909/tess-ward-dumped-harry-styles/,"Tess Ward dumped Harry Styles because she 'still has feelings for an ex', apparently"
gossipcop-1500928748,www.kvoo.com/shows/kristina-carlyle/why-did-blake-shelton-make-gwen-stefani-cry,Why Did Blake Shelton Make Gwen Stefani Cry?
gossipcop-1834960333,www.thehollywoodgossip.com/2018/01/rihanna-boyfriend-hassan-jameel-warning-chris-brown-to-stay-away/,Rihanna: Boyfriend Hassan Jameel Warning Chris Brown to Stay Away?!
gossipcop-3551471665,www.imdb.com/news/ni61582784/,Jesse Plemons Skipped Kirsten Dunst’s Movie Premiere To Avoid Wedding Questions?
gossipcop-4394027963,www.intouchweekly.com/posts/kourtney-kardashian-justin-bieber-pregnant-baby-123197/photos/kim-kardashian-225350,Pregnant Kourtney Kardashian Hangs out With Justin Bieber Amid Baby Daddy Drama
gossipcop-9781205099,www.dailymail.co.uk/news/article-4928382/Hugh-Hefner-s-wife-Crystal-Harris-inherit-nothing.html,Hugh Hefner's wife Crystal Harris 'will inherit nothing'
gossipcop-9981644007,www.theguardian.com/us-news/2017/mar/04/donald-trump-accuses-obama-of-wire-tapping-his-office-before-election,'This is McCarthyism!': Trump accuses Obama of 'wire-tapping' his office before election
gossipcop-3554906009,www.thehollywoodgossip.com/2018/03/gwen-stefani-and-blake-shelton-is-it-over/,Gwen Stefani: Dumped By Blake Shelton! Blindsided and Heartbroken!
gossipcop-4235263494,www.ok.co.uk/celebrity-feature/1344399/why-doesnt-kanye-west-smile-kim-kardashian-family-photo,This is why Kim Kardashian and Kanye West don't smile
gossipcop-3385854113,screenrant.com/nina-dobrev-ian-somerhalder-relationship-vampire-diaries-trivia-secrets/,15 Secrets Behind Nina Dobrev And Ian Somerhalder’s Relationship
gossipcop-8911336316,www.metro.us/entertainment/celebrities/ben-affleck-matt-damon-chris-hemsworth,Is Chris Hemsworth breaking up the Ben Affleck-Matt Damon friendship?
gossipcop-92814312,abc.go.com/shows/the-gong-show,Watch The Gong Show TV Show
gossipcop-986281088,www.celebritynetworth.com/richest-celebrities/actors/mar-anthony-net-worth/,Marc Anthony Net Worth
gossipcop-2727495678,people.com/tv/lena-dunham-affectionate-new-guy/,Lena Dunham Gets Affectionate with a New Guy 3 Months After Jack Antonoff Breakup
gossipcop-5125414392,www.dailymail.co.uk/tvshowbiz/article-5696931/Colin-Jost-calls-Scarlett-Johansson-girlfriend-time-SNL-dating-segment.html,Colin Jost calls Scarlett Johansson his 'girlfriend' for first time
gossipcop-4433782210,www.refinery29.com/2014/04/66981/george-clooney-rumors,Biggest George Clooney Rumors
gossipcop-4294249994,ew.com/news/2017/01/09/everyone-donald-trump-called-overrated-twitter/,Everyone Donald Trump Has Called 'Overrated' on Twitter
gossipcop-3250877891,www.dailymail.co.uk/tvshowbiz/article-5980043/Adam-Sandler-cuts-relaxed-figure-hangs-family.html,Adam Sandler cuts a relaxed figure as he hangs out with his family
gossipcop-1852746781,www.dailymail.co.uk/tvshowbiz/article-194182/Whats-Nicole-Kidman.html,What's up with Nicole Kidman?
gossipcop-5114867074,www.dailymail.co.uk/tvshowbiz/article-6005849/Beyonce-Jay-Z-hang-backstage-DJ-Khaled-son-Asahd-amid-pregnancy-rumors.html,Beyonce and Jay-Z hang out backstage with DJ Khaled and his son Asahd
gossipcop-1778809739,www.usmagazine.com/celebrity-moms/news/kim-kardashian-on-why-she-wont-have-more-than-four-kids/,Kim Kardashian on Why She Won’t Have More Than Four Kids
gossipcop-7415145896,www.usmagazine.com/entertainment/news/kris-jenner-talks-season-15-of-keeping-up-with-the-kardashians/,Kris Jenner Talks Season 15 of ‘Keeping Up With the Kardashians’
gossipcop-6876195891,variety.com/2018/film/news/list-2018-oscar-nominations-1202668757/,Full List of 2018 Oscar Nominations – Variety
gossipcop-1705101669,www.mercurynews.com/2017/09/28/kim-kardashian-says-caitlyn-jenner-lied-about-her-fathers-reasons-for-defending-o-j-simpson/,Kim Kardashian says Caitlyn Jenner lied about her father’s reasons for defending O.J. Simpson
gossipcop-297212227,www.newidea.com.au/brad-pitt-wins-the-kids,US report: Brad Pitt wins the kids
gossipcop-1064799299,hollywoodlife.com/2018/06/24/scott-disick-pinches-sofia-richie-butt-date-cheating-rumors/,Scott Disick Pinches Sofia Richie’s Butt As She Giggles During Date 3 Weeks After Cheating Rumors
gossipcop-117212997,www.theguardian.com/film/2016/sep/24/brangelina-divorce-pr-feeding-frenzy,"Brad Pitt, Angelina Jolie and the search for the perfect PR Hollywood divorce"
gossipcop-3793083965,hollywoodlife.com/2016/04/19/oj-simpson-wants-to-date-kris-jenner/,O.J. Simpson Desperate To Date Kris Jenner When Out of Prison — Report
gossipcop-7017911086,www.theguardian.com/books/2018/may/05/meghan-markle-royal-wedding-margo-jefferson,No Cinderella: Margo Jefferson on the real Meghan Markle
gossipcop-4669006800,www.yahoo.com/entertainment/meghan-markles-wedding-dress-going-display-heres-see-person-091459755.html,Meghan Markle's wedding dress is going on display — here's how to see it in person
gossipcop-1957482622,www.pinterest.co.uk/josh2578/selena-gomez-hollywood-life/,21 best Selena Gomez Hollywood Life images on Pinterest
gossipcop-3885971599,www.latimes.com/local/lanow/la-me-ln-bruce-jenner-involved-in-fatal-accident-in-malibu-20150207-story.html,"Malibu crash involving Bruce Jenner leaves 1 dead, 5 injured"
gossipcop-1680459589,www.msn.com/en-us/movies/celebrity/anna-faris-uncomfortable-watching-chris-pratt-zoe-saldana-romantic-scenes/ar-BBAI8S6?li=BBAn2Kg,"Anna Faris Uncomfortable Watching Chris Pratt, Zoe Saldana Romantic Scenes?"
gossipcop-9839314781,www.telegraph.co.uk/news/2017/02/07/madonna-wins-permission-adopt-two-children-malawi/,Madonna allowed to adopt four-year-old twin girls from Malawi who lost mother
gossipcop-3952009039,www.womenshealthmag.com/relationships/a19704346/danny-fujikawa-kate-hudson-boyfriend/,Meet Kate Hudson's Boyfriend and Baby Daddy
gossipcop-7064865875,evoke.ie/2017/08/13/showbiz/actress-ruth-negga-brad-pitt-ad-astra,Irish actress Ruth Negga to see her Hollywood star status SOAR
gossipcop-4400604522,,Miley Cyrus Jennifer Hudson Fighting
gossipcop-1472949555,pagesix.com/2011/11/15/jennifer-anistons-tearful-meeting-with-justin-therouxs-ex/,Jennifer Aniston’s ‘tearful’ meeting with Justin Theroux’s ex
gossipcop-7753730793,marriedbiography.com/is-ben-affleck-really-throwing-dinner-parties-just-to-have-single-ladies-over-find-out-here-full-story/,Is Ben Affleck really Throwing Dinner Parties Just to Have Single Ladies Over? Find out here Full Story! – Married Biography
gossipcop-9632038131,www.msn.com/en-us/movies/celebrity/george-clooney-amal-clooney-not-headed-for-split-despite-report/ar-BBJ9aoh,"George Clooney, Amal Clooney NOT Headed For Split, Despite Report"
gossipcop-4769910138,www.myajc.com/blog/talk-town/celebs-politicians-react-abc-cancels-roseanne/aDSV7riYVfs8gsQTsSXiRN/,"John Lewis, celebs react as ABC cancels ‘Roseanne’"
gossipcop-4005165025,www.pinterest.co.uk/usliposuction/celebrity-liposuction/,7 best Celebrity Liposuction images on Pinterest
gossipcop-7065786957,www.etonline.com/biggest-celebrity-feuds-2017-92730,The Biggest Celebrity Feuds of 2017
gossipcop-3937009586,www.ibtimes.co.in/what-brad-pitt-smitten-by-young-angelina-jolie-lookalike-746231,What! Brad Pitt is smitten by a young Angelina Jolie-lookalike?
gossipcop-2408301637,www.newidea.com.au/brad-pitt-and-princess-charlotte-baby-news,Brad Pitt and Princess Charlotte baby news
gossipcop-5327470451,wbul.iheart.com/content/2017-04-17-mary-j-blige-hacked-did-not-write-kendu-isaacs-hate-tweet/,"Mary J. Blige Hacked, Did Not Write Kendu Isaacs Hate Tweet"
gossipcop-3004058768,www.newsweek.com/travis-scott-isnt-nervous-about-kardashian-curse-he-doesnt-spotlight-1028075,Where Is Travis Scott? Why Kylie Jenner's Boyfriend Avoids the Spotlight
gossipcop-1333002237,www.hellomagazine.com/celebrities/2018072350450/cheryl-liam-payne-split-statement-cringeworthy/,Cheryl admits her Liam Payne split statement was 'cringeworthy'
gossipcop-3075194602,,He Will Not Divide Us El Rey Theater
gossipcop-4651510697,www.wonderwall.com/celebrity/photos/mariah-careys-new-years-eve-mishap-not-caused-by-drugs-and-alcohol-despite-report-1954154.article?photoId=194783,"Mariah Carey's New Year's Eve Mishap NOT Caused By Drugs And Alcohol, Despite Report"
gossipcop-9320862502,www.newscrane.com/tom-cruise-hired-dating-coach/,Tom Cruise Hired Dating Coach?
gossipcop-2388806885,www.vox.com/culture/2018/4/25/17248084/r-kelly-sexual-misconduct-allegations-timeline,"Sexual misconduct allegations against R. Kelly spanning 24 years, in one timeline"
gossipcop-8573181426,radaronline.com/photos/kris-jenner-and-corey-gamble-party-in-monaco/,Kris Jenner And Corey Gamble Party In Monaco – See The Photos
gossipcop-9952496143,www.uitvconnect.com/uitv-player/video/kris-jenner-behind-kourtney-kardashian-scott-disick-sofia-richie-love-triangle,"Kris Jenner Behind Kourtney Kardashian, Scott Disick, Sofia Richie Love Triangle?"
gossipcop-4988611075,popculture.com/reality-tv/2018/07/03/kim-kardashian-kanye-west-divorce-rumors-proven-false/,Kim Kardashian-Kanye West Divorce Rumors Proven False
gossipcop-4628620511,www.newidea.com.au/humiliation-for-kris-jenner-why-toyboy-corey-dumped-her,Humiliation for Kris Jenner: Why toyboy Corey dumped her
gossipcop-7650736219,www.refinery29.com/2017/03/143303/justin-timberlake-jessica-biel-relationship-goals-history,Definitive Proof That Justin Timberlake & Jessica Biel Are Stronger Than Ever
gossipcop-1634815619,www.twoeggz.com/int/6359438.html,Dolly Parton: California’s ‘Biblical Disasters’ Punishment For ‘Embracing Satan’
gossipcop-2764114263,apnews.com/fbe4b160181b4122b3c83335255864da,"Rihanna's in, Wang is out: A preview of NY Fashion Week"
gossipcop-1416257068,www.wbur.org/cognoscenti/2018/04/30/kate-middleton-postpartum-cloe-axelson,"Sure, Kate Middleton Looks Great — But Let’s Talk About What Giving Birth Really Does To Women’s Bodies"
gossipcop-7075569039,www.dailymail.co.uk/tvshowbiz/article-1334428/Johnny-Depp-Disney-bosses-stand-Jack-Sparrow-thought-character-gay.html,Johnny Depp: Disney bosses couldn't stand Jack Sparrow and thought character was gay
gossipcop-7194230125,www.eonline.com/news/946039/blake-shelton-says-he-has-a-stronger-bond-with-gwen-stefani-every-day,"Blake Shelton Says He Has a ""Stronger Bond"" With Gwen Stefani Every Day"
gossipcop-5180376820,www.townandcountrymag.com/society/tradition/a19479777/prince-harry-meghan-markle-prenuptial-agreement/,Why Prince Harry Didn't Get a Prenup Before Marrying Meghan Markle
gossipcop-6695779931,people.com/parents/jay-z-reveals-why-he-beyonce-chose-names-rumi-sir/,JAY-Z Reveals Why He and Beyoncé Chose the Names Rumi and Sir for Their Twins
gossipcop-1858591919,thegreekobserver.com/greece/lifestyle/article/34309/lindsay-lohan-opening-second-club-greece/,Is Lindsay Lohan opening a second club in Greece?
gossipcop-6657816677,www.usatoday.com/story/life/entertainthis/2018/04/09/alex-rodriguez-facetimes-jennifer-lopez-ellen-degeneres/498248002/,"Alex Rodriguez says if you want Jennifer Lopez's love, you have to answer her calls"
gossipcop-5782536182,www.msn.com/en-us/tv/celebrity/khloe-kardashian-canceling-promo-appearances-because-of-pregnancy/ar-AAuDLiK,Khloe Kardashian Canceling Promo Appearances Because Of Pregnancy?
gossipcop-2109585389,hollywoodlife.com/2018/08/02/is-brad-pitt-upset-angelina-jolie-adoption-plans/,Brad Pitt Upset Over Angelina Jolie’s Rumored Plans To Adopt? — Would He Adopt Again Too?
gossipcop-66337376,,Ariel Winter ’ s Friends She ’ s About To Elope With Levi Meaden 
gossipcop-3065448799,garner315.rssing.com/chan-9362901/all_p13.html,Jennifer Garner – Gossip Cop
gossipcop-1674483293,www.irishtimes.com/culture/music/justin-bieber-s-tour-cancellation-i-want-to-be-sustainable-1.3175464,Justin Bieber’s tour cancellation: ‘I want to be sustainable’
gossipcop-2803104098,www.etonline.com/biggest-celebrity-feuds-2017-92730,The Biggest Celebrity Feuds of 2017
gossipcop-4853076939,radaronline.com/exclusives/2017/08/savannah-chrisley-luke-kennard-split-dumped-dating-two-months/,Savannah Chrisley Dumped By NBA Player Boyfriend Luke Kennard
gossipcop-9154457624,hollywoodlife.com/2017/10/23/angelina-jolie-bulging-veins-arms-legs-surgeon-brad-pitt/,Should Angelina Jolie Be Concerned About Bulging Veins In Arms & Legs? — Surgeon Speaks
gossipcop-4083945973,www.thehollywoodgossip.com/2017/08/jennifer-lopez-and-alex-rodriguez-wedding-on-the-way/,Jennifer Lopez and Alex Rodriguez: Wedding on the Way?!
gossipcop-9750435466,www.iheart.com/content/2017-04-20-karrueche-tran-manager-slams-chris-brown-attorney-domestic-violence-is-real-not-self-promotion/,"Karrueche Tran Manager Slams Chris Brown Attorney: Domestic Violence Is Real, Not Self-Promotion"
gossipcop-3136026341,hollywoodlife.com/2018/03/13/zayn-malik-gigi-hadid-split-getting-back-together/,Zayn Malik & Gigi Hadid’s Shocking Split: Why There’s A Chance They’ll Reunite ‘Down The Line’
gossipcop-6239092761,www.nationalenquirer.com/celebrity/beyonce-jay-z-billion-dollar-divorce/,Beyoncé Heading To $1 Billion Divorce
gossipcop-253060842,www.intouchweekly.com/posts/sister-wives-kody-brown-robyn-153443,Robyn Is the Only Wife Standing by Kody Brown Amid 'Sister Wives' Cancellation
gossipcop-5007261402,,Ellen DeGeneres Portia de Rossi 10th Anniversary Disaster
gossipcop-4932051493,en.wikipedia.org/wiki/Richard_Gere,Richard Gere
gossipcop-8306634484,www.popsugar.com/celebrity/Sexy-Gigi-Hadid-GIFs-40644278,Sexy Gigi Hadid GIFs
gossipcop-9427889313,www.imdb.com/news/ni61355452,"Angelina Jolie Never Considered Reuniting With Brad Pitt, Despite Fake News Story"
gossipcop-5953291579,www.nme.com/news/music/the-spice-girls-report-2018-reunion-new-album-tv-special-2158664,The Spice Girls reportedly set for 2018 reunion and new album
gossipcop-344987006,www.entertainmentdaily.co.uk/news/victoria-beckham-reportedly-furious-about-davids-female-friend/,Victoria Beckham reportedly furious about David's female friend
gossipcop-9077631034,www.dailymail.co.uk/tvshowbiz/article-2230172/Animal-lover-Robert-Pattinson-reveals-rescue-dog-pampered-pooch-overnight.html,Animal lover Robert Pattinson reveals how his rescue dog became a pampered pooch overnight
gossipcop-5669859158,tasteofcountry.com/harry-styles-style-shania-twain/,Harry Styles' Style Icon? Shania Twain!
gossipcop-1636531105,hollywoodlife.com/2017/08/25/nick-viall-vanessa-grimaldi-break-up-reason-the-bachelor/,Nick Viall & Vanessa Grimaldi Split: Why ‘They Never Had A Chance Of Making It Work’
gossipcop-190525100,i.stuff.co.nz/life-style/fashion/106509869/kendall-jenner-angers-modelling-community-refers-to-working-models-as-those-girls,"Kendall Jenner angers modelling community, refers to working models as 'those girls'"
gossipcop-2734628654,www.eonline.com/videos/236823/nicole-kidman-and-keith-urban-gush-over-daughters,Nicole Kidman and Keith Urban Gush Over Daughters
gossipcop-868134635,thestir.cafemom.com/celebrities/213215/katie-holmes-jamie-foxx-date-post-breakup,New Pic of Katie Holmes & Jamie Foxx on a Date After Breakup Ignites Criticism
gossipcop-8786715957,www.dailymail.co.uk/tvshowbiz/article-5401141/Are-Brad-Pitt-Jennifer-Aniston-getting-together.html,Are Brad Pitt and Jennifer Aniston getting back together?
gossipcop-9871580433,www.thecut.com/2018/03/jennifer-anistons-ex-justin-theroux-seen-with-aubrey-plaza.html,"Well, Well, Well, Justin Theroux Is Hanging Out With Aubrey Plaza"
gossipcop-2785640774,revolt.tv/stories/2017/08/14/celebrities-react-white-nationalists-rally-charlottesville-va-07007a3eab,"Celebrities react to white nationalists rally in Charlottesville, Va."
gossipcop-3226781929,www.ibtimes.com/angelina-jolies-secret-shopping-fix-not-target-source-says-2635077,"Angelina Jolie’s ‘Secret Shopping Fix’ Is Not Target, Source Says"
gossipcop-5267274264,www.dailymail.co.uk/news/article-4410398/Caitlyn-Jenner-planning-NUDE-photo-shoot.html,Caitlyn Jenner is planning a NUDE photo shoot
gossipcop-7735472514,people.com/tv/kim-kardashian-calls-caitlyn-jenner-liar/,Kim Kardashian Slams 'Liar' Caitlyn Jenner for Comments About Late Father Robert: 'She Is Not a Good Person'
gossipcop-8706903729,www.popsugar.com/celebrity/Dakota-Johnson-Chris-Martin-Dating-44356383,Are Dakota Johnson and Chris Martin Dating?
gossipcop-470066082,heavy.com/entertainment/2017/09/demi-lovato-sexuality-lesbian-dating-girlfriend-rumors-lyrics-photos/,Demi Lovato’s Sexuality: 5 Fast Facts You Need to Know
gossipcop-4183480644,www.cbsnews.com/news/21st-century-fox-knew-of-bill-oreilly-settlement-before-renewing-contract/,Fox knew of Bill O'Reilly harassment settlement before renewing contract
gossipcop-5519835041,www.today.com/video/happy-birthday-kathie-lee-see-kris-jenner-and-craig-ferguson-s-sweet-messages-1300249667594,"Happy birthday, Kathie Lee! See Kris Jenner and Craig Ferguson’s sweet messages"
gossipcop-179256935,www.nytimes.com/2012/08/17/t-magazine/miranda-kerr-goes-kiwi.html,Miranda Kerr Goes Kiwi
gossipcop-7874376308,www.dailymail.co.uk/tvshowbiz/article-2316929/Ellen-DeGeneres-beams-wife-Portia-Rossi-shows-svelte-figure-black-frock-premiere-party.html,Ellen DeGeneres beams as wife Portia de Rossi shows off her svelte figure in black frock at premiere party
gossipcop-3121542397,www.bravotv.com/lookbook/britney-spears-and-sam-asghari-couples-workout,Britney Spears and Her BF Do the Craziest Couples Workout You’ve Ever Seen
gossipcop-9452075412,www.etonline.com/kanye-west-admits-he-was-hurt-when-jay-z-and-beyonce-missed-his-and-kim-kardashians-wedding-101426,Kanye West Admits He Was 'Hurt' When JAY-Z and Beyonce Missed His and Kim Kardashian's Wedding
gossipcop-9627008778,people.com/movies/inside-ben-affleck-jennifer-garners-divorce-one-year-anniversary-filing/,Inside Ben Affleck and Jennifer Garner's Divorce on the One-Year Anniversary of Their Filing
gossipcop-576948808,www.thesun.co.uk/tvandshowbiz/6013819/brad-pitt-neri-oxman-dating-angelina-jolie-split/,Brad Pitt and uni professor Neri Oxman ‘have been seeing each other for SIX months’ following Angelina Jolie split
gossipcop-1702570445,www.inquisitr.com/4488994/is-mariah-carey-forbidding-bryan-tanaka-from-seeing-her-without-clothes-makeup-on-debunked/,Is Mariah Carey Forbidding Bryan Tanaka From Seeing Her Without Clothes And Makeup On? [Debunked]
gossipcop-2965059427,people.com/tv/hoda-kotb-keeps-in-touch-matt-lauer/,Hoda Kotb Says She Still 'Keeps in Touch' with Matt Lauer After His Today Show Firing
gossipcop-9963883871,,Josh Duhamel Playing Stepdad To Jennifer Garner  Ben Affleck ’ s Kids 
gossipcop-3092036275,www.celebuzz.com/2017-07-03/did-beyonce-and-jay-z-spend-10-million-on-their-newborn-twins/,Did Beyoncé and Jay-Z Spend $10 Million on Their Newborn Twins?
gossipcop-4157369613,marriedbiography.com/new-girlshow-is-suffering-when-its-co-stars-zooey-deschanel-and-jake-johnsons-feud-on-the-set-not-having-an-affair-then-why-such-fight/,“New Girl”show is suffering when co-stars Zooey & Jake’s feud on the set…Not having an affair then why such fight? Is it because of Zooey’s pregnancy mood swings? – Married Biography
gossipcop-7648194244,www.wmagazine.com/story/ryan-gosling-mourns-dog-bladerunner-2049,Ryan Gosling Mourns Loss Of Beloved Dog While Promoting Bladerunner 2049
gossipcop-8817051852,www.theguardian.com/film/2017/sep/15/breathe-review-andrew-garfield-andy-serkis-robin-cavendish-toronto-film-festival-tiff,Breathe review – Andrew Garfield fronts poignant biopic of wheelchair pioneer
gossipcop-994232799,www.cnn.com/2017/12/15/europe/prince-harry-meghan-markle-wedding-intl/index.html,"Prince Harry and Meghan Markle to wed on May 19, 2018"
gossipcop-4006218901,radaronline.com/videos/selena-gomez-rehab-treatment-center-drugs-breakdown-fears-relapse/,Selena’s Hell! Gomez Goes To Rehab As Friends Fear Another Drug Relapse
gossipcop-220541845,www.hollywoodreporter.com/features/jennifer-aniston-reveals-struggles-dyslexia-764854,"Jennifer Aniston Reveals Struggles With Dyslexia, Anger; Shrugs Off Oscar Snub"
gossipcop-480839832,hollywoodlife.com/2018/07/17/beyonce-potential-pregnancy-fans-demand-answers-tweets/,Beyonce: Fans Beg Her To ‘Tell Us She’s Pregnant’ After Performance In Bodysuit — See Tweets
gossipcop-9067064195,www.inquisitr.com/4695812/tom-cruise-dating-in-disguise-women-chosen-by-scientology-not-quite-yet-holmes-is-queen-of-secretive-romance/,"Tom Cruise Dating In Disguise, Women Chosen By Scientology? Not Quite, Yet Holmes Is Queen Of Secret Romance"
gossipcop-4649553091,www.inquisitr.com/3967677/is-today-billy-bush-begging-to-be-on-dwts-even-willing-to-take-pay-cut/,Is Billy Bush Begging To Be On ‘DWTS 2017?’ [UPDATE]
gossipcop-2049352387,en.wikipedia.org/wiki/Katie_Holmes,Katie Holmes
gossipcop-3291310272,www.iheart.com/content/2017-01-26-are-selena-gomez-the-weeknd-working-on-a-movie-together/,Are Selena Gomez & The Weeknd Working On A Movie Together?
gossipcop-7278164019,www.celebitchy.com/13679/brad_pitt_and_jennifer_aniston_might_run_into_each_other_at_toronto_film_festival/,Brad Pitt and Jennifer Aniston might see each other at film festival
gossipcop-7488579792,au.be.yahoo.com/brad-pitts-secret-love-child-shock-claims-40027829.html,Brad Pitt has a 'secret love child'
gossipcop-1026488145,www.ipopla.com/cougar-angelina-jolie-sinks-her-claws-into-hottie-garrett-hedlund/,Cougar Angelina Jolie Sinks Her Claws Into Hottie Garrett Hedlund
gossipcop-3970231049,www.bustle.com/p/why-isnt-gwen-stefani-coaching-the-voice-season-13-she-could-come-back-before-you-know-it-2443445,Why Isn't Gwen Stefani Coaching 'The Voice' Season 13? She Could Come Back Before You Know It
gossipcop-1812006033,www.nationalenquirer.com/celebrity/angelina-jolies-french-obsession/,Angelina Jolie’s French Obsession
gossipcop-4382603780,people.com/music/jennifer-lopez-alex-rodriguez-christmas-miami-families/,Jennifer Lopez and Alex Rodriguez Celebrate Christmas in Miami with Their Families
gossipcop-1369804075,www.glamourmagazine.co.uk/gallery/actors-who-missed-out-on-roles,The roles these actors & actresses *nearly* played
gossipcop-3039273843,radaronline.com/videos/selena-gomez-rehab-treatment-center-drugs-breakdown-fears-relapse/,Selena’s Hell! Gomez Goes To Rehab As Friends Fear Another Drug Relapse
gossipcop-7855644753,www.businessinsider.com/kanye-west-fans-plan-hey-mama-day-for-taylor-swifts-album-release-2017-8,Kanye West fans are planning 'Hey Mama Day' in response to Taylor Swift's upcoming album release
gossipcop-3874323665,www.elle.com/culture/celebrities/a19674683/justin-bieber-wants-selena-gomez-back-report/,All Justin Bieber Wants Is to Get Back Together With Selena Gomez
gossipcop-1452761710,www.intouchweekly.com/posts/beyonce-jay-z-twins-difficult-delivery-135164,"Beyoncé and Husband JAY-Z Experienced a Difficult Delivery During the Birth of Their Twins: ""There Was a Lot of Drama"" (EXCLUSIVE)"
gossipcop-9025333204,www.celebritynetworth.com/richest-celebrities/actors/margot-robbie-net-worth/,Margot Robbie Net Worth
gossipcop-7743278999,www.ellentube.com/episode/michael-strahan-sam-smith.html,"Michael Strahan, Sam Smith"
gossipcop-4080844671,www.imdb.com/news/ni61441109,"Miranda Lambert, Anderson East Not Copying Blake Shelton, Gwen Stefani With Duet"
gossipcop-3807603124,www.lifeandstylemag.com/posts/gigi-hadid-zayn-malik-anxiety-136678,Gigi Hadid Begs Zayn Malik to Quit Touring Due to Severe Panic Attacks (EXCLUSIVE)
gossipcop-3889112616,www.cosmopolitan.com/entertainment/a19603522/angelina-jolie-dating-real-estate-agent-new-boyfriend/,​Angelina Jolie Is Secretly Dating a Handsome Older Guy
gossipcop-2313840819,www.tmz.com/2017/06/15/karrueche-tran-testifies-court-chris-brown-restraining-order/,Karrueche Tran Granted Five Year Restraining Order Against Chris Brown
gossipcop-1635033289,www.her.ie/celeb/her-girl-crush-eleven-reasons-we-love-and-adore-angelina-jolie-121939,Her Girl Crush... Eleven Reasons We Love And Adore Angelina Jolie
gossipcop-8978702474,trace.tv/people/rihanna-shocked-by-the-secret-child-of-chris-brown/,Rihanna: shocked by the secret child of Chris Brown!
gossipcop-4442083577,www.wmagazine.com/story/brad-pitt-single-relationship-rumors-neri-oxman,"Brad Pitt Is Still Single, Despite Rumors He's Dating MIT Professor Neri Oxman"
gossipcop-8682242374,www.usatoday.com/story/life/people/2016/09/22/reports-brad-pitt-accused-child-abuse-under-investigation/90825098/,"Brad Pitt, accused of child abuse, is under investigation"
gossipcop-224954887,www.cosmopolitan.com.au/celebrity/leonardo-dicaprio-brad-pitt-film-once-upon-a-time-in-hollywood-27249,Leo DiCaprio teases first pic of him and Brad Pitt looking like retro honeys in their new film
gossipcop-1901912137,www.lifeandstylemag.com/posts/angelina-jolie-brad-pitt-kids-custody-123527/photos/brad-pitt-angelina-jolie-quote-9-191004,Angelina Jolie Forced to Hand Over Kids to Brad Pitt Amid Custody Battle (EXCLUSIVE)
gossipcop-9798099264,www.eonline.com/news/950285/why-selena-gomez-wasn-t-the-woman-for-justin-bieber-after-all,Why Selena Gomez Wasn't the Woman for Justin Bieber After All
gossipcop-7216746106,www.biphoo.com/celebrity/selena-gomez/news/selena-gomez-justin-bieber-have-epic-new-years-eve-plans,Selena Gomez & Justin Bieber Have 'Epic' New Year's Eve Plans
gossipcop-6869448706,b100wobb.iheart.com/featured/kirsten/content/2017-12-11-watch-blake-shelton-performs-in-underwear-sorta/,WATCH: Blake Shelton Performs In Underwear?! Sorta...
gossipcop-2495820451,www.eonline.com/news/897660/chris-pratt-files-for-divorce-from-anna-farris,Chris Pratt Files for Divorce From Anna Faris
gossipcop-3618455117,www.ibtimes.com/brad-pitts-rumored-girlfriend-not-assisting-actors-sobriety-amid-angelina-jolie-2684279,Brad Pitt’s Rumored Girlfriend Not Assisting Actor’s Sobriety Amid Angelina Jolie Divorce
gossipcop-1828135129,www.cbsnews.com/news/thomas-markle-prince-harry-politics-missing-daughter-meghan-royal-wedding/,"Thomas Markle on Prince Harry, politics, and missing daughter Meghan's royal wedding"
gossipcop-7975580593,www.nationalenquirer.com/photos/brad-pitt-dating-professor-neri-oxman/,Brad Pitt Rents Summer Love Nest For His Brainy Beauty
gossipcop-7521939835,www.cosmopolitan.com/uk/entertainment/news/a33864/kim-kardashian-adweek-selfies-ridiculous/,Kim Kardashian admits her selfie obsession is a bit ridiculous
gossipcop-6733151531,www.newidea.com.au/camilla-royal-feud-meghan-markle,Camilla and Eugenie attack Kate and Meghan in shock public row
gossipcop-5216936638,www.express.co.uk/news/royal/995569/meghan-markle-prince-harry-relationship-duchess-of-sussex-royal-news,Meghan Markle and Prince Harry are 'INFATUATED' and 'still getting to know each other'
gossipcop-6414003834,metro.co.uk/2018/04/17/justin-theroux-looks-far-glum-jennifer-aniston-split-shows-off-guns-coffee-date-7473529/,Justin Theroux looks far from glum about Jennifer Aniston split as he shows off guns on coffee date
gossipcop-4341857401,www.msn.com/en-ca/news/video/stop-asking-scott-eastwood-about-star-wars/vp-BBKqh9R,Stop asking Scott Eastwood about Star Wars
gossipcop-5723842911,hollywoodlife.com/2017/03/07/ed-sheeran-slept-with-taylor-swift-friends-surprising-reaction/,Taylor Swift Upset Ed Sheeran Slept With Members Of Her Girl Squad? The Truth
gossipcop-6619290126,hollywoodlife.com/2017/04/14/caitlyn-jenner-surgery-gender-reassignment-healing-process/,Caitlyn Jenner’s Reassignment Surgery: Inside Her ‘Reclusive’ Healing Process
gossipcop-9755892564,www.etonline.com/media/videos/kim-kardashian-reveals-her-limit-on-kids-with-kanye-west-98250,Kim Kardashian Reveals Her Limit on Kids With Kanye West
gossipcop-2850498997,www.intouchweekly.com/posts/kim-kardashian-kanye-west-divorce-ending-marriage-162453,"Kim Kardashian Is Considering Leaving Kanye West After His Latest Outburst: ""It's Over"" (EXCLUSIVE)"
gossipcop-2116458,www.raredr.com/news/brad-pitt-rare-disease,Does Brad Pitt Have a Rare Disease?
gossipcop-1716370499,www.thethings.com/fifty-shades-of-dakota-15-things-people-dont-know-about-dakota-johnson/,Fifty Shades Of Dakota: 15 Things People Don't Know About Dakota Johnson
gossipcop-3165034309,www.newsweek.com/tom-arnold-trump-tapes-michael-cohen-viceland-apprentice-plea-deal-flipping-1084088,Tom Arnold Says Michael Cohen and He Are 'Taking Down Donald Trump' Amid Plea Deal
gossipcop-8528825029,time.com/4775633/donald-trump-stephen-colbert-cnn-msnbc-chris-cuomo/,"President Trump Attacks 'Lunatic,' 'No-Talent,' 'Dumbest Person' in TV"
gossipcop-8119809755,www.usmagazine.com/celebrity-news/news/chris-brown-soulja-boy-feud-over-karreuche-tran-w458787/,"Chris Brown, Soulja Boy Feud Over Karreuche Tran"
gossipcop-9190177479,www.eonline.com/news/851200/how-jerry-o-connell-knew-he-wasn-t-going-to-get-the-job-on-live-with-kelly,How Jerry O'Connell Knew He Wasn't Going to Get the Job on Live! With Kelly
gossipcop-645995617,www.iol.co.za/entertainment/celebrity-news/jay-z-views-kanye-west-as-a-pesky-fly-10109891,Jay-Z views Kanye West as a 'pesky fly'
gossipcop-497018593,radaronline.com/exclusives/2017/06/caitlyn-jenner-online-dating-sites-cyber-hookups/,Digital Diva! Inside Caitlyn Jenner’s Secret Cyber Hookups
gossipcop-9250386784,hollywoodlife.com/2017/07/26/jennifer-lopez-alex-rodriguez-kisses-next-level-dating/,J.Lo ‘Wild’ Over A-Rod’s ‘Passionate’ Kisses — Their Make Outs Are ‘Next Level’
gossipcop-1266889667,heatworld.com/celebrity/news/caitlyn-jenner-celebrity-big-brother/,Is CAITLYN JENNER going into Celebrity Big Brother?
gossipcop-9344082150,www.msn.com/en-au/entertainment/celebrity/chris-martin-and-dakota-johnson-%E2%80%98ready-to-move-in-together%E2%80%99/ar-AAzIoiP,Chris Martin and Dakota Johnson ‘ready to move in together’
gossipcop-7404608123,www.newidea.com.au/jennifer-aniston-pregnant-and-in-hiding,Jennifer Aniston's shock news: Pregnant and in hiding
gossipcop-4651878661,www.dailymotion.com/video/x6o54pi,"Meghan Markle, Kate Middleton friendship NOT “exaggerated”"
gossipcop-4271815483,www.usatoday.com/story/life/2018/01/16/kim-kardashian-and-kanye-wests-new-baby-girl-here-born-via-surrogate/1036527001/,"Kim Kardashian and Kanye West's new baby girl is here, born via surrogate"
gossipcop-7025900082,www.newidea.com.au/jennifer-aniston-dumped-by-justin-theroux,US report: Jennifer Aniston 'dumped on her 49th birthday'
gossipcop-2527168819,www.dailymail.co.uk/tvshowbiz/article-2223322/Taylor-Swift-Conor-Kennedy-split-amid-claims-singer-came-strong-obsessed-Kennedys.html,Taylor Swift and Conor Kennedy split amid claims singer came on too strong and was obsessed with Kennedys
gossipcop-5600980278,hollywoodlife.com/2017/08/27/anna-faris-healing-after-split-chris-pratt-me-time/,Anna Faris Focused On Healing Her Broken Heart After Chris Pratt Split — It’s ‘Me Time’
gossipcop-2962102677,www.newidea.com.au/richard-gere-dumps-julia-roberts,Richard Gere ‘dumps Julia Roberts’
gossipcop-799949763,www.msn.com/en-us/tv/celebrity/roseanne-not-pushing-kabbalah-on-co-stars-despite-reports/ar-AAwmjrs,"Roseanne Not Pushing Kabbalah On Co-Stars, Despite Reports"
gossipcop-6357587137,en.wikipedia.org/wiki/Wonder_Wheel_(film),Wonder Wheel (film)
gossipcop-9815439374,www.billboard.com/articles/columns/pop/8455548/kelly-clarkson-jennifer-hudson-returning-the-voice-season-15,Kelly Clarkson & Jennifer Hudson Are Returning to Coach 'The Voice' Season 15
gossipcop-5327143369,www.imdb.com/news/ni61371337,Michelle Pfeiffer Covers Face In Public To Hide Wrinkles?
gossipcop-2294122233,okmagazine.com/news/star-bodies-get-gwen-stefanis-rock-hard-abs-3-simple-exercises/,Star Bodies! Get Gwen Stefani's Rock Hard Abs With 3 Simple Exercises
gossipcop-7572618844,www.nytimes.com/2017/05/31/us/politics/covfefe-trump-twitter.html,What’s a ‘Covfefe’? Trump Tweet Unites a Bewildered Nation
gossipcop-4154743873,www.inquisitr.com/4535920/meghan-markle-has-easier-ride-with-prince-harrys-royal-family-than-her-own-regarding-future/,Meghan Markle Has Easier Ride With Prince Harry’s Royal Family Than Her Own Regarding Future?
gossipcop-5668487773,honey.nine.com.au/2018/04/19/17/06/kate-middleton-meghan-markle-jealous,Kate Middleton will never be jealous of Meghan Markle; here's why
gossipcop-2913146907,www.aol.com/article/entertainment/2018/02/01/ellen-degeneres-wife-portia-de-rossi-makes-her-cry-with-60th-birthday-gift/23350602/,Ellen DeGeneres' wife Portia de Rossi makes her cry with 60th birthday gift
gossipcop-4667952878,www.foxnews.com/entertainment/2017/12/13/are-brad-pitt-and-jennifer-lawrence-dating.html,Are Brad Pitt and Jennifer Lawrence dating?
gossipcop-5997198933,www.dailymail.co.uk/tvshowbiz/article-4567132/Jon-Hamm-talks-Jennifer-Westfeldt-split.html,Jon Hamm talks Jennifer Westfeldt split
gossipcop-6733555194,ew.com/tv/2017/01/18/oitnb-taryn-manning-quit/,Taryn Manning is not leaving 'Orange is The New Black'
gossipcop-4953360352,www.eonline.com/news/955339/why-taylor-swift-and-selena-gomez-s-friendship-is-stronger-than-ever,Why Taylor Swift and Selena Gomez's Friendship Is Stronger Than Ever
gossipcop-7917664499,www.etonline.com/news/212943_ben_affleck_history_with_alcohol_addiction_a_timeline_of_the_actor_struggles_and_road_to_recovery,Ben Affleck's History With Alcohol Addiction: A Timeline of the Actor's Struggles and Road to Recovery
gossipcop-5986384765,www.cnn.com/2018/07/31/politics/donald-trump-rudy-giuliani/index.html,The secret Donald Trump and Rudy Giuliani know about the Russia probe
gossipcop-4790479997,radaronline.com/exclusives/2017/06/will-ferrell-amy-poehler-cant-stand-each-other/,‘House’ Divided! Co-stars Will Ferrell And Amy Poehler ‘Can’t Stand Each Other!’
gossipcop-2745072180,www.ibtimes.co.in/angelina-jolie-headed-physical-meltdown-actress-going-without-food-sleep-754758,Angelina Jolie headed for a 'physical meltdown' as actress 'going without food or sleep'?
gossipcop-9512231101,www.eonline.com/news/963785/jennifer-lopez-and-alex-rodriguez-avoid-run-in-with-casper-smart,Jennifer Lopez and Alex Rodriguez Avoid Run-In With Casper Smart
gossipcop-693095047,economictimes.indiatimes.com/magazines/panache/angelina-jolie-gets-new-divorce-lawyer-amidst-custody-battle-with-brad-pitt/articleshow/65573529.cms,Angelina Jolie gets new divorce lawyer amidst custody battle with Brad Pitt
gossipcop-5940521758,www.eonline.com/news/919210/justin-bieber-and-selena-gomez-taking-some-space-but-don-t-call-it-a-breakup,Justin Bieber and Selena Gomez Taking Some Space—But Don’t Call It a Breakup
gossipcop-9660207460,hollywoodlife.com/2017/01/12/did-miley-cyrus-liam-hemsworth-get-married-new-years-eve/,Miley Cyrus & Liam Hemsworth Married On New Years? The Truth Finally Revealed
gossipcop-5349500516,,Sofia Richie Channeling Kourtney Kardashian
gossipcop-3230976793,hollywoodlife.com/2018/01/30/kim-kardashian-new-nude-pics-sexy-game-kanye-west-turned-on/,"Kim Kardashian’s New Nude Pics Are ‘Part Of A Sexy, Flirtatious Game’ With Kanye West"
gossipcop-4376228304,observer.com/2018/07/scott-disick-sofia-richie-relationship-moving-in-together/,Scott Disick and Sofia Richie Reached Another Relationship Milestone
gossipcop-1353842476,,    The Voice The Voice Team NOT Surprised Surprised Adam Levine   Behati Prinsloo Pregnant Again Before Blake Shelton Gwen Stefani
gossipcop-5127006637,www.mtv.com/news/3010143/miley-cyrus-rap-comments/,Miley Cyrus Says She Respects 'ALL Artists Who Speak Their Truth' After Negative Rap Comments
gossipcop-1738357324,genius.com/Chris-brown-scared-lyrics,Chris Brown – Scared Lyrics
gossipcop-7115346331,au.news.yahoo.com/queen-orders-meghan-markle-royal-bootcamp-211145307.html,Queen orders Meghan Markle into royal bootcamp
gossipcop-7250099627,okmagazine.com/photos/beyonce-fears-jay-z-will-cheat-despite-him-coming-clean/,Beyoncé Is Afraid Jay Z Will Cheat Again
gossipcop-7087945545,www.dailymail.co.uk/tvshowbiz/article-2985303/Harry-Hamlin-stands-wife-Lisa-Rinna-following-explosive-outburst-RHOBH-defense.html,Real Housewives' Harry Hamlin stands behind wife Lisa Rinna following outburst
gossipcop-8326745047,www.dailymail.co.uk/news/article-4503056/Man-shouts-Bruce-d-Caitlyn-Jenner.html,Caitlyn Jenner abused as she leaves LGBT awards in London
gossipcop-9623729192,www.mercurynews.com/2018/04/12/alex-rodriguez-slams-report-hes-threatening-to-cut-child-support-payments/,Alex Rodriguez slams report he’s threatening to cut child support payments
gossipcop-3864619614,www.foxnews.com/entertainment/2018/02/17/jamie-foxx-walks-out-on-espn-interview-after-katie-holmes-relationship-questions.html,Jamie Foxx walks out on ESPN interview after Katie Holmes relationship questions
gossipcop-901809614,people.com/movies/jennifer-aniston-justin-theroux-breakup-relationship-details,Everything We Know About Jennifer Aniston & Justin Theroux's Split
gossipcop-3795940197,www.inquisitr.com/4757224/caitlyn-jenner-kim-kourtney-kardashian-setting-poor-example-children/,Caitlyn Jenner Reportedly Thinks Kim & Kourtney Kardashian Are ‘Setting A Poor Example For Their Children’
gossipcop-6352193771,justinbieberretiring.blogspot.com/2018/06/google-alert-justin-bieber_126.html,Justin Bieber Retiring: Google Alert
gossipcop-2225119088,celebrityinsider.org/kris-jenner-wants-paris-jackson-to-join-keeping-up-with-the-kardashians-amid-ratings-woes-24959/,Kris Jenner Wants Paris Jackson To Join ‘Keeping Up With The Kardashians’ Amid Ratings Woes
gossipcop-5339295288,www.mensjournal.com/health-fitness/how-ben-affleck-got-big-for-batman-v-superman-w199882/,How Ben Affleck Got Big For Batman v Superman
gossipcop-32866435,okmagazine.com/photos/angelina-jolie-bans-son-maddox-from-dating/,Angelina Jolie Won’t Let Her Oldest Child Maddox Date And He’s Not Happy About It
gossipcop-5154064086,www.ibtimes.co.in/ben-affleck-jennifer-garner-split-actress-not-ready-divorce-batman-star-775637,Ben Affleck-Jennifer Garner split: Is the actress not ready to divorce the Batman star?
gossipcop-3482397341,,  Rihanna NOT Engaged  Secret Plans To Elope Secret Plans To Elope Is MadeUp
gossipcop-7983975408,www.billboard.com/articles/news/television/8070460/harry-styles-james-corden-bromance-late-late-show-timeline,A Timeline of Harry Styles & James Corden's 'Late Late Show' Bromance
gossipcop-4568998185,www.etonline.com/blake-shelton-embarrasses-gwen-stefani-onstage-talks-about-when-they-first-started-mess-around,"Blake Shelton Embarrasses Gwen Stefani Onstage, Talks About When They First Started to 'Mess Around' Together"
gossipcop-1410407190,thejasminebrand.com/2018/05/17/kris-jenner-is-not-afraid-to-sue-an-employee-even-if-if-theyre-poor-well-take-payments-garner-your-wages/,"Kris Jenner Is Not Afraid To Sue An Employee, Even If If They're Poor - We'll Take Payments & Garner Your Wages!  - theJasmineBRAND"
gossipcop-388110790,www.cheatsheet.com/entertainment/5-tom-cruise-dating-rumors-you-should-stop-believing-now.html/,5 Tom Cruise Dating Rumors You Should Stop Believing Now
gossipcop-8865847454,www.mirror.co.uk/3am/celebrity-news/chaos-inside-brad-pitt-angelina-8888950,"Inside the 'chaos' of Brad Pitt and Angelina Jolie's parenting of their six children with knives, tempers and no school"
gossipcop-3152438060,radaronline.com/videos/mariah-carey-boyfriend-bryan-tanaka-demands-money-raise-mariahs-world/,Mariah Carey’s Boy Toy Demands Big Bucks To Continue Reality Romance
gossipcop-1177821751,www.usmagazine.com/celebrity-news/news/oliver-hudson-jokes-about-kates-rumored-romance-with-brad-pitt-w462319/,Oliver Hudson Jokes About Kate's Rumored Romance With Brad Pitt
gossipcop-1887517434,,Gwen Stefani Top Of 2017  Expecting Twins With Blake Shelton
gossipcop-6088789519,www.independent.co.uk/arts-entertainment/music/news/donald-trump-one-direction-liam-payne-kicked-out-of-hotel-daughter-ivanka-tiffany-a7636451.html,Donald Trump kicked One Direction out of his hotel for refusing to meet his daughter
gossipcop-8387525297,radaronline.com/videos/kim-kardashian-stephanie-shepherd-assistant-fired-quit-reason-kuwtk/,Inside Kim Kardashian’s Nasty Split From BFF & Assistant Stephanie Shepherd
gossipcop-8526059175,www.hotnewhiphop.com/khloe-kardashian-claps-back-at-plastic-surgery-rumours-with-pregnancy-lips-claim-news.56616.html,"Khloe Kardashian Claps Back At Plastic Surgery Rumours With ""Pregnancy Lips"" Claim"
gossipcop-1537399397,www.timesnownews.com/entertainment/news/international-news/article/angelina-jolie-has-a-new-man-in-her-life-after-brad-pitt/188208,"Angelina Jolie has a new man in her life, guess who?"
gossipcop-7158791258,www.usatoday.com/story/news/politics/2017/06/08/live-stream-james-comey-testimony-before-senate-intelligence-committee/102593866/,Live stream: Trump's lawyer responds to James Comey testimony
gossipcop-2970470770,celebrityinsider.org/pregnancy-nightmare-khloe-kardashian-riddled-with-anxiety-and-isolated-while-expecting-92238/,Pregnancy Nightmare! Khloe Kardashian ‘Riddled With Anxiety’ And ‘Isolated’ While Expecting!
gossipcop-6820892861,hollywoodlife.com/2018/02/12/jamie-foxx-katie-holmes-baby-pregnant-want-to-start-family/,Are Katie Holmes & Jamie Foxx Expecting A Baby? New Report Claims They Want To Start A Family
gossipcop-6849600605,hollywoodlife.com/2017/12/20/celebrities-holiday-cards-2017-christmas-photos/,"Celebrity Holiday Cards 2017: The Currys, Kardashians & More Send Season’s Greetings"
gossipcop-9109637963,www.inquisitr.com/4773500/brad-pitt-jennifer-aniston-rekindle-romance-despite-justin-theroux-in-love-duo-caught-kissing-rumors/,"Brad Pitt, Jennifer Aniston Rekindle Romance Despite Justin Theroux: ‘In Love’ Duo Caught Kissing [Rumors]"
gossipcop-5025825367,theworldnews.net/us-news/khloe-kardashian-did-not-give-birth-over-easter-despite-report,"Khloe Kardashian Did NOT Give Birth Over Easter, Despite Report"
gossipcop-4145067305,www.pedestrian.tv/entertainment/brooklyn-beckham-drops-out-college/,Brooklyn Beckham Has Reportedly Dropped Out Of A US College Due To “Homesickness”
gossipcop-3930824218,www.theguardian.com/lifeandstyle/2009/jun/24/magazines-media-aniston-jolie-pitt,"The Brangelina industry: why Jennifer Aniston, Brad Pitt and Angelina Jolie keep making the headlines"
gossipcop-242084790,okmagazine.com/photos/kendall-jenner-tells-friends-ban-taylor-swift-music/,Kendall Jenner Tells Friends: Ban Taylor Swift Music Or Else!
gossipcop-2870728999,people.com/health/celebrities-told-to-lose-weight,"13 Celebrities Who Were Told to Lose Weight (Yep, Really)"
gossipcop-7223610599,www.msn.com/en-us/tv/news/kelly-ripa-ryan-seacrest-feuding-after-%E2%80%9Choneymoon%E2%80%99s-over%E2%80%9D/ar-BBId5uK,"Kelly Ripa, Ryan Seacrest Feuding After “Honeymoon’s Over”?"
gossipcop-8282284701,www.clooneysopenhouse.com/t7857-george-clooneys-game-of-thrones-crush-blows-him-off,George Clooney’s ‘Game Of Thrones’ Crush Blows Him Off
gossipcop-7598163176,www.intouchweekly.com/posts/blake-shelton-miranda-lambert-support-156251,Blake Shelton and Miranda Lambert Are Supporting Each Other Through Their Breakups (EXCLUSIVE)
gossipcop-9566577328,hollywoodlife.com/2016/09/20/angelina-jolie-brad-pitt-legal-documents-divorce-split-papers/,Angelina Jolie & Brad Pitt Divorce Papers: First Look At Legal Documents
gossipcop-289387905,hiplatina.com/jennifer-lope-alex-rodriguez-together-penthouse/,J.Lo and A.Rod Just Bought Their Own Penthouse Together and It’s Insane
gossipcop-7693376456,www.inquisitr.com/5002947/oj-simpson-demanding-meet-khloe-kardashians-baby-true/,"OJ Simpson ‘Demanding’ To Meet Khloe Kardashian’s Baby, Per ‘Radar Online’"
gossipcop-3605784923,hollywoodlife.com/2018/03/01/kylie-jenner-nannies-stormi-hired-help-why-baby-daughter/,Kylie Jenner: Why She Finally Broke Down & Hired Nannies For Stormi After Insisting She Wouldn’t
gossipcop-8982221760,deadline.com/2017/01/johnny-depp-lawsuit-business-managers-fraud-1201886061/,Johnny Depp Sues Business Managers For $25M Over Fraud
gossipcop-6294819408,www.imdb.com/news/ni61498317,"Kristen Stewart Not Bad Tipper, Despite Report"
gossipcop-197053823,www.mirror.co.uk/3am/us-gossip/katie-holmes-and-tom-cruise-divorce-1178760,Date night?! Katie Holmes goes for dinner with a mystery man
gossipcop-6943935110,www.vulture.com/2018/05/summer-music-preview-drake-nicki-minaj-and-so-much-kanye.html,"Summer Music Preview: Drake, Nicki Minaj, Ariana Grande, and So Much Kanye"
gossipcop-8569172943,www.etonline.com/ben-affleck-and-jennifer-garner-finalize-their-divorce-case-3-years-after-split-108589,Ben Affleck and Jennifer Garner Finalize Their Divorce 3 Years After Split
gossipcop-4479215560,ew.com/news/2018/05/19/royal-wedding-celebrities-react/,Celebrities react to Prince Harry and Meghan Markle's royal wedding
gossipcop-6438184107,people.com/parents/kim-kardashian-west-shares-new-video-daughter-chicago/,Butterfly Baby! Kim Kardashian West Shares New Video of Her Adorable Daughter Chicago
gossipcop-6776046000,www.newidea.com.au/nicole-kidman-helping-isabella-cruise-adopt-a-child,"Nicole Kidman is helping Isabella Cruise adopt a child, report"
gossipcop-5889346481,www.harpersbazaar.com/celebrity/latest/a19436655/justin-theroux-petra-collins-dating-rumor/,Justin Theroux and Petra Collins Are Rumored To Be Dating
gossipcop-8624396030,www.posteitaliane.it/files/1476481799907/Report_sostenibilita_ENG.pdf,Cop Celebrates 9th Anniversary  Reaffirms Commitment To Transparent FactChecking
gossipcop-2499277246,nymag.com/nymetro/health/features/9909/index1.html,Pregnant and Still Thin
gossipcop-9363563626,www.mercurynews.com/2018/06/13/angelina-jolie-must-have-crossed-serious-lines-in-brad-pitt-custody-fight-experts-say/,"Angelina Jolie’s parental choices must have really worried judge overseeing Brad Pitt custody fight, experts say"
gossipcop-952055476,ew.com/movies/2017/07/16/martin-landau-dead-celebrities-tribute/,Martin Landau dead: Celebrities react
gossipcop-7825918333,hollywoodlife.com/2017/10/25/kylie-jenner-khloe-kardashian-pregnancy-cravings-pickles/,"Kylie Jenner & Khloe Kardashian Share Odd Pregnancy Cravings: Peanut Butter, Pickles & More"
gossipcop-5648108033,www.celebitchy.com/573751/the_sun_brad_pitt_will_absolutely_want_to_introduce_neri_oxman_to_his_six_kids/,The Sun: Brad Pitt ‘will absolutely’ want to introduce Neri Oxman to his six kids
gossipcop-4090764034,projectbritain.com/royal/succession.htm,Order of Succession to the British Throne
gossipcop-8459734095,,Kate Middleton First Days With Baby 3
gossipcop-7684902856,hollywoodlife.com/2018/07/26/brad-pitt-crush-margot-robbie-flirting-movie-set-relationship/,Brad Pitt Reportedly Majorly Crushing On Margot Robbie: He’s ‘Smitten’
gossipcop-5793704644,www.pressreader.com/india/the-sunday-guardian/20121007/282389806705978,Connecting People Through News
gossipcop-9639469508,www.tmz.com/2018/02/28/chris-pratt-mystery-blonde-woman-coffee-bean/,Chris Pratt on Coffee Date with Mystery Blonde
gossipcop-2422935746,www.mercurynews.com/2018/06/05/kristen-stewart-and-robert-pattison-spark-reconciliation-rumors-with-l-a-sighting/,Kristen Stewart and Robert Pattinson spark reconciliation rumors with L.A. sighting
gossipcop-8714667418,boxden.com/showthread.php?t=2511142,50Cent have EXEC @ BET speculating He's in RELATIONSHIP Jasmin Brown
gossipcop-9318916922,www.dailymail.co.uk/tvshowbiz/article-3641787/Alexander-Skarsgard-gushes-stunning-Tarzan-star-Margot-Robbie.html,Alexander Skarsgard gushes over Tarzan co-star Margot Robbie
gossipcop-8916816781,www.aceshowbiz.com/news/view/00106585.html,Yikes! Mariah Carey Reportedly Having Sex With Bryan Tanaka in Restaurant Bathroom
gossipcop-3054455202,www.intouchweekly.com/posts/kanye-west-leaves-kim-kardashian-159645,"Kanye West Leaves Kim Kardashian After a Massive Fight: ""He Stormed Off, Leaving Kim in Tears"" (EXCLUSIVE)"
gossipcop-571249583,people.com/health/kaley-cuoco-update-shoulder-surgery-recovery-ice-is-my-best-friend/,Kaley Cuoco Gives Update on Shoulder Surgery Recovery: 'Ice Is My Best Friend'
gossipcop-5583200543,www.aceshowbiz.com/news/view/00114430.html,Simon Cowell Reportedly to Ban Kids From 'America's Got Talent'
gossipcop-140849966,www.celebdirtylaundry.com/2017/beyonce-and-jay-z-building-million-dollar-nursery-for-twins/,Beyonce and Jay-Z Building Million Dollar Nursery For Twins?
gossipcop-8330581018,www.business-standard.com/article/news-ani/gal-gadot-s-daughters-not-impressed-with-mum-s-wonder-woman-character-117110701203_1.html,Gal Gadot's daughters not impressed with mum's 'Wonder Woman' character
gossipcop-6103469676,www.msn.com/en-us/music/celebrity/miranda-lambert-anderson-east-wedding-off/ar-BBF2yGq,"Miranda Lambert, Anderson East Wedding Off?"
gossipcop-8502495536,www.imdb.com/news/ni61416410,"Reese Witherspoon, Nicole Kidman Emmys Feud Made Up By Tabloid"
gossipcop-2168621405,www.hotnewhiphop.com/is-drake-talking-about-bella-hadid-on-finesse-news.53907.html,"Is Drake Referring To Bella Hadid Fling On ""Finesse""?"
gossipcop-5559086342,newslit.org/get-smart/rumor-review-denzel-washington-supports-trump-false/,Rumor Review: Denzel Washington supports Trump (FALSE) — News Literacy Project
gossipcop-4135229344,www.eonline.com/news/941636/inside-the-fabulous-first-year-of-george-and-amal-clooney-s-twins,Inside the Fabulous First Year of George and Amal Clooney's Twins
gossipcop-4749592824,celebrityinsider.org/kelly-ripa-leaving-live-her-relationship-with-ryan-seacrest-may-not-be-all-unicorns-and-rainbows-121909/,Kelly Ripa Leaving ‘Live’? Her Relationship With Ryan Seacrest May Not Be All Unicorns And Rainbows
gossipcop-4047356713,www.nationalenquirer.com/photos/kate-middleton-weight-bulimia-crisis/,Princess Kate Bulimia Battle: Shocking New Photos
gossipcop-1023576750,www.thecut.com/2018/08/brad-pitt-angelina-jolie-divorce-latest-news.html,A Guide to the Increasingly Intense Brad Pitt–Angelina Jolie Divorce Drama
gossipcop-2752076392,people.com/celebrity/authorities-responded-scott-disick-home-psychiatric-hold/,Authorities Responded to Scott Disick's Home in August for Possible Psychiatric Hold: Reports
gossipcop-7847554712,www.intouchweekly.com/posts/gwen-stefani-dumped-156076,"Gwen Stefani Got Dumped by Blake Shelton Over ""Jealousy and Drama"" (EXCLUSIVE)"
gossipcop-8621073505,www.mercurynews.com/2018/08/29/angelina-jolie-takes-break-from-nasty-brad-pitt-divorce-fight-to-plead-for-syrian-refugees/,Angelina Jolie takes break from nasty Brad Pitt divorce fight to plead for Syrian refugees
gossipcop-3119646564,novom.ru/en/watch/Pz85Xz0nURw,Jennifer Aniston Upset Selena Gomez Is “Siding” With Justin Theroux?
gossipcop-1212267256,www.dailymail.co.uk/tvshowbiz/article-5223467/Kylie-Jenner-hit-SPLIT-claims-Travis-Scott.html,Kylie Jenner is hit with split claims from Travis Scott
gossipcop-1258552214,www.dailymail.co.uk/tvshowbiz/article-4659650/Justin-Bieber-botches-BST-Hyde-Park-concert.html,Justin Bieber botches BST Hyde Park concert
gossipcop-2122263353,hollywoodlife.com/2018/05/15/ariel-winter-levi-meaden-ready-for-marriage-kids-soon/,Ariel Winter Ready To Marry Levi Meaden & Have Kids ‘Sooner Than Later’: Her Plans Revealed
gossipcop-5625770898,vt.co/entertainment/celebrity/justin-bieber-selena-gomez-will-not-spending-christmas-together-heartbreaking-reason/,Justin Bieber and Selena Gomez will not be spending Christmas together for a heartbreaking reason
gossipcop-3666075690,tribune.com.pk/story/1568901/4-leaving-jennifer-aniston-angelina-jolie-one-biggest-mistakes-brad-pitt/,Leaving Jennifer Aniston for Angelina Jolie was one of my biggest mistakes: Brad Pitt
gossipcop-6947177681,www.etonline.com/biggest-celebrity-feuds-2017-92730,The Biggest Celebrity Feuds of 2017
gossipcop-8923883032,www.news-leader.com/story/news/local/ozarks/now/2018/02/07/celebrity-blog-brad-pitt-and-angelina-jolie-continue-divorce-talks-privately/317020002/,Celebrity blog: Brad Pitt and Angelina Jolie continue divorce talks — privately
gossipcop-6660536658,www.nydailynews.com/entertainment/gossip/sofia-vergara-joe-manganiello-slam-report-claiming-broke-article-1.3136416,Sofia Vergara and Joe Manganiello slam magazine report claiming she cheated and they broke up
gossipcop-4743998220,www.bet.com/style/living/2018/07/12/would-you---justin-bieber--gucci-mane-and-these-guys-all-wore-ma.html,"Would You?: Justin Bieber, Gucci Mane And These Guys All Wore Mangagement Rings"
gossipcop-1675667628,ew.com/news/2017/11/11/celebrities-troops-veterans-day/,Celebrities salute the troops on Veterans Day
gossipcop-29199720,,Miley Cyrus Liam Hemsworth Honeymoon
gossipcop-4708564876,people.com/tv/kylie-jenner-and-travis-scott-relationship-timeline/,From Welcoming a Baby Together to Their Joint GQ Cover: Inside Kylie Jenner & Travis Scott's Whirlwind Romance
gossipcop-7059529847,abcnews.go.com/GMA/Culture/meghan-markles-father-breaks-silence-wedding-wanted-walk/story?id=55969067,Meghan Markle's father breaks silence on wedding: 'I really wanted to walk her down the aisle'
gossipcop-3202228811,www.popsugar.com/celebrity/Prince-Harry-Quotes-About-Leaving-Royal-Family-June-2017-43678585,Prince Harry Quotes About Leaving the Royal Family June 2017
gossipcop-9378793595,en.wikipedia.org/wiki/Julia_Roberts,Julia Roberts
gossipcop-2198752369,,  Prince Harry  Meghan Markle Shunning Shunning Pippa Middleton At Wedding Is MadeUp
gossipcop-7638015229,etcanada.com/news/146337/justin-bieber-slams-hollywoodlife-claims-the-site-is-untruthful-and-hurtful/,"Justin Bieber Slams HollywoodLife, Claims The Site Is ‘ Untruthful And Hurtful’"
gossipcop-9402304288,www.npr.org/templates/transcript/transcript.php?storyId=136284673,"Bradley Cooper On His Role In The New Comedy 'The Hangover: Part II"" : NPR"
gossipcop-7429601831,www.magzter.com/articles/3436/234279/5979a16375f0d,Scary - Skinny Angie Sick Again!
gossipcop-7231509293,variety.com/gallery/2017-oscar-nominations-reaction-gallery/,2017 Oscar Nominee Reactions
gossipcop-5939289570,latestplasticsurgery.com/rihanna-plastic-surgery-before-and-after-photos/,Rihanna Plastic Surgery BEFORE AND AFTER PHOTOS
gossipcop-3066088888,www.imdb.com/news/ni61499177,Taylor Swift To “Expose Elite Pedophiles And Satanic Illuminati” Is Fake News
gossipcop-7816220968,www.eonline.com/news/873075/teen-choice-awards-2017-winners-the-complete-list,Teen Choice Awards 2017 Winners: The Complete List
gossipcop-730736439,www.telegraph.co.uk/music/news/taylor-swift-katy-perry-history-feud/,Taylor Swift and Katy Perry: a history of their feud
gossipcop-781913013,www.cosmopolitan.com.au/celebrity/prince-harry-meghan-markle-lifetime-movie-review-26773,10 very real feelings I had watching ‘Harry & Meghan: A Royal Romance’
gossipcop-8029018483,www.eonline.com/news/210234/rachel-weisz-splits-with-darren-aronofsky-does-daniel-craig-figure-in,Rachel Weisz Splits With Darren Aronofsky—Does Daniel Craig Figure In?
gossipcop-9166843798,now100fm.com/rihanna-baby-bump-hassan-jameel/,Rihanna Sports Possible Baby Bump In Secret Photo Shoot [PICS]
gossipcop-1558798692,medium.com/@allthebigtrees/how-to-perform-a-satanic-destruction-ritual-4c76baf0ea30,How to perform a Satanic Destruction Ritual – Ali Kellog – Medium
gossipcop-2970312744,www.ok.co.uk/lifestyle/mum-and-baby/1184321/kylie-jenner-pregnant-kardashian-travis-scott-baby-bump-details,Kylie Jenner gives birth: Travis Scott and Kylie baby details revealed
gossipcop-6624787872,celebrityinsider.org/kuwk-kourtney-is-creeped-out-by-scott-disicks-gf-sofia-richie-morphing-into-her-feels-like-hes-manipulating-the-girl-126879/,KUWK: Kourtney Is ‘Creeped Out’ By Scott Disick’s GF Sofia Richie Morphing Into Her – Feels Like He’s ‘Manipulating’ The Girl
gossipcop-2419841037,www.ibtimes.co.in/top-gun-2-cast-tom-cruise-begging-this-actress-star-sequel-her-husband-opposes-760029,"Top Gun 2 cast: Tom Cruise 'begging' this actress to star in the sequel, but her husband opposes?"
gossipcop-2634704496,www.dailymail.co.uk/tvshowbiz/article-5538569/Justin-Bieber-posts-picture-acne-Instagram.html,Justin Bieber posts picture of his acne to Instagram
gossipcop-6725857895,www.justjared.com/2017/03/01/jennifer-aniston-brad-pitt-apparently-text-each-other/,Jennifer Aniston & Brad Pitt Apparently Text Each Other
gossipcop-2452927941,www.inquisitr.com/4908197/gwyneth-paltrow-reportedly-planning-for-a-baby-with-brad-falchuk/,Gwyneth Paltrow Reportedly Planning For A Baby With Brad Falchuk
gossipcop-3745255453,www.etonline.com/gwen-stefani-still-smitten-blake-shelton-and-has-never-once-tried-change-him-exclusive-94631,Gwen Stefani Is Still Smitten With Blake Shelton and 'Has Never Once' Tried to Change Him (Exclusive)
gossipcop-8237772643,www.elle.com/culture/celebrities/a21053421/rihanna-broke-up-with-billionaire-boyfriend-hassan-jameel-report/,Rihanna Rumored To Have Broken Up With Her Billionaire Boyfriend Because She 'Gets Tired of Men'
gossipcop-4631241728,www.pinterest.dk/pin/805511083324886499/,Meghan Markle “Fulfills Prince Harry’s Freckle Fetish” Is Made Up Story
gossipcop-4894634035,metro.co.uk/2018/06/01/angelina-jolie-missed-royal-wedding-because-of-work-not-because-her-kids-werent-invited-7598140/,Angelina Jolie 'missed royal wedding because her kids not invited'
gossipcop-1075873295,www.celebritynetworth.com/richest-celebrities/actors/kate-hudson-net-worth/,Kate Hudson Net Worth
gossipcop-9658632569,www.usmagazine.com/celebrity-news/news/jennifer-garner-doesnt-want-her-kids-around-lindsay-shookus/,Jennifer Garner ‘Doesn’t Want’ Her Kids Around Lindsay Shookus
gossipcop-581030355,www.thesun.co.uk/tvandshowbiz/5489130/spice-girls-reunion-victoria-beckham-snubs-husband-david/,Victoria Beckham overjoyed at Spice Girls reunion as band’s TV deal is snub to David Beckham’s move to Miami
gossipcop-3222244840,money.cnn.com/2017/05/01/media/ryan-seacrest-kelly-ripa-live-co-host/index.html,Ryan Seacrest is Kelly Ripa's new co-host on 'Live'
gossipcop-5881128002,www.latimes.com/entertainment/gossip/la-et-mg-rihanna-leonardo-dicaprio-dating-rumors-20150303-story.html,"Despite Rihanna-Leonardo DiCaprio rumors, actor is single, rep says"
gossipcop-4757444837,www.imdb.com/news/ni61416641,Brad Pitt Found “Replacement Son” In Tye Sheridan?
gossipcop-7665241500,www.lifeandstylemag.com/posts/the-weeknd-babies-selena-gomez-138802,"The Weeknd Reportedly Wants to Have a Baby Girl With Selena Gomez and TBH, That Child Would Be Gorgeous"
gossipcop-6157193528,www.dailymotion.com/video/x6i9mhr,Paris Jackson's family fear she's heading for meltdown
gossipcop-8155202222,www.dailymail.co.uk/tvshowbiz/article-6007537/Keith-Urban-says-wife-Nicole-Kidman-spend-Christmas-Under.html,Keith Urban and wife Nicole Kidman will spend Christmas in Australia
gossipcop-1247287686,www.intouchweekly.com/posts/gwen-stefani-miranda-lambert-acm-speech-blake-shelton-129230/photos/blake-shelton-miranda-lambert-cute-8-104911,Miranda Lambert's ACMs Speech Annoyed Gwen Stefani (REPORT)
gossipcop-1485390858,,Jennifer Lopez  Alex Rodriguez Are Gym Hogs 
gossipcop-2106563544,perezhilton.com/2018-05-11-kim-kardashian-kris-jenner-live-kelly-ripa-ryan-seacrest-video/,"Kim Kardashian & Kris Jenner Talk Khlo├â┬⌐, Kanye, & Babies On Live With Kelly And Ryan! WATCH!"
gossipcop-9759059517,radaronline.com/videos/george-clooney-amal-clooney-plan-renew-marriage-vows/,Here Comes The Bride — Again! Amal & George Clooney To Renew Vows
gossipcop-2480559335,www.nydailynews.com/entertainment/music-arts/taylor-swift-back-jake-gyllenhaal-report-article-1.1153514,Taylor Swift’s ‘We Are Never Ever Getting Back Together’ about Jake Gyllenhaal: report
gossipcop-7453253042,www.aol.com/article/entertainment/2018/03/06/tyga-calls-out-kim-kardashian-on-instagram/23378723/,Tyga calls out Kim Kardashian on Instagram
gossipcop-2341104097,www.etonline.com/ben-affleck-and-lindsay-shookus-split-after-a-year-of-dating-108244,Ben Affleck and Lindsay Shookus Split After a Year of Dating
gossipcop-6758032671,www.quora.com/Does-the-cast-of-The-Big-Bang-Theory-get-along,"Does the cast of ""The Big Bang Theory"" get along?"
gossipcop-7762159427,www.teenvogue.com/story/justin-bieber-grammys-2017-instagram-live-eats-sushi,Justin Bieber Doesn't Attend Grammys 2017 and Eats Sushi Instead
gossipcop-3222492495,radaronline.com/exclusives/2017/06/owen-wilson-dad-dies-suicide-fears/,New Suicide Fears For Owen Wilson After Dad’s Death
gossipcop-9928044092,www.newidea.com.au/palace-confirms-meghan-markle-kate-middleton-pregnant,‘Palace confirms: Meghan Markle and Kate Middleton both pregnant’
gossipcop-4763534666,www.eonline.com/news/880083/christina-el-moussa-is-answering-all-your-flip-or-flop-questions,Christina El Moussa Is Answering All Your Flip or Flop Questions
gossipcop-5034259222,tenor.com/view/selena-gomez-excited-what-gif-7520471,Selena Gomez Excited GIF
gossipcop-1020335052,www.wmagazine.com/story/kanye-west-reportedly-opening-a-restaurant-in-calabasas,"Kanye West Is Reportedly Opening a Restaurant in Calabasas and, No, It Won't Be Serving Croissants"
gossipcop-4529974087,www.imdb.com/news/ni61279895,"Adam Sandler, Wife Jackie Renewing Vows Claim Not True"
gossipcop-9821554836,radaronline.com/videos/george-clooney-amal-clooney-twins-birth-separate-bedrooms/,Trouble In Paradise? George & Amal Clooney Sleeping In Separate Bedrooms
gossipcop-4244107793,collider.com/anne-hathaway-and-kate-hudson-interview-bride-wars/,Anne Hathaway and Kate Hudson Interview – BRIDE WARS
gossipcop-6712061606,collider.com/deadpool-brianna-hildebrand-negasonic-teenage-warhead-interview/,"‘Deadpool': Brianna Hildebrand on Negasonic Teenage Warhead, Ryan Reynolds, and More"
gossipcop-6563666761,www.yahoo.com/lifestyle/lindsay-lohan-wears-hijab-social-media-mixed-feelings-214247444.html,"Lindsay Lohan wears a hijab, sparking mixed feelings on social media"
gossipcop-967291458,en.wikipedia.org/wiki/The_One_with_the_Rumor,The One with the Rumor
gossipcop-4167828747,,Jennifer Aniston Furious Selena Gomez Justin Theroux Dating Rumors
gossipcop-8967672351,www.celebritynetworth.com/richest-athletes/nfl/eric-johnson-net-worth-2/,Eric Johnson Net Worth
gossipcop-433489352,www.mirror.co.uk/3am/celebrity-news/kylie-jenner-wont-motherhood-stop-12969001,Kylie Jenner won't let motherhood stop her being sexy as she poses for sultry pics in white swimsuit
gossipcop-2179465980,hot963.com/2510615/did-kanye-west-make-a-diss-track-about-donald-trump/,Did Kanye West Make A Diss Track About Donald Trump?
gossipcop-614417812,www.intouchweekly.com/posts/kim-kardashian-kanye-west-mid-nuptial-agreement-139044,Kim Kardashian and Kanye West to File Mid-Nuptial Agreement (REPORT)
gossipcop-7470090166,www.nowtolove.com.au/parenting/celebrity-families/tom-cruise-suri-cruise-50230,Tom Cruise's secret correspondence with daughter Suri
gossipcop-5745570521,www.j-14.com/posts/taylor-swift-and-jake-gyllenhaal-dating-again-127391,Taylor Swift and Jake Gyllenhaal Dating Again
gossipcop-6865567073,www.mirror.co.uk/3am/celebrity-news/real-reason-mel-b-ended-10071235,The real reason Mel B ended her turbulent marriage to Stephen Belafonte revealed
gossipcop-5081601842,www.thetalko.com/trouble-in-paradise-15-reasons-prince-harry-and-meghan-markle-wont-make-it-down-the-aisle/,Trouble In Paradise: 15 Reasons Prince Harry And Meghan Markle Won’t Make It Down The Aisle
gossipcop-8940647540,www.bostonglobe.com/lifestyle/names/2018/06/13/mit-prof-neri-oxman-may-have-moved-from-brad-pitt/8BojDV4JJonRWpheA8yYJO/story.html,MIT professor Neri Oxman may have moved on from Brad Pitt
gossipcop-789310692,www.marthastewartweddings.com/632965/jennifer-lopez-alex-rodriguez-marriage,Jennifer Lopez and Alex Rodriguez Won't Be Tying the Knot Anytime Soon
gossipcop-5008586397,www.intouchweekly.com/posts/angelina-jolie-snubbed-margot-robbie-147087,Angelina Jolie Snubbed Margot Robbie — and We're Guessing It's Because of Those Brad Pitt Rumors (EXCLUSIVE)
gossipcop-832300074,en.wikipedia.org/wiki/Cindy_Crawford,Cindy Crawford
gossipcop-5144724371,www.etonline.com/kourtney-kardashian-clarifies-she-not-pregnant-was-completely-taken-out-context-89766,Kourtney Kardashian Clarifies She Is Not Pregnant: 'That Was Completely Taken Out of Context'
gossipcop-2762135652,www.justjared.com/2018/06/06/brody-jenner-breaks-silence-on-caitlyn-jenner-skipping-his-wedding/,Brody Jenner Breaks Silence on Caitlyn Jenner Skipping His Wedding
gossipcop-7850068421,www.dailymail.co.uk/tvshowbiz/article-4691078/Miley-Cyrus-Liam-Hemsworth-arguing-prenup.html,Miley Cyrus and Liam Hemsworth 'arguing' over prenup
gossipcop-5555597501,www.etonline.com/smiling-kanye-west-celebrates-41st-birthday-with-kim-kardashian-and-a-mentalist-pics-103904,Smiling Kanye West Celebrates 41st Birthday With Kim Kardashian and a Mentalist: Pics
gossipcop-8581615474,www.mercurynews.com/2018/06/29/katie-holmes-trials-fighting-reports-about-a-jamie-foxx-breakup-and-a-tom-cruise-suri-reunion/,"Katie Holmes’ trials: Fighting reports about a Jamie Foxx breakup and a Tom Cruise, Suri reunion"
gossipcop-9620918411,people.com/tv/kim-kardashian-talks-khloe-kardashian-tristan-thompson-reconciliation/,Kim Kardashian on Khloé Reconciling with Tristan Thompson: 'She Has to Do What Makes Her Happy'
gossipcop-4322285845,www.marieclaire.com/celebrity/a18714598/jennifer-aniston-brad-pitt-justin-theroux-relationship-body-language/,An In-Depth Analysis of Jennifer Aniston's Body Language with Justin Theroux Versus Brad Pitt
gossipcop-7078948263,www.thewrap.com/homecoming-teaser-julia-roberts-amazon-video/,VIDEO: 'Homecoming' Teaser: Julia Roberts Is Ready to 'Get Started'
gossipcop-1295868519,trends2world.blogspot.com/2017/02/kristen-stewart-saturday-night-live.html,"‪‪Kristen Stewart‬, ‪Saturday Night Live‬‬"
gossipcop-1987636422,www.girlfriend.com.au/selena-gomez-officially-dumps-justin-bieber,Selena Gomez officially dumps Justin Bieber
gossipcop-971921890,people.com/royals/official-royal-baby-announcement-outside-buckingham-palace/,See the Official Royal Baby Announcement Outside Buckingham Palace
gossipcop-3693445154,www.complex.com/music/2017/06/def-jam-ceo-talks-kanye-west-new-music,Def Jam CEO Talks Kanye West and His New Music
gossipcop-937794282,,   Drake NOT Angelina Jolie s Toy Boy Toy Boy  Despite Late And Wrong Report
gossipcop-5782674787,,Kristen Stewart Replaced Angelina Jolie In Movie  Report A Year Ago
gossipcop-8609335343,www.vulture.com/2017/05/liam-payne-strip-that-down-one-direction-diss.html,Liam Payne’s Solo Career Has Started With a One Direction Diss
gossipcop-5173208358,www.inquisitr.com/4750778/big-bang-theory-drama-behind-the-scenes-not-causing-show-to-fall-apart-debunked/,‘Big Bang Theory’: Drama Behind The Scenes Not Causing Show To ‘Fall Apart’ [Debunked]
gossipcop-3656053473,www.tmz.com/2015/05/31/karrueche-tran-chris-brown-tyson-beckford-photos-instagram-video-vegas/,Karrueche Tran -- Screw Chris Brown ... I Can Post Pics of Whoever I Want (VIDEO)
gossipcop-4069902609,www.businessinsider.com/prince-harry-meghan-markle-prince-william-kate-and-11-other-royals-all-live-in-the-same-palace-2018-5,"Prince Harry, Meghan Markle, Prince William, Kate, and 11 other royals all live in the same palace — here's a breakdown of their lavish quarters"
gossipcop-658317851,variety.com/2017/tv/news/2017-emmy-nominees-list-nominations-1202494465/,2017 Emmy Nominees List: See All the Nominations – Variety
gossipcop-8664298438,www.ibtimes.sg/ellen-degeneres-portia-de-rossi-going-pot-save-marriage-12468,Ellen DeGeneres and Portia de Rossi 'going to pot' to save marriage?
gossipcop-2936134282,people.com/music/justin-bieber-explains-his-pee-like-pants-stain/,Justin Bieber Explains His 'Pee Pants' Stain: 'Water Spilled on My D--- Area'
gossipcop-213925729,hollywoodlife.com/2017/04/19/blake-shelton-gwen-stefani-baby-inspired-janet-jackson/,Gwen Stefani & Blake Shelton: How Janet Jackson Has Inspired Her To Have Another Baby
gossipcop-622245969,radaronline.com/photos/brad-pitt-plastic-surgery-photos-angelina-jolie-divorce-revenge-facelift-doctors-say/,"Revenge Facelift! Brad Pitt Has ‘Fillers, Botox & Peels’ In Wake Of Bitter Divorce"
gossipcop-8632935108,www.mirror.co.uk/3am/celebrity-news/kylie-jenner-shares-first-family-12293376,Kylie Jenner shares first family photo as she cuddles up with Travis Scott and baby Stormi at elaborate Easter party
gossipcop-3335565447,okmagazine.com/photos/jennifer-lopez-alex-rodriguez-break-up/,Too Close For Comfort? Jennifer Lopez Might Take A BREAK From Alex Rodriguez
gossipcop-938843141,hollywoodlife.com/2018/01/16/kim-kardashian-cried-new-baby-brought-to-tears/,Kim Kardashian ‘Brought To Tears’ As She Holds Her Miracle Baby For The First Time
gossipcop-2299557143,www.nationalenquirer.com/photos/caitlyn-jenner-hugh-hefner-widow-crush/,Caitlyn Jenner Crushing On Hugh Hefner’s Widow
gossipcop-9203553006,www.msn.com/en-ph/entertainment/celebrity/khloe-kardashian-%E2%80%9Crefuses-to-pull-a-kourtney%E2%80%9D-wants-to-marry-tristan-thompson-is-made-up-story/ar-BBH8mue,"Khloe Kardashian “Refuses To Pull A Kourtney,” Wants To Marry Tristan Thompson Is Made-Up Story"
gossipcop-5989177922,people.com/food/catherine-zeta-jones-lifestyle-brand-fall/,Catherine Zeta-Jones Is Launching a Lifestyle Brand
gossipcop-7506187709,www.forbes.com/sites/ceciliarodriguez/2017/08/21/brad-pitt-angelina-jolie-lose-court-case-over-their-french-miraval-castle/,"Brad Pitt, Angelina Jolie Lose Court Case Over Their French Miraval Castle"
gossipcop-9545964925,www.dailymail.co.uk/tvshowbiz/article-4774410/Glum-Kylie-Jenner-admits-jealousy-sister-Kendall.html,Kylie Jenner admits jealousy over Kendall on Life of Kylie
gossipcop-6563860366,www.mirror.co.uk/3am/celebrity-news/lady-gaga-channels-inner-madonna-13167821,Lady Gaga 'channels inner Madonna' as she steps out in Paris with platinum hair
gossipcop-9757246280,people.com/movies/sarah-jessica-parker-sax-and-the-city-3-fallout-enormously-painful/,Sarah Jessica Parker Says Sex and the City 3 Fallout Was 'Enormously Painful for Me'
gossipcop-2319612469,en.wikipedia.org/wiki/Gotti_(2018_film),Gotti (2018 film)
gossipcop-31065928,www.washingtonpost.com/graphics/2017/entertainment/the-post-movie/,What are the Pentagon Papers
gossipcop-4439781595,hollywoodlife.com/2018/04/09/paris-jackson-big-career-michael-jackson-acting-directing/,Paris Jackson Planning Big Career For Herself Like Dad Michael: Why 2018 Will Be Her Year
gossipcop-2238070228,www.newidea.com.au/angelina-jolies-son-maddox-wants-to-live-with-brad-pitt,"Maddox's shock words to mum Ange: ""I want to live with Brad"""
gossipcop-1014636162,parade.com/95478/parade/jessica-simpson-heartbroken-over-missing-dog/,Jessica Simpson Heartbroken Over Missing Dog
gossipcop-8156516597,www.usmagazine.com/celebrity-news/news/justin-bieber-selena-gomez-taking-a-break-mainly-because-of-her-mom/,"Justin Bieber, Selena Gomez Taking a Break ‘Mainly Because of’ Her Mom"
gossipcop-4127686001,www.newidea.com.au/brad-pitt-jennifer-aniston-second-wedding-report,Brad Pitt and Jennifer Aniston's second wedding joy
gossipcop-3452563867,www.rollingstone.com/movies/movie-news/casey-affleck-sexual-harassment-allegations-interview-709732/,"Casey Affleck Talks #MeToo, Harassment Allegations in New Interview"
gossipcop-8935271907,www.capitalxtra.com/features/lists/kylie-jenner-tyga-relationship-history/,The Complete History Of Tyga & Kylie Jenner's Relationship
gossipcop-945646542,www.newsday.com/entertainment/celebrities/meadow-walker-denise-richards-more-celebrities-happy-father-s-day-messages-1.10568520,"Celebrities' Father's Day messages: Meadow Walker, Denise Richards, Kim Kardashian, more"
gossipcop-7940502853,www.foxnews.com/entertainment/2017/10/02/las-vegas-shooting-celebrities-react-to-massacre-at-jason-aldean-concert.html,Las Vegas shooting: Celebrities react to massacre at Jason Aldean concert
gossipcop-293723332,www.newidea.com.au/jennifer-aniston-and-brad-pitt-busted-in-aspen,Brad Pitt and Jennifer Aniston 'busted' over Aspen reunion
gossipcop-7510176516,www.cbsnews.com/news/rose-mcgowan-twitter-account-suspended-harvey-weinstein-allegations/,Twitter explains suspending Rose McGowan's account
gossipcop-4573827383,www.sunny1079.com/blake-gwen-quitting-hollywood-moving-midwest-miscarriage-nightmare/,Blake & Gwen Quitting Hollywood & Moving to Midwest After Miscarriage Nightmare
gossipcop-1975320125,www.realsimple.com/work-life/entertainment/chip-and-joanna-gaines-net-worth,This Is Chip and Joanna Gaines’ Net Worth
gossipcop-5933705059,,Jennifer Lawrence Lonely And Partying Out Of Control 
gossipcop-8773594377,www.washingtonpost.com/video/national/in-final-speech-michelle-obama-tells-young-people-dont-be-afraid/2017/01/06/057e265a-d435-11e6-9651-54a0154cf5b3_video.html,"In final speech, emotional Michelle Obama tells young people ‘don’t be afraid'"
gossipcop-6362183032,www.biography.com/people/millie-bobby-brown-9302016,Millie Bobby Brown
gossipcop-1113442022,,Brad Pitt  Angelina Jolie Agree To Spend Christmas Together With The Kids 
gossipcop-5290064457,extratv.com/2018/05/30/is-halle-berry-dating-keanu-reeves/,Is Halle Berry Dating Keanu Reeves?!
gossipcop-3476895867,www.billboard.com/articles/columns/pop/7728734/katy-perry-recounts-christian-past-human-rights-campaign-gala-los-angeles,"Katy Perry Recounts Christian Past at HRC Gala, Talks Conversion Therapy and Praying Gay Away: 'People Can Change -- Believe Me'"
gossipcop-6253888637,www.newidea.com.au/brad-pitt-jennifer-aniston-move-in-together-angelina-jolie-furious,Angelina Jolie's fury as Brad Pitt and Jennifer Aniston move in together
gossipcop-1151972925,www.huffingtonpost.com/2014/05/15/selena-gomez-pregnant-rumors_n_5330444.html,"Selena Gomez Was Not Pregnant, Did Not Miscarry, Says Rep"
gossipcop-2586454156,www.express.co.uk/celebrity-news/577218/Irina-Shayk-Bradley-Cooper-kissing-new-couple-London,The long goodbye: Irina Shayk gives Bradley Cooper a farewell kiss before leaving London
gossipcop-9950542678,www.eonline.com/news/796290/crying-over-brad-pitt-and-angelina-jolie-restore-your-faith-in-love-with-pics-of-hollywood-s-cutest-couples,Crying Over Brad Pitt and Angelina Jolie? Restore Your Faith In Love With Pics of Hollywood's Cutest Couples
gossipcop-6457941025,rumors.trendolizer.com/2017/09/selena-gomez-did-not-jump-kidney-transplant-waiting-list-despite-claim.html,"Selena Gomez Did NOT Jump Kidney Transplant Waiting List, Despite Claim"
gossipcop-1188213997,www.justjared.com/2017/10/30/kim-kardashian-criticizes-scott-disick-for-dating-bella-thorne-just-to-one-up-kourtney-kardashian/,Kim Kardashian Criticizes Scott Disick for Dating Bella Thorne Just to 'One-Up' Kourtney Kardashian
gossipcop-7207527902,www.thecut.com/2016/09/everything-we-know-about-brad-pitts-plane-incident.html,Everything We Know About Brad Pitt’s Plane Incident
gossipcop-9285642638,www.mirror.co.uk/3am/celebrity-news/kristen-stewart-says-she-wants-babies-1310387,"""I want to have his babies"": Kristen reveals family plans with Rob just weeks before she cheated"
gossipcop-8929202488,www.imdb.com/news/ni61541462,Scarlett Johansson Laughs At Colin Jost’s “Dirty” Talk?
gossipcop-6106762038,radaronline.com/exclusives/2017/01/justin-timberlake-wants-jessica-biel-breast-lift/,Relationship Pick Me Up? JT Wants Jessica Biel To Get Breast Lift
gossipcop-6402144755,www.intouchweekly.com/tags/jennifer-aniston-12128?page=3,"Jennifer Aniston - Latest News, Photos and Videos - Page 3"
gossipcop-4451236752,www.mensjournal.com/entertainment/baywatch-review-dwayne-rock-johnson-and-zac-efron-bring-muscles-and-fun-beach/,‘Baywatch’ Review: Dwayne ‘The Rock’ Johnson and Zac Efron Bring Muscles and Fun to the Beach
gossipcop-7580783559,okmagazine.com/photos/drake-blac-chyna-dating/,Are Blac Chyna And Drake Dating? Everything We Know So Far
gossipcop-4668215613,pagesix.com/2017/10/20/judd-apatow-slams-quentin-tarantion-for-harvey-silence/,Judd Apatow slams Quentin Tarantino for Harvey silence
gossipcop-9202141658,www.intomore.com/culture/can-we-stop-focusing-on-sarah-paulson-and-holland-taylors-ages-and-start-focusing-on-their-wardrobe,INTO: A Digital Magazine for The Modern Queer World
gossipcop-7558314772,time.com/4872107/trump-boy-scout-speech-reactions/,Donald Trump: Reactions to 2017 Boy Scout Jamboree Speech
gossipcop-5163664689,www.eonline.com/videos/225451/gwen-stefani-dishes-on-new-baby-and-the-voice-gig,"Gwen Stefani Dishes on New Baby and ""The Voice"" Gig"
gossipcop-7302050641,www.cultivatingeducation.com/27285d/claiming-olivia.pdf,Academy Book Reference
gossipcop-2844019630,rumba1065.iheart.com/content/2017-06-01-michael-strahan-looking-forward-to-working-with-alex-rodriguez-at-abc/,Michael Strahan 'Looking Forward' To Working With Alex Rodriguez At ABC
gossipcop-5021810538,ew.com/movies/2017/07/31/sam-shepard-dies-celebrities-react/,Sam Shepard dead: Celebrities react
gossipcop-9772762855,www.nickiswift.com/123546/meghan-markles-uninvited-family-crashed-royal-wedding/,How Meghan Markle's uninvited family crashed the royal wedding
gossipcop-1260082508,www.gq.com/story/brad-pitt-gq-style-cover-story,"Brad Pitt Talks Divorce, Quitting Drinking, and Becoming a Better Man"
gossipcop-8376831160,www.therichest.com/pop-culture/15-celebs-chris-pratt-should-date-instead-of-the-mystery-blonde/,15 Celebs Chris Pratt Should Date Instead Of The Mystery Blonde
gossipcop-8221846371,hollywoodlife.com/2018/01/26/sofia-richie-brown-hair-photos-transforming-kourtney-kardashian-relationship-scott-disick/,Sofia Richie Purposely Transforming Into Kourtney Kardashian For Scott Disick: It’s A ‘Huge Turn-On’
gossipcop-8829213246,www.billboard.com/articles/columns/country/8039483/musicians-react-to-mel-tillis-death,Musicians React to Mel Tillis' Death
gossipcop-9383450863,rollingout.com/2017/11/21/kanye-infuriated-that-beyonce-and-jay-z-treat-kim-kardashian-disrespectfully/,Kanye ‘infuriated’ that Beyoncé and Jay-Z treat Kim Kardashian disrespectfully
gossipcop-7351488328,hollywoodlife.com/2017/11/06/kanye-west-better-after-breakdown-kim-kardashian/,Kanye West ‘Calmer & More Focused’ On One Year Anniversary Of Breakdown: Life With Kim Is ‘Flourishing’
gossipcop-2504208932,www.peoplemagazines.net/jennifer-garner-making-ben-affleck-jealous-by-flirting-with-josh-duhamel/,Jennifer Garner Making Ben Affleck Jealous By Flirting With Josh Duhamel?
gossipcop-4471293231,www.maxim.com/entertainment/margot-robbie-vanity-fair-story-controversy-2016-7,The Internet Isn't Too Happy With Vanity Fair's Cover Story About Margot Robbie
gossipcop-2205318349,nypost.com/2018/07/01/meghan-markle-has-gone-from-chic-to-a-fashion-disaster/,Royal life is ruining Meghan Markle’s sexy style
gossipcop-1955766846,www.intouchweekly.com/posts/kanye-west-leaves-kim-kardashian-159645,"Kanye West Leaves Kim Kardashian After a Massive Fight: ""He Stormed Off, Leaving Kim in Tears"" (EXCLUSIVE)"
gossipcop-745116685,hollywoodlife.com/2017/08/01/anthony-scaramucci-katrina-pierson-dating-relationship/,Is Anthony Scaramucci Dating Katrina Pierson?: Spotted Out Together After He’s Fired By Trump
gossipcop-5257024137,www.digitalspy.com/tv/once-upon-a-time/news/a829101/once-upon-a-time-cast-tributes-manchester-victim-georgina-callander/,Once Upon a Time cast pay emotional tributes to Manchester terror attack victim Georgina Callander
gossipcop-3861067342,metro.co.uk/2018/03/15/jennifer-aniston-ready-mingle-justin-theroux-starts-dating-7389441/,Is Jennifer Aniston ready to mingle as Justin Theroux starts ‘dating again’?
gossipcop-8140910927,radaronline.com/videos/justin-bieber-sings-while-he-pees/,Justin Bieber Leaks Tunes In Men’s Room: Star Caught Singing — While Peeing!
gossipcop-698437440,www.newidea.com.au/prince-harry-and-meghan-markle-buy-malibu-beach-house,Check out Prince Harry and Meghan Markle’s new house
gossipcop-846907177,www.thehollywoodgossip.com/2018/08/sofia-richie-to-kourtney-kardashian-stay-away-from-scott-disick/,Sofia Richie to Kourtney Kardashian: Stay Away From Scott Disick!
gossipcop-4768336851,www.wetpaint.com/rob-kardashian-blac-chyna-dna-test-1581559/,Rob Kardashian Demands Second DNA Test on Daughter Dream — Report
gossipcop-5846125151,www.usatoday.com/story/life/people/2017/12/15/kevin-hart-confesses-cheating-his-pregnant-wife/956472001/,Kevin Hart confesses to cheating on his pregnant wife
gossipcop-7686810284,www.lifeandstylemag.com/posts/khloe-kardashian-rasing-baby-alone-158437,Khloé Kardashian Wants to Raise Baby True Alone — Without Tristan Thompson (EXCLUSIVE)
gossipcop-9359253422,www.cosmopolitan.com/entertainment/a20105686/kim-kardashian-khloe-tristan-relationship-ellen-show/,Kim Kardashian Speaks Out About Khloé​ Kardashian and Tristan Thompson's Relationship Status
gossipcop-6399415850,www.mercurynews.com/2017/07/13/jennifer-lopez-hired-private-detective-to-check-out-alex-rodriguez-cheating-allegations-report-says/,"Jennifer Lopez hired private detective to check out Alex Rodriguez cheating allegations, report says"
gossipcop-6724787338,metro.co.uk/2018/08/04/katie-holmes-and-jamie-foxx-kiss-in-public-for-first-time-on-romantic-beach-date-7798486/,Katie Holmes and Jamie Foxx kiss in public for first time on beach date
gossipcop-2982734156,www.nbcwashington.com/entertainment/entertainment-news/David-Cassidy-of-Partridge-Family-Fighting-Dementia-414282263.html,"David Cassidy, Fighting Memory Loss, Wants to 'Enjoy Life'"
gossipcop-863343890,www.msn.com/en-sg/movies/celebrity/sienna-miller-%E2%80%9Ccozying-up%E2%80%9D-to-ben-affleck-for-movie-roles/ar-AAmhPOK?li=BBr8zL1,Sienna Miller “Cozying Up” To Ben Affleck For Movie Roles?
gossipcop-7485333505,www.theguardian.com/film/2018/aug/22/danny-boyle-james-bond-daniel-craig,Danny Boyle's exit from James Bond throws franchise into chaos
gossipcop-1843695308,extratv.com/2017/04/29/rumor-bust-jennifer-garner-is-not-pregnant-with-twins/,Rumor Bust! Jennifer Garner Is Not Pregnant with Twins
gossipcop-5750046920,www.accessonline.com/articles/ariel-winters-boyfriend-levi-meaden-cheekily-grabs-her-tush-fourth-july-pic/,Ariel Winter's Boyfriend Levi Meaden Cheekily Grabs Her Tush In Fourth Of July Pic
gossipcop-5013441642,www.mtv.com/news/1706996/selena-gomez-justin-bieber-relationship-crazy-intense/,Selena Gomez Calls Justin Bieber Relationship 'Crazy And Very Intense'
gossipcop-3646695408,,  Robert Pattinson  Rihanna Going On Secret Dates Secret Dates 
gossipcop-6071391632,en.wikipedia.org/wiki/Leslie_Jones_(comedian),Leslie Jones (comedian)
gossipcop-3724090406,www.mirror.co.uk/3am/celebrity-news/kris-jenner-gets-hammered-takes-12031120,Kris Jenner gets hammered and takes on karaoke in boozy night in with the Kardashians
gossipcop-6588325659,www.usmagazine.com/celebrity-news/news/justin-theroux-stayed-in-guest-house-before-jennifer-aniston-split/,Justin Theroux Stayed in Guest House Before Jennifer Aniston Split
gossipcop-3712609149,www.dailymail.co.uk/news/article-4885794/Angelina-Jolie-attended-Cambodian-wedding-baby-Maddox.html,Angelina Jolie's humanitarian efforts in Cambodia revealed
gossipcop-45507037,thestir.cafemom.com/movies/182294/50_shades_of_diva_dakota,50 Shades of Diva? Dakota Johnson's On-Set Tantrums Sound Awful
gossipcop-1770549032,www.inquisitr.com/3101499/justin-bieber-blames-taylor-swift-for-selena-gomez-split-swift-orchestrated-orlando-bloom-drama-to-hurt-katy-perry/,Justin Bieber Blames Taylor Swift For Selena Gomez Split: Swift Orchestrated Orlando Bloom Drama To Hurt Katy Perry?
gossipcop-1250694086,www.express.co.uk/life-style/style/957723/royal-wedding-meghan-markle-latest-news-kate-middleton-pictures-tiara-jewellery,Royal wedding: Does Kate Middleton plan to upstage Meghan Markle with a tiara?
gossipcop-9838996716,www.eonline.com/news/451699/matt-bomer-really-proud-of-wentworth-miller-for-coming-out-as-gay,"Matt Bomer ""Really Proud"" of Wentworth Miller for Coming Out as Gay"
gossipcop-5310327614,www.foxnews.com/entertainment/2017/09/08/troy-gentry-montgomery-gentry-dead-celebrities-react.html,Troy Gentry of Montgomery Gentry dead: Celebrities react
gossipcop-2077133127,hollywoodlife.com/2017/04/30/khloe-kardashian-tristan-thompson-fighting-relationship-breakup/,Khloe Kardashian & Tristan Thompson Splitting Up? Inside Their ‘Passionate’ Fights
gossipcop-7705440500,www.usmagazine.com/celebrity-news/news/brad-pitt-completely-devastated-after-angelina-jolie-split-w441790/,Brad Pitt ‘Completely Devastated’ After Angelina Jolie Split
gossipcop-6675497544,alivetales.com/here-is-the-truth-weather-jennifer-and-brad-buying-dream-home-together-or-not/,Here Is The Truth Weather Jennifer And Brad Buying “Dream Home” Together Or Not! – Alivetales
gossipcop-2121835149,"books.google.com/books?id=OyQjXlmg8tMC&pg=PA45&lpg=PA45&dq=Jennifer+Lopez+In+Hospital+,+Claim&source=bl&ots=1GefSSecrN&sig=7Ry1qutiJeE_mSeC5RgENF8uUjE&hl=en&sa=X&ved=2ahUKEwiO2-rLqZbdAhUB-lQKHSb2Ap04ChDoATAAegQIBBAB",Jennifer Lopez: A Biography
gossipcop-2685135840,www.newsweek.com/david-and-victoria-beckham-romance-pictures-967453,David and Victoria Beckham: A Romance in Pictures
gossipcop-6638285644,www.nowtolove.com.au/celebrity/celeb-news/will-jennifer-aniston-and-brad-pitt-get-back-together-45090,"Jennifer Aniston and Brad Pitt are both single, so will they get back together?"
gossipcop-8754918117,www.thecut.com/2017/09/jennifer-aniston-dreams-of-opening-a-wellness-center.html,Jennifer Aniston Dreams of Opening a Wellness Center
gossipcop-2243489428,www.usmagazine.com/celebrity-news/news/kim-kardashian-begs-tristan-thompson-to-unblock-her-on-instagram/,Kim Kardashian Begs Tristan Thompson to Unblock Her on Instagram
gossipcop-5073552813,www.nzherald.co.nz/lifestyle/news/article.cfm?c_id=6&objectid=11932161,The eight-hour diet Nicole Kidman swears by
gossipcop-6828006698,people.com/style/justin-bieber-hailey-baldwin-engagement-ring-wedding-band/,Are Justin Bieber and Hailey Baldwin Already Married? See Band She's Wearing
gossipcop-2220392042,hollywoodlife.com/2017/02/16/angelina-jolie-jared-leto-crush-brad-pitt-relationship-fought/,Angelina Jolie Always Had A ‘Crush On Jared Leto’: She & Brad Fought About Him A Lot
gossipcop-7018727955,www.soulspiritguidance.com/actress-emma-stone-understand-people-dont-like-donald-trump/,"Emma Stone: I Understand That People Don’t Like Donald Trump, But.."
gossipcop-2220709136,www.express.co.uk/life-style/life/994629/kate-middleton-prince-harry-meghan-marble-proposal-news-latest,Why Prince Harry sought Kate Middleton’s approval before proposing to Meghan Markle
gossipcop-3526525384,hollywoodlife.com/2018/06/13/justin-bieber-making-selena-gomez-jealous-hailey-baldwin-romance/,Justin Bieber Flaunting Hailey Baldwin Romance: Is He Hoping Selena Gomez Notices?
gossipcop-8393658999,metro.co.uk/tag/bradley-cooper/,Bradley Cooper
gossipcop-5072893790,starmagazine.com/videos/justin-timberlake-jessica-biel-parenting-differences-spoils-son-video/,When Parents Disagree: Justin Timberlake & Jessica Biel NOT NSYNC
gossipcop-6913215786,www.imdb.com/news/ni61539823,"Story About Kevin Hart Buying Eniko Parrish $250,000 Push Present Is Fake News"
gossipcop-8701327201,,Sofia Richie Paying Scott Disick ’ s Bills  Reports
gossipcop-7415621392,thestir.cafemom.com/celebrities/210107/ben-affleck-marry-lindsay-shookus,Ben Affleck Called a 'Pig' After Rumors Surface He's Ready to Marry Girlfriend Lindsay Shookus
gossipcop-1517816546,variety.com/2017/digital/news/donald-trump-cnn-tweet-celebrities-react-social-media-1202486161/,Celebrities React to Donald Trump’s CNN Body-Slam Tweet: ‘How the F— Are You a President’
gossipcop-8887202012,time.com/5047223/donald-trump-access-hollywood-tape-billy-bush/,Billy Bush Confirms It Was Trump on 'Access Hollywood' Tape
gossipcop-5760931012,www.ibtimes.sg/kris-jenner-upset-kendall-jenner-dating-ap-rocky-over-harry-styles-10007,Kris Jenner upset with Kendall Jenner for dating A$AP Rocky over Harry Styles
gossipcop-2028638826,people.com/celebrity/a-timeline-of-the-complicated-relationship-between-taylor-swift-and-kim-kardashian-west/,A Timeline of the Complicated Relationship Between Taylor Swift and Kim Kardashian West
gossipcop-1398529432,hollywoodlife.com/2018/05/30/ryan-reynolds-blake-lively-baby-pregnant-3rd-child-deadpool-premiere-pic/,Blake Lively & Ryan Reynolds Reportedly Expecting Baby #3 Just 19 Months After Ines’ Birth
gossipcop-4970023834,www.eonline.com/news/729949/rosie-huntington-whiteley-and-jason-statham-are-engaged-model-debuts-giant-diamond-ring-at-the-2016-golden-globes,Rosie Huntington-Whiteley and Jason Statham Are Engaged! Model Debuts Giant Diamond Ring at the 2016 Golden Globes
gossipcop-716685661,www.playbill.com/article/bette-midler-and-david-hyde-pierce-return-to-hello-dolly-on-broadway-july-17,"Bette Midler and David Hyde Pierce Return to Hello, Dolly! on Broadway July 17"
gossipcop-2516712786,theconversation.com/black-americas-bleaching-syndrome-82200,Black America’s ‘bleaching syndrome’
gossipcop-679695760,www.grandcafekarakter.nl/wp-content/uploads/2018/07/karafuncatalog_nl_all.pdf,Billy Ray Cyrus Diva Huge Entourage Wendy Williams Show Wendy Williams
gossipcop-6414772244,www.complex.com/pop-culture/2018/01/blac-chyna-says-kim-kardashian-new-baby-is-a-blessing,Blac Chyna Says Kim Kardashian and Kanye West's New Baby Is a 'Blessing'
gossipcop-8885333485,metro.co.uk/2018/08/10/kylie-jenner-birthday-family-mural-includes-scott-disick-but-not-tristan-thompson-7824400/,"Kylie Jenner family mural has Scott Disck, not Tristan Thompson"
gossipcop-590441805,www.lifeandstylemag.com/posts/kylie-jenner-butterfly-tattoo-134542/photos/kylie-jenner-hips-125075,"Kylie Jenner Is Afraid of Butterflies, Which Is Weird Because She Has a Tattoo of One"
gossipcop-5012694464,radaronline.com/exclusives/2017/06/alex-rodriguez-cheating-scandal-proof-he-betrayed-jennifer-lopez/,A-Rod Is Lying! See The Proof He Booked A Sex Date With His Mistress Months Ago
gossipcop-6921578356,people.com/royals/prince-harry-ex-cressida-bonas-reveals-her-worry-royal-wedding/,Prince Harry's Ex Cressida Bonas Reveals Her One Worry About Attending the Royal Wedding
gossipcop-6390608108,www.lifeandstylemag.com/posts/american-idol-canceled-157091,The 'American Idol' Reboot's Ratings Give Insight Into the Show's Future
gossipcop-209087221,www.intouchweekly.com/posts/selena-gomez-the-weeknd-relationship-125087,"Selena Gomez Is Acting “Crazy” With The Weeknd, “Pushing Him Away” (EXCLUSIVE)"
gossipcop-3086758488,en.wikipedia.org/wiki/Julia_Roberts,Julia Roberts
gossipcop-6146438761,www.nationalenquirer.com/celebrity/teresa-giudice-rhonj-governor-jersey/,Teresa Giudice Eyes New Jersey Governor’s Mansion
gossipcop-4780852492,celebrityinsider.org/faith-hill-wants-a-divorce-and-is-tired-of-tim-mcgraws-cheating-ways-report-106905/,Faith Hill Wants A Divorce And Is Tired Of Tim McGraw’s Cheating Ways: Report
gossipcop-6460819464,giphy.com/gifs/movie-fight-brad-pitt-ny4CLdh7iugE0,Find & Share on GIPHY
gossipcop-7313900095,hollywoodlife.com/2017/10/12/angelina-jolie-halloween-party-kids-haunted-house-dress-as-maleficent/,Angelina Jolie Planning Epic Halloween Party For The Kids: ‘They’re Begging Her To Be Maleficent’
gossipcop-1637698980,www.mtv.co.uk/zayn-malik/news/zayn-malik-taylor-swift,Zayn Malik Has His Say On The Taylor Swift 'Look What You Made Me Do' Drama
gossipcop-2514104692,www.justjaredjr.com/2017/02/27/ashley-tisdale-slams-pregnancy-rumors/,Ashley Tisdale Slams Pregnancy Rumors
gossipcop-9406231872,hollywoodlife.com/2017/07/05/why-did-taylor-swift-cancel-4th-of-july-party-album-joe-alwyn/,Taylor Swift Cancels 4th Of July Party To Concentrate On New Album & New BF Joe
gossipcop-7114277741,abcnews.go.com/GMA/Culture/brad-pitt-fires-back-angelina-jolie-claims-paid/story?id=57114183,"Brad Pitt fires back at Angelina Jolie, claims he paid more than $1.3 million in child support"
gossipcop-5392044432,,Sandra Bullock Planning Wedding And Adopting Third Baby  Tabloid
gossipcop-2176268957,bieber.trendolizer.com/2018/05/hollywoodlife-caught-in-lies-about-selena-gomez-justin-bieber-and-the-met-gala.html,"HollywoodLife Caught In Lies About Selena Gomez, Justin Bieber And The Met Gala"
gossipcop-1134125875,www.inquisitr.com/4906250/kim-kardashian-does-not-have-escape-plan-to-leave-kanye-west-debunked/,Kim Kardashian Does Not Have ‘Escape Plan’ To Leave Kanye West [Debunked]
gossipcop-2856325908,en.wikipedia.org/wiki/One_Love_Manchester,One Love Manchester
gossipcop-2311657471,www.hollywoodreporter.com/live-feed/stranger-things-season-2-who-dies-explained-1052798,'Stranger Things' Creators Go Inside Season 2's Heartbreaking Death
gossipcop-2695444481,en.wikipedia.org/wiki/Katy_Perry,Katy Perry
gossipcop-6503389654,www.imdb.com/news/ni61499733,"Britney Spears’ Boyfriend Sam Asghari Did Not Buy Her Boob Job, Despite Report"
gossipcop-2798661238,www.cosmopolitan.com/entertainment/celebs/a14510038/selena-gomez-mom-relationship-justin-bieber-family/,Selena Gomez’s “Complicated” Relationship With Her Mom Reportedly Goes Beyond the Justin Bieber Drama
gossipcop-6953149122,radaronline.com/videos/angelina-jolie-spotlight-tom-ford-fashion/,Angelina Jolie Begs Tom Ford For Help Resurrecting Her Career
gossipcop-9837234192,hollywoodlife.com/2018/06/08/george-clooney-running-president-amal-first-lady/,George Clooney’s Friends Want Him To Run For President: He Would Be ‘Amazing’ With Amal As First Lady
gossipcop-8840558724,www.abc.net.au/news/2017-11-25/donald-trump-says-hell-probably-be-named-times-person-of-year/9193246,Donald Trump and Time magazine dispute Person of the Year plans
gossipcop-2993074213,indianexpress.com/article/entertainment/hollywood/kristen-stewart-goes-on-romantic-date-with-her-girlfriend-alicia-cargile/,Kristen Stewart goes on a romantic date with her girlfriend Alicia Cargile
gossipcop-9058314786,www.newidea.com.au/jennifer-aniston-and-brad-pitt-busted-in-aspen,Brad Pitt and Jennifer Aniston 'busted' over Aspen reunion
gossipcop-3297070329,www.usmagazine.com/celebrity-news/news/brad-pitt-angelina-jolie-reach-summer-custody-agreement/,"Brad Pitt, Angelina Jolie Reach Summer Custody Agreement"
gossipcop-722310849,hollywoodlife.com/2018/06/06/kylie-jenner-wants-kendall-anwar-hadid-relationship-get-serious-babies/,Kylie Jenner Hoping Kendall Jenner & Anwar Hadid Get Serious & Have ‘Supermodel Babies’
gossipcop-4821281886,www.mirror.co.uk/3am/celebrity-news/kim-kardashians-bizarre-defence-free-12430081,Kim Kardashian's bizarre defence of 'free thinking' Kanye West amid desperate attempts to fix damage caused by Donald Trump support
gossipcop-9239145633,hollywoodlife.com/2018/08/08/kourtney-kardashian-pregnant-fourth-baby-younes-bendjima-dad-breakup/,Kourtney Kardashian Reportedly Pregnant With Baby #4 — Is Ex-BF Younes Bendjima The Dad?
gossipcop-1960059295,abcnews.go.com/Politics/trump-administration-politicians-celebrities-react-sean-spicers-resignation/story?id=48775448,"Trump administration, politicians and celebrities react to Sean Spicer’s resignation"
gossipcop-2266317886,www.glamour.com/story/everything-that-happened-backs,Everything That Happened Backstage After Bindi Irwin and Derek Hough Won Dancing With the Stars!
gossipcop-9637093116,www.billboard.com/articles/business/7858155/gwen-stefani-live-nation-lawsuit-concert-injury,Fan Sues Gwen Stefani & Live Nation for Stampede That Left Her With a Broken Leg
gossipcop-1995680109,www.celebitchy.com/580547/star_jennifer_aniston_feels_humiliated_by_justins_new_thing_with_emma_stone/,Star: Jennifer Aniston feels ‘humiliated’ by Justin’s new thing with Emma Stone
gossipcop-3016579480,www.imdb.com/news/ni61688023,Teresa Giudice Can’t Afford To Send Daughter To College?
gossipcop-4311791656,www.bustle.com/p/kim-kardashian-predicted-kylie-jenner-would-be-a-young-mom-but-shes-not-the-only-one-9489571,"Kim Kardashian Predicted Kylie Jenner Would Be A Young Mom, But She's Not The Only One"
gossipcop-994194865,www.cnn.com/2017/07/17/politics/caitlyn-jenner-senate-run/index.html,Caitlyn Jenner latest celebrity to float run for office
gossipcop-9659734933,www.news.com.au/entertainment/celebrity-life/hook-ups-break-ups/angelina-jolie-exposes-her-rebelturnedsaint-myth-by-trashing-brad-pitt/news-story/0e0c5c115f8ea7ff8907d58d79dfa677,Angelina Jolie shows true colours after Brad Pitt breakup
gossipcop-4258497840,www.celebdirtylaundry.com/2017/kate-middleton-struggling-to-forgive-prince-william-royal-couple-in-secret-therapy-sessions/,Kate Middleton Struggling To Forgive Prince William: Royal Couple In Secret Therapy Sessions?
gossipcop-5144862894,uk.businessinsider.com/trump-made-big-royal-faux-pas-when-visiting-the-queen-2018-7,Trump made one of the biggest royal faux pas when visiting the Queen — and people are outraged
gossipcop-236447602,www.usatoday.com/story/life/entertainthis/2016/04/09/kaley-cuoco-posts-pic-with-new-beau/82834518/,Meet the two men in Kaley Cuoco's life
gossipcop-9904513008,www.intouchweekly.com/posts/robert-pattinson-dating-singer-fka-twigs-dashing-dreams-of-a-robsten-reunion-42369,"Robert Pattinson Dating Singer FKA Twigs, Dashing Dreams of a Robsten Reunion"
gossipcop-314846913,www.lifeandstylemag.com/posts/kylie-jenner-wedding-travis-scott-kendall-jenner-134224,Kendall Jenner Is the Only Family Member Who Knew About Kylie's Wedding to Travis Scott (EXCLUSIVE)
gossipcop-8586044284,www.imdb.com/news/ni61997245,"Keith Urban Walks out on Nicole Kidman After ""a String of Arguments"" – and It's Intense (Exclusive)"
gossipcop-4832989936,www.cosmopolitan.com/uk/entertainment/a13450106/kardashians-caitlyn-jenner-feud-timeline/,All the times Caitlyn Jenner has shaded the Kardashians and they've shaded her right back
gossipcop-4398953204,www.newidea.com.au/confirmed-brad-pitt-and-jenner-aniston-theyre-back-on,CONFIRMED: Brad Pitt and Jennifer Aniston - 'They're back on!'
gossipcop-6982710185,extratv.com/2017/09/08/celebrities-react-to-hurricane-irma/,Celebrities React to Hurricane Irma
gossipcop-2509626865,,Alex Rodriguez Recording Album 
gossipcop-7343229178,www.inquisitr.com/4811274/brad-pitt-freaks-out-over-supposed-jennifer-aniston-and-angelina-jolie-showdown-says-new-idea/,"Brad Pitt ‘Freaks Out’ Over Supposed Jennifer Aniston And Angelina Jolie Showdown, Says ‘New Idea’"
gossipcop-1843377871,www.eonline.com/news/947900/mila-kunis-and-ashton-kutcher-might-just-have-the-sweetest-love-story-ever,Mila Kunis and Ashton Kutcher Might Just Have the Sweetest Love Story Ever
gossipcop-5084250318,www.gaystarnews.com/article/kristen-stewart-cannes-red-carpet-barefoot/,Kristen Stewart breaks Cannes rule and walks red carpet barefoot
gossipcop-6132966048,www.marieclaire.com/celebrity/g18655293/brad-pitt-jennifer-aniston-relationship-timeline/,A Complete Timeline of Brad Pitt and Jennifer Aniston's Relationship
gossipcop-836640618,www.revelist.com/celebrity/rihanna-pregnancy-grammys/11384,"Fans are speculating Rihanna is pregnant after the Grammys, and it's not OK"
gossipcop-6269709562,www.lifeandstylemag.com/posts/selena-gomez-dog-the-weeknd-148366,Selena Gomez and The Weeknd Are Fighting Over Custody of Their Dog (EXCLUSIVE)
gossipcop-9091201983,www.usmagazine.com/entertainment/news/kris-jenner-talks-season-15-of-keeping-up-with-the-kardashians/,Kris Jenner Talks Season 15 of ‘Keeping Up With the Kardashians’
gossipcop-6044982799,www.imdb.com/name/nm0005278/,Jerry O'Connell
gossipcop-7261426492,www.intouchweekly.com/posts/kris-jenner-corey-gamble-split-144662,Kris Jenner and Corey Gamble Call It Quits After Three Years Together (EXCLUSIVE)
gossipcop-7890911428,www.girlfriend.com.au/justin-bieber-and-selena-gomez-elope,Justin Bieber And Selena Gomez Are Reportedly Planning To Elope
gossipcop-28284230,www.usmagazine.com/celebrity-news/news/madonna-faced-uncomfortable-questions-over-malawi-adoption-w465912/,Madonna Faced ‘Uncomfortable Questions’ Over Malawi Adoption
gossipcop-6777677802,us.blastingnews.com/showbiz-tv/2018/08/video/ben-affleck-dines-with-playboy-model-after-rumored-lindsay-shookus-split-005021037.html,Ben Affleck dines with Playboy model after rumored Lindsay Shookus split
gossipcop-2419353601,www.tmz.com/2017/12/27/kylie-jenner-baby-bump-pregnant-video-january-fake/,"Kylie Jenner's 'Baby Bump' Video is From January, Couldn't Be Real"
gossipcop-351430968,www.newidea.com.au/meghan-markle-prince-harry-expecting-a-baby-erin-specht,Meghan and Harry: We're having a baby already!
gossipcop-3465610332,,Selena Gomez Trusting Justin Bieber More Than Ever
gossipcop-1819145958,www.wikinow.co/topic/sienna-miller,Sienna Miller on Wikinow
gossipcop-8353894138,hollywoodlife.com/2018/04/15/kanye-west-twitter-lamar-odom-dissing-tristan-thompson/,Kanye West Posts Tribute To Lamar Odom: Is He Dissing Tristan Thompson For Cheating On Khloe?
gossipcop-3410399177,people.com/health/khloe-kardashian-fitness-diet-tips,From Cutting Out Dairy to Mixing Up Workouts: Khloé Kardashian's Best Fitness & Clean Eating Tips
gossipcop-6941098368,www.intouchweekly.com/posts/angelina-jolie-snubbed-margot-robbie-147087,Angelina Jolie Snubbed Margot Robbie — and We're Guessing It's Because of Those Brad Pitt Rumors (EXCLUSIVE)
gossipcop-5758053477,radaronline.com/exclusives/2018/06/justin-bieber-propose-hailey-baldwin-dating-wedding-ring/,Make Me Your Wife! Hailey Baldwin Begs Justin Bieber To Propose
gossipcop-5119405298,www.businessinsider.com/prince-harry-meghan-markle-prince-william-kate-and-11-other-royals-all-live-in-the-same-palace-2018-5,"Prince Harry, Meghan Markle, Prince William, Kate, and 11 other royals all live in the same palace — here's a breakdown of their lavish quarters"
gossipcop-8047164046,www.thehollywoodgossip.com/2016/09/ben-affleck-and-jennifer-lopez-back-together/,Ben Affleck & Jennifer Lopez: Back Together?!?!
gossipcop-5584092319,www.eonline.com/news/915351/selena-gomez-and-justin-bieber-can-t-keep-their-hands-to-themselves-during-jamaican-getaway,Selena Gomez and Justin Bieber Can't Keep Their Hands to Themselves During Jamaican Getaway
gossipcop-7255648147,www.usatoday.com/story/life/music/2018/08/27/mel-b-enter-rehab-agt-judge-seek-help-ptsd-addiction/1108331002/,"Mel B clarifies rehab reports: 'No, I’m not an alcoholic. No, I’m not a sex addict.'"
gossipcop-5615107600,www.etonline.com/jennifer-aniston-and-justin-theroux-split-a-look-back-at-their-private-relationship-96527,Jennifer Aniston and Justin Theroux Split: A Look Back At Their Private Relationship
gossipcop-3189527671,www.usmagazine.com/celebrity-news/news/donald-trump-and-first-lady-melania-keep-separate-bedrooms-w473116/,Donald Trump and First Lady Melania Keep Separate Bedrooms
gossipcop-7674810422,me.me/t/mariah-carey,"Caking Memes, Mariah Memes, Carey Memes"
gossipcop-3146968869,www.countryliving.com/life/entertainment/a19723582/will-katie-couric-return-to-today-show/,Katie Couric Reveals Whether She Would Return to Host the 'Today' Show
gossipcop-9886828867,tvline.com/2017/07/12/teen-choice-awards-nominations-2017-full-final-list-nominees/,"Teen Choice Awards Nominations 2017 — Full, Final List Of Nominees"
gossipcop-6451659869,www.newidea.com.au/jennifer-aniston-spotted-cradling-growing-baby-bump-in-montreal,Is Jennifer Aniston finally pregnant?
gossipcop-7532679120,hollywoodlife.com/2018/01/29/chris-brown-rihanna-pregnancy-rumors-grammy-awards/,Chris Brown Hurt Over Rihanna Pregnancy Rumors: ‘That Should Be My Baby’
gossipcop-8755915248,www.popsugar.com/celebrity/Queen-Elizabeth-II-Meeting-Prince-Louis-First-Time-44799344,Queen Elizabeth II Meeting Prince Louis For the First Time
gossipcop-1806451551,www.refinery29.com/2017/11/179895/george-clooney-quitting-acting-too-old-rich,George Clooney Wants To Quit Acting For This Reason
gossipcop-5533222267,www.dailymail.co.uk/news/article-4701820/Is-fishy-sushi.html,10% of fish across sushi restaurants not as labelled
gossipcop-5215807248,www.elle.com/culture/celebrities/a18569632/justin-theroux-jennifer-aniston-brad-pitt-love-note-post-its-report/,Justin Theroux Found Jennifer Aniston's Love Note Post-Its From Brad Pitt
gossipcop-9919498974,www.dailymotion.com/video/x6clanr,Dakota Johnson And Chris Martin Fast-Track Wedding Plans
gossipcop-7562477755,pagesix.com/2018/05/23/angelina-jolie-is-livid-she-cant-travel-with-her-kids-amid-custody-battle/,Angelina Jolie can't travel with kids amid Brad Pitt divorce
gossipcop-8862742609,okmagazine.com/videos/ben-affleck-complicated-love-triangle-jennifer-garner-lindsday-shookus/,Three’s A Crowd: Ben Affleck’s Complicated Love Triangle With Jennifer Garner & Lindsay Shookus
gossipcop-394386553,celebrityinsider.org/kelly-ripa-leaving-live-she-feels-betrayed-by-ryan-seacrest-amid-sexual-harassment-claims-126041/,Kelly Ripa Leaving ‘Live’? She Feels ‘Betrayed’ By Ryan Seacrest Amid Sexual Harassment Claims
gossipcop-5985910918,www.harpersbazaar.com/culture/features/a9586099/trump-civil-war-andrew-jackson/,"Trump Has No Idea Why the Civil War Happened, Twitter Has a Field Day"
gossipcop-9553363490,www.dailymail.co.uk/tvshowbiz/article-4226424/Emma-Watson-accused-diva-behaviour-ELLE-Awards.html,Emma Watson accused of 'diva behaviour' at ELLE Awards
gossipcop-3714410350,hollywoodlife.com/2017/07/15/rihanna-suitors-princess-treatment-hassan-jameel-romance/,Rihanna & Hassan Jameel: She Has 8 Other Guys Dying To Treat Her Like A Princess
gossipcop-2663107661,www.hollywoodreporter.com/news/kit-harington-rose-leslie-are-engaged-report-1043209,'Game of Thrones' Co-Stars Kit Harington and Rose Leslie Are Engaged
gossipcop-3130324464,yournewswire.com/mel-gibson-hollywood-pedophiles/,Mel Gibson: Hollywood Pedophiles Have Nowhere Left To Hide
gossipcop-4312789302,www.popsugar.com/celebrity/Miley-Cyrus-Liam-Hemsworth-Relationship-Timeline-31811369,Miley Cyrus and Liam Hemsworth Relationship Timeline
gossipcop-6629014522,www.dailymail.co.uk/tvshowbiz/article-5839669/Charlize-Theron-Alexander-Skarsgards-romance-six-years-dating.html,Charlize Theron and Alexander Skarsgard's romance is 'back on'
gossipcop-7591988667,hollywoodlife.com/2017/07/17/angelina-jolie-brad-pitt-secret-meetings-kids/,"Angelina Jolie & Brad Pitt Have ‘Secret Rendezvous’ Place To See Kids, Source Reveals"
gossipcop-6263072518,en.wikipedia.org/wiki/Julia_Roberts,Julia Roberts
gossipcop-7259617407,ew.com/news/2017/04/10/united-flight-man-dragged-celebrities-react/,Celebrities slam United Airlines over passenger who was dragged off flight
gossipcop-3800177373,hollywoodlife.com/2018/02/23/selena-gomez-dodges-pregnancy-question-paparazzi-video/,Selena Gomez Dodges Paparazzi As They Confront Her With Pregnancy Rumors — Watch
gossipcop-1448667119,hollywoodlife.com/2016/07/19/kim-kardashian-planned-taylor-swift-video-release-defend-kanye-west-family/,Kim Kardashian Carefully Planned Taylor Swift Video Release With Kanye ‘To Defend Family’
gossipcop-2335021732,www.dailytelegraph.com.au/entertainment/kim-kardashian-soaked-in-bitchy-catfight/story-e6frewyr-1111117021686?sv=445203803f09c157635386974aa3558c,Kim Kardashian soaked in bitchy catfight
gossipcop-4050914559,www.imdb.com/news/ni61149858,"The Weeknd, Selena Gomez Quotes Posted By HollywoodLife Are Fake"
gossipcop-2986942414,dmgnews.com/index.php/2017/12/07/jennifer-lawrence-our-lord-satan-will-destroy-donald-trump/,Jennifer Lawrence: ‘Our Lord Satan Will Destroy Donald Trump
gossipcop-8503469704,hollywoodlife.com/2017/10/27/gwen-stefani-thanksgiving-blake-shelton-oklahoma-promise/,Gwen Stefani: She Might Have To Break Promise To Celebrate Thanksgiving With Blake Shelton In OK
gossipcop-6246046280,people.com/celebrity/taylor-swift-suffered-bullying-in-school/,Taylor Swift Suffered Bullying in School
gossipcop-5122347544,radaronline.com/exclusives/2016/03/joe-giudice-prison-sex-teresa-rules-fort-dix/,"Conjugal Visits, Gay Hookups, & Porn: Joe’s Prison Sex Secrets Exposed"
gossipcop-8684672120,www.imdb.com/news/ni61583740,"Sandra Bullock’s High School Boyfriend Did Not Abuse Her, Despite Report"
gossipcop-7028678112,www.inquisitr.com/4977160/ariana-grande-did-not-cheat-on-pete-davidson-with-ex-boyfriend-big-sean-debunked/,Ariana Grande Did Not Cheat On Pete Davidson With Ex-Boyfriend Big Sean [Debunked]
gossipcop-777705305,radaronline.com/videos/miranda-lambert-blake-shelton-country-music-feud/,Malicious Miranda! Inside Lambert’s Ruthless Revenge Against Blake Shelton
gossipcop-5422473729,www.deccanchronicle.com/entertainment/hollywood/090518/charlie-sheen-slams-accuser.html,Charlie Sheen slams accuser
gossipcop-6345761457,ew.com/tv/2017/01/25/mary-tyler-moore-dead-celebrities-react/,Celebrities pay tribute to Mary Tyler Moore
gossipcop-1074471318,videos.tube/video/SnHDP5JCNHI/kylie-jenner-waiting-to-have-second-baby-or-wants-to-conceive-on-fathers-day,VideosTube
gossipcop-3259609252,hollywoodlife.com/2018/07/19/orlando-bloom-wants-kids-katy-perry-baby/,Orlando Bloom Ready To Start A Family With Katy Perry? He Admits He Wants More Kids
gossipcop-460395587,radaronline.com/videos/jennifer-lawrence-breakdown-stress-overworked/,Falling Apart! Scary New Signs Burnt-Out Jennifer Could Be Headed For A Breakdown
gossipcop-9781131395,en.wikipedia.org/wiki/Lindsay_Lohan,Lindsay Lohan
gossipcop-4225127848,,Brad Pitt Getting Married
gossipcop-7455960881,oscar.go.com/news/oscar-news/jimmy-kimmel-to-return-as-oscars-2018-host,Jimmy Kimmel Hosting PostOscars Special  Report
gossipcop-2779044405,skippyisheretostay.tumblr.com/post/172798506673/prince-harry-fears-meghan-markle-will-be-runaway,"Skippy @skippyisheretostay — Prince Harry Fears Meghan Markle Will Be ""Runaway..."
gossipcop-1426832166,finance.yahoo.com/news/portia-rossi-opens-ellen-why-134500481.html,"Portia de Rossi Opens Up to Ellen About Why She Quit Acting: ""I Decided to Start a Business"""
gossipcop-2024808843,www.magzter.com/articles/3409/216701/58ef59e1d7a12,Paris Jackson Lesbian Bombshell!
gossipcop-4784074017,pagesix.com/2018/07/02/mila-kunis-addresses-upsetting-divorce-pregnancy-rumors/,"Mila Kunis addresses ‘upsetting’ divorce, pregnancy rumors"
gossipcop-9328842988,ln.is/vdfGa,Chris Pratt
gossipcop-5174730972,www.dailymail.co.uk/tvshowbiz/kylie_jenner/index.html,"Kylie Jenner: News, Boyfriend, Net Worth & Photos"
gossipcop-2661113454,www.cnn.com/2014/06/18/showbiz/celebrity-news-gossip/kim-kardashian-music/index.html,Is Kim Kardashian pursuing a music career?
gossipcop-8565682825,www.celebritynetworth.com/couples/ben-affleck-jennifer-gar-net-worth/,Ben Affleck and Jennifer Garner Net Worth
gossipcop-3976046218,hollywoodlife.com/2017/01/17/jennifer-aniston-selena-gomez-relationship-advice-the-weeknd-follow-heart/,Jennifer Aniston Encouraging Selena Gomez To ‘Follow Her Heart’ In The Weeknd Romance
gossipcop-5168265842,en.wikipedia.org/wiki/Beyonc%C3%A9,Beyonce Did Give Birth To Babies  Twins Born Is News
gossipcop-6147600959,www.thehollywoodgossip.com/2018/06/kate-middleton-trash-talks-meghan-markle-daily-report/,Kate Middleton Trash-Talks Meghan Markle Daily (Report)
gossipcop-1055577574,www.naughtygossip.com/exclusive/taylor-swift-bans-lindsay-lohan-exclusive,Taylor Swift Bans Lindsay Lohan: EXCLUSIVE
gossipcop-3484539870,discussion.femalefirst.co.uk/viewtopic.php?t=728879,Female First Forum
gossipcop-2634690154,www.inquisitr.com/2129366/justin-bieber-hollywood-life-site-selena-gomez-fake-garbage-media/,Justin Bieber Destroys Gossip Site Over Bogus Selena Gomez Church Story
gossipcop-1251383153,www.news.com.au/entertainment/celebrity-life/hook-ups-break-ups/katie-holmes-jamie-foxxs-alleged-secret-romance-explained/news-story/e885965c7da275bc299e39621009dfa9,Katie Holmes and Jamie Foxx’s relationship timeline
gossipcop-6953480338,deadline.com/2017/03/robert-osborne-dies-hollywood-reacts-to-tcm-host-death-twitter-1202037837/,Robert Osborne: Industry Mourns “Class Act” & “True Gentleman”
gossipcop-4529241230,www.newidea.com.au/us-report-flaky-nicole-is-driving-keith-urban-crazy,US report - 'Flaky' Nicole is 'driving Keith Urban crazy'
gossipcop-8046287196,www.usmagazine.com/celebrity-news/news/selena-gomez-talks-the-weeknd-split-justin-bieber-reunion/,"Selena Gomez Talks The Weeknd Split, Justin Bieber Reunion"
gossipcop-4578461415,www.nationalenquirer.com/celebrity/david-letterman-netflix-series-beard/,David Letterman Won’t Give Up His Beard
gossipcop-4719602650,people.com/tv/eva-longoria-engaged-her-love-story-with-jose-pepe-baston/,Pregnant Eva Longoria: Inside Her Love Story with Husband José 'Pepe' Bastón
gossipcop-1059489954,,John Cena  Nikki Bella Having Kids Stories Made Up By HollywoodLife
gossipcop-3454213730,metro.co.uk/2017/03/07/ed-sheeran-admits-he-was-able-to-sleep-with-loads-of-hot-women-thanks-to-taylor-swift-6494770/,Ed Sheeran admits he was able to bed hot women because of Taylor Swift
gossipcop-6982132348,www.gq.com/story/chris-pratt-cover-story,Chris Pratt Cover Story: From Dadbod Sidekick to Rock-Hard Hero
gossipcop-5265362158,www.mid-day.com/articles/hollywood-angelina-jolie-google-alert-brad-pitt-name/18213167,Angelina Jolie has Google alert on Brad Pitt's name
gossipcop-2841919245,www.eonline.com/news/944443/how-blake-shelton-s-devastating-divorce-from-miranda-lambert-led-him-to-true-love-with-gwen-stefani,How Blake Shelton's Devastating Divorce From Miranda Lambert Led Him to True Love With Gwen Stefani
gossipcop-9078944877,radaronline.com/videos/jamie-foxx-eva-longoria-flirting/,Jamie Foxx Caught Flirting With Married Eva Longoria After Mistress Drama
gossipcop-4024992311,www.imdb.com/news/ni61348284,"Tom Holland Not Trying To Date Marisa Tomei, Despite Report"
gossipcop-5161133028,www.wetpaint.com/kim-kardashian-taylor-swift-2009-video-1614035/,Kim Kardashian Says She’s the “Biggest Taylor Swift Fan” in 2009 Interview (VIDEO)
gossipcop-8417478071,vt.co/entertainment/celebrity/furious-kylie-jenner-accuses-travis-scott-cheating-several-women/,'Furious' Kylie Jenner accuses Travis Scott of 'cheating on her with several women'
gossipcop-7756953495,mtonews.com/45160-2-rosie-odonnell-thick-niece,MTO EXCLUSIVE: Meet Rosie O'Donnell's Niece . .. She's BLOWING UP On Instagram . . . Cause She's BUILT LIKE BLAC CHYNA!! (Only She's NATURAL)
gossipcop-4452087097,www.news.com.au/entertainment/celebrity-life/hook-ups-break-ups/katie-holmes-and-jamie-foxx-split-after-five-years-together-report/news-story/f04d874df94dcc2c10a8e3c141ce7d80,Katie Holmes and Jamie Foxx deny split report
gossipcop-5233313461,www.businessinsider.com/gwyneth-paltrow-chris-martin-divorce-financial-breakdown-who-makes-what-2014-3,Here's What's At Stake In Gwyneth Paltrow And Chris Martin's Multimillion-Dollar Divorce
gossipcop-168175528,www.thehollywoodgossip.com/2018/01/mandy-teefey-speaks-out-mother-of-selena-gomez-wants-to-quash-fe/,"Mandy Teefey Speaks Out; Selena Gomez, Mom Look to Quash Beef Rumors"
gossipcop-8208502710,,Selena Gomez Excited Planning To See Justin Bieber Pattie Is MadeUp
gossipcop-9973153835,www.the-magician.co.uk/harry-potter-london-locations.htm,Locations in London
gossipcop-2970855725,www.x17online.com/2016/02/joe_jonas_platinum_hair_copy_zayn_malik_nick_jonas_photos_video_020416,Poor Joe Jonas Is Trying Desperately To Look Like Ex Gigi Hadid's New Boyfriend Zayn Malik
gossipcop-9507197017,radaronline.com/videos/jennifer-aniston-diet-justin-theroux-feud/,Controlling Jen Driving Justin Nuts! Aniston’s Absurd Diet Demands Causes Major Rift
gossipcop-4372521204,www.celebuzz.com/g/is-caitlyn-jenner-adopting-a-baby/,"Hold Up, Is Caitlyn Jenner Adopting a Baby?!"
gossipcop-2008641429,www.reddit.com/r/PedoGate/comments/7fcmkj/britney_spears_opens_up_about_illuminati_i_pray/,Britney Spears Opens Up About Illuminati: ‘I Pray To God For Forgiveness’ : PedoGate
gossipcop-2472082245,www.dailymail.co.uk/news/article-6109573/Hong-Kong-woman-21-tricked-marrying-STRANGER-mock-ceremony-China.html,Hong Kong woman 'tricked' into marrying a STRANGER in China
gossipcop-9754080475,www.usmagazine.com/celebrity-news/news/jennifer-garner-doesnt-want-her-kids-around-lindsay-shookus/,Jennifer Garner ‘Doesn’t Want’ Her Kids Around Lindsay Shookus
gossipcop-5156379060,,Jennifer Aniston Justin Theroux Nasty
gossipcop-5780624942,onceuponatime.wikia.com/wiki/Evil_Queen,Evil Queen
gossipcop-8393026790,www.lifeandstylemag.com/posts/janet-jackson-police-wissam-al-mana-baby-son-161133,Janet Jackson Called Police on Ex Wissam Al Mana to Check Welfare of Their Baby Son
gossipcop-5280770391,www.cairnspost.com.au/entertainment/sofia-richie-freaking-out-about-scott-getting-back-with-kourtney-kardashian/video/5493f9130df6715a7c19b12704879093,Sofia Richie FREAKING OUT About Scott Getting Back With Kourtney Kardashian!
gossipcop-756254851,www.msn.com/en-us/video/n/selena-gomez-worried-she-won%E2%80%99t-be-able-to-replace-justin-bieber/vp-BBMibIe,Selena Gomez WORRIED She Won’t Be Able To Replace Justin Bieber!
gossipcop-5008719868,radaronline.com/videos/kim-kardashian-and-kanye-west-back-in-separate-beds/,Sexless Marriage! Kim Kardashian & Kanye West Back In Separate Beds
gossipcop-5204071755,www.etonline.com/biggest-celebrity-feuds-2017-92730,The Biggest Celebrity Feuds of 2017
gossipcop-5250569328,www.usmagazine.com/celebrity-news/news/bella-hadid-is-hooking-up-with-nba-player-jordan-clarkson/,Bella Hadid Is ‘Hooking Up’ With NBA Player Jordan Clarkson
gossipcop-7094428280,www.newsday.com/entertainment/celebrities/lindsay-lohan-s-parents-plan-to-sue-sen-john-kennedy-over-slanderous-comments-before-congress-report-says-1.14370886,"Lindsay Lohan’s parents plan to sue Sen. John Kennedy over ‘slanderous comments’ before Congress, report says"
gossipcop-185105069,www.theatlantic.com/entertainment/archive/2016/01/work-work-work-work-work-rihanna-drake-single-review-anti/431532/,"Song Review: Rihanna and Drake's 'Work,' Off of Anti-, Embraces the Joy of Repetition"
gossipcop-7575054950,hollywoodlife.com/2018/01/15/travis-scott-changing-diapers-baby-care-kylie-jenner/,Travis Scott Learning How To Change Diapers From Kim & Kourtney Kardashian & Kylie’s ‘Impressed’
gossipcop-2161541420,www.celebritynetworth.com/richest-celebrities/actors/kate-hudson-net-worth/,Kate Hudson Net Worth
gossipcop-4469154661,www.huffingtonpost.com/2013/12/11/ellen-degeneres-divorce_n_4427217.html,Ellen DeGeneres Responds To Divorce Rumors As Only She Can
gossipcop-9907755425,hollywoodlife.com/2017/10/06/the-weeknd-selena-gomez-getting-married-proposal-plan/,The Weeknd Already Planning A Marriage Proposal That Will ‘Blow Selena Gomez’s Mind’
gossipcop-7455600910,www.foxnews.com/entertainment/2018/08/25/lindsay-shookus-breakup-from-ben-affleck-was-reportedly-very-hard-had-to-let-him-hit-bottom.html,Lindsay Shookus' breakup from Ben Affleck was reportedly 'very hard': 'She had to let him hit bottom'
gossipcop-3899200812,www.usmagazine.com/page/412/?p=0&KSID=17962a1e16d97995945c6d4aa6fc57ad&jwsource=cl,Page 412 – Us Weekly
gossipcop-1360722071,en.wikipedia.org/wiki/Margot_Robbie,Margot Robbie
gossipcop-7913189384,hollywoodlife.com/2018/02/28/justin-bieber-selena-gomez-birthday-gift-alone-time/,Justin Bieber: Spending Alone Time With Selena Gomez Is The Only Gift He Wants On His Birthday
gossipcop-6964255006,www.thisisinsider.com/khloe-kardashian-tristan-thompson-cheating-scandal-timeline-2018-4,Khloe Kardashian finally opened up about Tristan Thompson after his alleged infidelity — here's a complete timeline of the cheating scandal
gossipcop-6443705269,en.wikipedia.org/wiki/Sofia_Richie,Sofia Richie
gossipcop-6950860813,people.com/music/miranda-lambert-anderson-east-split/,Miranda Lambert and Anderson East Split After More Than 2 Years Together: Report
gossipcop-4810536767,www.foxnews.com/entertainment/2018/04/30/miranda-lambert-and-blake-had-affair-her-ex-claims.html,"Miranda Lambert and Blake Shelton had an affair, her ex claims"
gossipcop-1589416456,celebrityinsider.org/the-truth-behind-those-robert-pattinson-and-emma-watson-one-night-stand-rumors-107354/,The Truth Behind Those Robert Pattinson And Emma Watson One Night Stand Rumors
gossipcop-3493617375,hollywoodlife.com/2017/11/01/the-weeknd-dissing-selena-gomez-stranger-things-tweet/,Is The Weeknd Dissing Selena Gomez With This ‘Stranger Things’ Tweet? See Shady Message
gossipcop-9288489962,pagesix.com/2017/05/09/harry-styles-dating-naked-chef-tess-ward/,Harry Styles dating ‘Naked Chef’ Tess Ward
gossipcop-2532348673,www.thehollywoodgossip.com/2018/03/kim-kardashian-desperate-to-take-down-kylie-jenner/,Kim Kardashian: Desperate to Take Down Kylie Jenner?!
gossipcop-1445432909,www.thisisinsider.com/kaley-cuoco-wedding-inside-look-video-2018-7,Kaley Cuoco shared an inside look at her wedding to Karl Cook — and it was beautiful
gossipcop-244228966,starmagazine.com/videos/tom-cruise-daughter-suri-not-seen-interview-video/,Tom Cruise's Relationship With Daughter Suri Just Got Worse
gossipcop-9175416718,hollywoodlife.com/2018/02/07/are-demi-lovato-jesse-williams-dating-flirting-relationship/,Is Demi Lovato Dating Jesse Williams? New Report Claims Sparks Are Flying As They Start Flirting
gossipcop-3548262497,www.imdb.com/news/ni61279313,Lindsay Lohan Offered Role Of Teenager’s Mom Is Fake News
gossipcop-7147482030,globalnews.ca/video/4311590/nicole-kidman-reveals-the-secret-to-her-long-marriage-with-keith-urban,Nicole Kidman reveals the secret to her long marriage with Keith Urban
gossipcop-7946844362,www.newidea.com.au/brad-pitt-has-the-keys-to-new-girlfriends-apartment,Brad Pitt 'has the keys' to new girlfriend MIT Professor Neri Oxman's apartment
gossipcop-2167384102,celebrityinsider.org/president-west-kanye-builds-his-own-oval-office-replica-inside-new-california-mansion-65723/,President West? Kanye Builds His Own Oval Office Replica Inside New California Mansion
gossipcop-1380587821,www.newidea.com.au/nicole-kidman-and-keith-urban-s-heartbreaking-news,Nicole Kidman and Keith Urban's relationship is at breaking point
gossipcop-6916177825,www.theguardian.com/lifeandstyle/womens-blog/2015/jun/30/kim-kardashian-sex-tape-flag-glastonbury-kanye-west,The Kim Kardashian sex-tape flag at Glastonbury was a particularly nasty attack
gossipcop-2426265642,tigerbeat.com/video/liam-payne-acting-career/,Liam Payne Talks Possibility Of Starting An Acting Career
gossipcop-4375192538,radaronline.com/photos/caitlyn-jenner-knee-surgery-health-crisis-high-heel-hell/,High Heel Hell! Crippling Cait Facing Knee Surgery After Refusing To Ditch Stilettos
gossipcop-9713275683,uk.businessinsider.com/jennifer-lopez-alex-rodriguez-daughter-dance-dinero-2018-6,This video of Jennifer Lopez teaching Alex Rodriguez's daughter the 'Dinero' choreography proves that she'd be the best step mom ever
gossipcop-8633373261,radaronline.com/exclusives/2018/06/tom-cruise-ends-val-kilmer-cancer-scientology-powers-top-gun-2/,‘Top Gun 2’ Miracle! Tom Ends Val’s Cancer Horror With Bizarre Scientology Powers
gossipcop-1086231022,en.wikipedia.org/wiki/Billy_Bush,Billy Bush
gossipcop-9245155922,www.thehollywoodgossip.com/2017/07/khloe-kardashian-responds-to-rumors-oj-simpson-is-her-father/,Khloe Kardashian Responds to O.J. Simpson Rumors: Is He Her Father?!
gossipcop-8206663318,hollywoodlife.com/2018/05/12/prince-harry-meghan-markle-pregnant-honeymoon-big-family/,Meghan Markle Hopes She Gets Pregnant On Honeymoon — She & Prince Harry Want A Big Family
gossipcop-3800163388,www.elle.com/beauty/makeup-skin-care/a22088238/kylie-jenner-removed-lip-filler-kylie-lipkits-pout/,"Fans Think Kylie Jenner Looks Like ""Old Kylie"" After She Removes All Her Filler"
gossipcop-9564456032,,Cher At Robert De Niro Over Restaurant Snub 
gossipcop-1789973138,www.lifeandstylemag.com/posts/blake-shelton-and-adam-levine-bromance-145503,"Blake Shelton and Adam Levine's 'The Voice' Bromance Has ""Cooled Off"" (EXCLUSIVE)"
gossipcop-6259225104,www.thebump.com/news/ashton-kutcher-no-kids-photos-online,Here's Why You Won't See Ashton Kutcher's Kids Online
gossipcop-5077951266,www.businessinsider.com/royal-wedding-cost-meghan-markle-prince-harry-2018-4,Cost of the royal wedding for Meghan Markle and Prince Harry
gossipcop-7192816740,www.mirror.co.uk/3am/celebrity-news/anne-hathaway-pregnant-star-expecting-6915031,Is Anne Hathaway pregnant? Star is 'expecting her first child with husband Adam Shulman'
gossipcop-207678159,www.hollywoodreporter.com/news/jennifer-garners-trainer-launches-wellness-app-called-bbs-1101013,Jennifer Garner's Trainer Launched a Wellness App That Uses Artificial Intelligence
gossipcop-5755116247,www.dailymail.co.uk/tvshowbiz/jennifer_aniston/index.html,"Jennifer Aniston Friends News, Photos and Style Updates"
gossipcop-3404508571,metro.co.uk/2018/03/15/selena-gomez-jealous-camila-cabello-taylor-swift-7389187/,Selena Gomez ‘jealous of Camila Cabello over Taylor Swift’
gossipcop-628139482,www.inquisitr.com/4488210/tom-cruise-envious-and-furious-over-katie-holmes-and-jamie-foxx-doesnt-look-like-it/,Tom Cruise ‘Envious’ And ‘Furious’ Over Katie Holmes And Jamie Foxx? Doesn’t Look Like It
gossipcop-2697600454,www.eonline.com/news/284050/the-twilight-curse-will-robert-pattinson-and-kristen-stewart-ever-be-taken-seriously,The Twilight Curse: Will Robert Pattinson and Kristen Stewart Ever Be Taken Seriously?
gossipcop-8354549164,okmagazine.com/photos/taylor-swift-girl-squad-no-birthday-acknowledgement/,Taylor Swift Gets No Love From Her Former Girl Squad On Her Birthday
gossipcop-1417462600,celebrityinsider.org/ben-affleck-divorce-reportedly-pushed-jennifer-garner-to-join-the-church-of-scientology-her-team-denies-it-55740/,Ben Affleck Divorce Reportedly Pushed Jennifer Garner To Join The Church Of Scientology – Her Team Denies It
gossipcop-726883252,people.com/tv/matt-lauer-annette-roque-marriage-quotes/,Matt Lauer and Annette Roque's Strained Marriage: In Their Own Words
gossipcop-2637418294,variety.com/2018/music/news/watch-2018-grammys-live-stream-online-1202675836/,Watch the 2018 Grammys Live Stream Online – Variety
gossipcop-5896792059,www.vogue.com/article/selena-gomez-doesnt-care-about-justin-bieber-hailey-baldwin-engagement,"Selena Gomez Isn’t Worried About Justin Bieber and Hailey Baldwin’s Engagement, So Don’t Worry About Her"
gossipcop-157100313,metro.co.uk/2017/09/28/rob-kardashian-accuses-blac-chyna-of-having-baby-dream-to-shake-down-kardashians-in-explosive-lawsuit-6961295/,Rob Kardashian lawsuit accuses Blac Chyna of physical assault
gossipcop-597133430,oscar.go.com/live,Oscars Red Carpet Live Stream 2018 – Watch Academy Awards PreShow Online
gossipcop-9544512911,hollywoodlife.com/2018/03/14/are-ben-affleck-jennifer-garner-getting-back-together-split-breakup/,Ben Affleck Reportedly Begging Jennifer Garner For Second Shot At Love: Will She Go Back To Him?
gossipcop-3326678304,www.usmagazine.com/celebrity-news/news/brad-pitt-why-im-walking-with-a-cane-201291/,Brad Pitt: Why I’m Walking With a Cane
gossipcop-1605279754,www.eonline.com/news/893133/mindy-kaling-gives-birth-to-first-child-welcomes-daughter-katherine-kaling,"Mindy Kaling Gives Birth to First Child, Welcomes Daughter Katherine Kaling"
gossipcop-8976766693,radaronline.com/photos/paris-jackson-moves-lives-hippie-hideaway-teepee/,Paris Jackson Flakes Out On Dying Mom To Party With Pals In Hippie Hideaway
gossipcop-6899362624,www.clip.fail/video/g8EqxacYscI,Robert Pattinson Desperately Wants Bond Kristen Stewart
gossipcop-6575035351,starmagazine.com/2017/08/31/chris-pratt-pushed-pals-date-jennifer-lawrence-anna-faris-split/,Chris Pratt Pushed By Pals To Date Jennifer Lawrence After Anna Faris Split
gossipcop-8143064937,www.brides.com/story/selena-gomez-justin-bieber-fathers-wedding-jamaica,Justin Bieber Was a Groomsmen at His Father's Wedding—and Of Course Selena Gomez Was His Plus-One
gossipcop-3260782116,hollywoodlife.com/2014/11/11/jennifer-aniston-forgives-brad-pitt-angelina-jolie-cheating-break-up/,Jennifer Aniston Forgives Brad Pitt & Angelina Jolie For Cheating
gossipcop-3534951375,www.dailymail.co.uk/tvshowbiz/article-5966941/Katy-Perry-considering-moving-London-boyfriend-Orlando-Bloom.html,Katy Perry 'is considering moving to London' with boyfriend Orlando Bloom
gossipcop-4561895255,variety.com/2017/music/news/dr-luke-kesha-lady-gaga-defamation-case-subpoena-deposition-1202510349/,"Dr. Luke Subpoenas Lady Gaga for Deposition in Kesha Defamation Case, Singer Responds"
gossipcop-5660956780,www.standard.co.uk/showbiz/celebrity-news/khloe-kardashian-wants-to-marry-tristan-thompson-amid-reports-she-is-spending-quality-time-in-a3846161.html,Khloé Kardashian 'wants to marry Tristan Thompson' amid reports she is spending 'quality time in Cleveland'
gossipcop-3555429722,people.com/movies/katie-holmes-jamie-foxx-nyc-date-night-tao/,N.Y.C. Night Out! Jamie Foxx and Katie Holmes Grab Dinner in the Big Apple After Split Rumors
gossipcop-3245561780,metro.co.uk/2017/07/03/is-eric-benet-upset-with-jay-z-or-not-new-reports-claim-he-turned-up-at-hovs-house-for-a-fight-over-shady-lyrics-6751298/,Eric Benet 'confronted JAY-Z for a fight over 4:44 lyrics'
gossipcop-4794013149,www.emmys.com/video/69th-emmy-awards-nicole-kidman-wins-outstanding-lead-actress-limited-series-or-movie,69th Emmy Awards: Nicole Kidman Wins For Outstanding Lead Actress In A Limited Series Or Movie
gossipcop-2628357669,perezhilton.com/2013-02-15-angelina-jolie-brad-pitt-valentines-day-lunch-date/,"Angelina Jolie & Brad Pitt Kicked Off Valentine’s Day With Kids, But Then She Ditched Them!"
gossipcop-9333778407,www.celebritynetworth.com/richest-celebrities/actors/roseanne-barr-net-worth/,Roseanne Barr Net Worth
gossipcop-8004000730,pagesix.com/2016/05/23/could-kanye-west-be-even-crazier-than-we-think/,Kanye West’s ex-bodyguard reveals his crazy demands
gossipcop-9568572354,www.thesun.co.uk/tvandshowbiz/1274188/oj-simpsons-prison-guard-claims-khloe-kardashian-begged-the-disgraced-star-for-a-paternity-test-to-find-out-if-he-was-her-real-dad/,OJ Simpson’s prison guard claims Khloe Kardashian begged the disgraced star for a paternity test to find out if he was her real dad
gossipcop-1635803164,hollywoodlife.com/2016/03/02/caitlyn-jenner-adopting-baby-boy-mom-title/,Caitlyn Jenner Desperate to Be A Mom: Her Plans To Adopt Baby Boy
gossipcop-4056386544,metro.co.uk/2018/01/25/sorry-daniel-craig-rachel-weisz-says-marriage-bond-isnt-particularly-exceptional-7258868/,Rachel Weisz says marriage to Daniel Craig 'isn't exceptional'
gossipcop-2762182297,www.mensxp.com/entertainment/celebrities/44363-brad-pitt-rsquo-s-professor-girlfriend-is-the-epitome-of-what-one-might-call-beauty-with-brains.html,Brad Pitt's 'Professor Girlfriend' Is The Epitome Of What One Might Call Beauty With Brains
gossipcop-3335184635,www.ibtimes.com/jennifer-aniston-didnt-spend-100k-makeover-months-after-justin-theroux-split-2691684,Jennifer Aniston Didn’t Spend $100K On Makeover Months After Justin Theroux Split
gossipcop-1501672732,www.rollingstone.com/music/music-news/hillsong-church-pastor-refutes-post-malones-claims-about-justin-bieber-200471/,Hillsong Church Pastor Refutes Post Malone’s Claims About Justin Bieber
gossipcop-3264510599,www.newidea.com.au/furious-portia-de-rossi-warns-jennifer-aniston-to-stay-away-from-wife-ellen-degeneres,Furious Portia warns Jen: 'Stay away from Ellen!'
gossipcop-6690531048,www.usmagazine.com/celebrity-news/news/justin-theroux-found-post-its-from-brad-pitt-during-jen-aniston-marriage/,Justin Theroux Found Post-Its From Brad Pitt During Jen Aniston Marriage
gossipcop-7697671735,www.digitalspy.com/showbiz/news/a840769/michael-fassbender-alicia-vikander-married/,Michael Fassbender and Alicia Vikander have gotten married in Ibiza
gossipcop-8871505752,en.wikipedia.org/wiki/Mike_Fisher_(ice_hockey),Mike Fisher (ice hockey)
gossipcop-9357916591,www.inquisitr.com/4827007/blake-shelton-rumored-to-have-dumped-gwen-stefani-according-to-in-touch-weekly/,"Blake Shelton Rumored To Have Dumped Gwen Stefani, According To ‘In Touch Weekly’"
gossipcop-7271225774,radaronline.com/photos/gwen-stefani-blake-shelton-fly-on-private-jet-before-easter/,Gwen And Blake Make Happy Family After Spring Break Getaway
gossipcop-7889565756,deadline.com/2018/04/a-star-is-born-with-lady-gaga-bradley-cooper-gets-first-look-cinemacon-1202375873/,‘A Star Is Born’ With Lady Gaga & Bradley Cooper Gets First Look – CinemaCon
gossipcop-9619738313,radaronline.com/videos/irina-shayk-pregnant-bradley-cooper-miserable-fight-breakup-engaged/,Pregnant & Alone? Bradley Cooper & Fianceé Irina Shayk’s ‘Relationship On The Rocks’
gossipcop-7324296383,en.wikipedia.org/wiki/Sofia_Richie,Sofia Richie
gossipcop-7668253636,www.eonline.com/news/243509/who-s-hot-enough-to-attract-jennifer-lopez-victoria-beckham-and-carrie-underwood-all-at-once,"Who's Hot Enough to Attract Jennifer Lopez, Victoria Beckham and Carrie Underwood All at Once?"
gossipcop-9088228404,hollywoodlife.com/2018/03/28/are-mariah-carey-bryan-tanaka-engaged-wedding-plans/,Mariah Carey Reportedly Proposed To BF Bryan Tanaka With Super Romantic Song: Wedding Plans Revealed
gossipcop-6857674423,www.hindustantimes.com/hollywood/two-years-on-here-s-why-the-brad-pitt-angelina-jolie-divorce-isn-t-final-yet/story-mJT63HSPD2dvK9UGewbqwN.html,"Two years on, here’s why the Brad Pitt-Angelina Jolie divorce isn’t final yet"
gossipcop-3663541013,hollywoodlife.com/2017/02/16/the-weeknd-selena-gomez-vogue-photo-shoot-anna-wintour/,Selena Gomez & The Weeknd In ‘Vogue’ Together? A Sexy Shoot May Be In The Works
gossipcop-6305593235,celebrityinsider.org/brad-pitt-is-heading-to-court-next-month-for-custody-agreement-with-angelina-jolie-108447/,Brad Pitt Is Heading To Court Next Month For Custody Agreement With Angelina Jolie
gossipcop-4081333587,www.dailyedge.ie/zayn-malik-shared-happy-birthday-video-from-ryan-reynolds-3797127-Jan2018/,Zayn Malik shared the gas happy birthday video he received from Ryan Reynolds
gossipcop-911205800,people.com/music/billboard-music-awards-2018-paris-jackson-not-attend-janet-jackson-honor/,Paris Jackson Says 'No One From My Family' Reached Out About Attending BBMAs for Aunt Janet's Honor
gossipcop-8055383376,realityblurb.com/2018/07/27/report-rhonjs-teresa-giudice-getting-500k-to-film-spinoff-special-about-joes-deportation/,REPORT: Teresa Giudice Getting $500K to Film Joe Deportation Spinoff
gossipcop-2967771120,www.hollywoodreporter.com/live-feed/greys-anatomy-season-14-premeire-explained-krista-vernoff-interview-1044299,'Grey's Anatomy': Making Sense of the Jam-Packed Season 14 Premiere
gossipcop-9123307126,www.inquisitr.com/4412082/was-selena-gomez-betrayed-by-the-weeknd-report-claims-the-starboy-is-a-bad-liar/,Was Selena Gomez Betrayed By The Weeknd? Report Claims The ‘Starboy’ Is A ‘Bad Liar’
gossipcop-8421669804,www.yourtango.com/2018315676/are-gwen-stefani-and-blake-shelton-married-new-rumors-about-their-secret-wedding,Are Gwen Stefani And Blake Shelton Married? New Details On Their Rumored Secret Wedding
gossipcop-2575330358,people.com/tv/ryan-phillippe-sues-ex-after-she-claimed-he-beat-her/,Ryan Phillippe Sues Ex Elsie Hewitt After She Claimed He Brutally Beat Her in Drunken Rage
gossipcop-729165122,en.wikipedia.org/wiki/Ben_Stiller,Ben Stiller
gossipcop-7135588988,www.mirror.co.uk/3am/style/celebrity-fashion/kate-middleton-wears-yellow-alexander-12550855,Kate Middleton accused of trying to upstage bride Meghan Markle with her royal wedding outfit
gossipcop-3584568934,www.wilsoncountynews.com/news/2018-06-20/Editorial/Fake_news_and_fake_history_of_family_separation.html,Fake news and fake history of family separation
gossipcop-7232715377,okmagazine.com/photos/robert-pattinson-abandons-former-friend-party-lifestyle/,Robert Pattinson ABANDONS Former Friends & Is Over The Party Lifestyle
gossipcop-1188990128,www.instyle.com/news/kylie-jenner-post-baby-body-insecurities,"Like Every Mom, Kylie Jenner Struggles with Post-Baby Body Insecurities"
gossipcop-7863170653,929jackfm.com/tags/brad-pitt/,92.9 Jack FM
gossipcop-7111224291,people.com/parents/khloe-kardashian-daughter-true-baby-class-with-cousins/,Khloe Kardashian: True Has 'Baby Class Once a Week' with Cousins
gossipcop-3329043708,www.dailymail.co.uk/tvshowbiz/article-2085230/Khloe-Kardashian-TWO-fathers-ex-wives-claim-expressed-doubts-paternity.html,'Khloe is not a Kardashian': TWO of her father's ex-wives claim he expressed doubts over paternity
gossipcop-1929736766,www.dailymail.co.uk/tvshowbiz/article-4949618/Lamar-Odom-congratulates-Khloe-Kardashian-pregnancy.html,Lamar Odom congratulates Khloe Kardashian on 'pregnancy'
gossipcop-606657710,top.ghostzero.tv/downloads/erika-cardenas,Erika cardenas
gossipcop-8886605619,www.nydailynews.com/entertainment/gossip/alex-rodriguez-jennifer-lopez-dating-history-article-1.2992690,Alex Rodriguez and Jennifer Lopez’s dating history before they hooked up
gossipcop-6939779423,www.aol.com/article/entertainment/2018/04/16/jennifer-aniston-wears-an-arm-brace-stuns-in-black-at-gwyneth-paltrows-engagement-party/23412539/,"Jennifer Aniston wears an arm brace, stuns in black at Gwyneth Paltrow's engagement party"
gossipcop-1704742043,genius.com/a/on-everything-is-love-jay-z-beyonce-have-perfected-the-art-of-controlling-the-narrative,"On ‘Everything Is Love,’ JAY-Z & Beyoncé Have Perfected The Art Of Controlling The Narrative"
gossipcop-1748374912,www.independent.ie/style/celebrity/celebrity-news/angelina-jolie-ordered-to-allow-brad-pitt-to-spend-more-time-with-their-children-or-risk-losing-primary-custody-37005864.html,Angelina Jolie 'ordered to allow Brad Pitt to spend more time with their children or risk losing primary custody'
gossipcop-746486081,variety.com/2017/tv/reviews/tv-review-saturday-night-live-weekend-update-summer-edition-michael-che-colin-jost-1202523590/,TV Review: ‘Saturday Night Live’s’ ‘Weekend Update: Summer Edition’ – Variety
gossipcop-7574436489,www.foxnews.com/entertainment/2018/08/07/kourtney-kardashian-younes-bendjima-split-after-2-years-report.html,"Kourtney Kardashian, Younes Bendjima split after 2 years: report"
gossipcop-7175212322,www.dailymail.co.uk/tvshowbiz/article-5123119/Ben-Affleck-introduces-Lindsay-Shookus-Jennifer-Garner.html,Ben Affleck introduces Lindsay Shookus to Jennifer Garner
gossipcop-576752713,,Andrew Garfield  Riley Keough Flirting At Golden Globes  Report
gossipcop-6594332926,ew.com/news/2017/07/20/oj-simpson-parole-celebs-react/,'They let the Juice loose': Celebrities react after O.J. Simpson granted parole
gossipcop-2981124886,www.intouchweekly.com/posts/travis-scott-tim-chung-stormi-paternity-159907,Travis Scott Is Starting to Doubt If He's Stormi's Dad Amid Tim Chung Paternity Rumors (EXCLUSIVE)
gossipcop-12955535,deadline.com/2017/05/stephen-colbert-donald-trump-fcc-no-fine-mouth-cock-holster-monologue-1202101084/,No FCC Fine For Stephen Colbert’s Late-Night Donald Trump C*** Holster Crack
gossipcop-7868082407,hollywoodlife.com/2017/12/17/travis-scott-blac-chyna-party-together-delilah-hollywood-kylie-jenner/,Travis Scott Hangs Out With Blac Chyna During ‘Flirty’ Night Out — Should Kylie Be Worried?
gossipcop-8360282719,www.usmagazine.com/celebrity-news/news/justin-theroux-found-post-its-from-brad-pitt-during-jen-aniston-marriage/,Justin Theroux Found Post-Its From Brad Pitt During Jen Aniston Marriage
gossipcop-1745549479,www.eonline.com/news/945727/the-truth-about-brad-pitt-and-angelina-jolie-s-divorce,The Truth About Brad Pitt and Angelina Jolie's Divorce
gossipcop-7426143402,yournewswire.com/keanu-reeves-bitcoin-new-world-order/,Keanu Reeves: Bitcoin Will Destroy The ‘New World Order’
gossipcop-9024002184,www.glamour.com/story/chrissy-teigen-postpartum-depression,Chrissy Teigen Opens Up for the First Time About Her Postpartum Depression
gossipcop-8308036378,metro.co.uk/2017/12/20/kim-kardashians-heavily-pregnant-surrogate-grabs-lunch-kim-reveals-might-let-daughter-north-name-baby-7172892/,Kim Kardashian's surrogate grabs lunch amid reports Kimye will be at the birth
gossipcop-455404889,www.harpersbazaar.com.au/celebrity/brad-pitt-angelina-jolie-divorce-theories-8116,Everything That Has Gone Down Since the Brad Pitt Angelina Jolie Divorce Was Announced
gossipcop-441554995,www.pinterest.co.uk/probablycrying/liam-payne/,149 best Liam Payne images on Pinterest
gossipcop-1525600180,www.billboard.com/articles/news/7972833/beyonce-shawn-mendes-more-stars-tweet-support-for-earthquake-victims-in-mexico,"Beyonce, Shawn Mendes & More Stars Tweet Support For Earthquake Victims in Mexico City"
gossipcop-9651389426,hollywoodlife.com/2017/08/10/selena-gomez-asking-taylor-swift-advice-privacy-the-weeknd/,Selena Gomez Asking Famous Buds Like Taylor Swift How To Keep Romance Private
gossipcop-9193321517,www.redbookmag.com/love-sex/relationships/a13084704/anna-faris-admits-she-was-jealous-of-ex-chris-pratts-co-star-jennifer-lawrence/,Anna Faris Admits She Was Jealous of Ex Chris Pratt’s Co-Star Jennifer Lawrence
gossipcop-5162567437,www.marthastewartweddings.com/635709/celebrity-reactions-to-royal-wedding,Celebrities Are Just as Obsessed with the Royal Wedding as We Are
gossipcop-281278607,www.imdb.com/name/nm9001021/news,Sam Asghari - News
gossipcop-8805042164,www.newidea.com.au/meghan-markle-rising-popularity-tension-kate-middleton,US report: Meghan Markle's rising popularity causes tension with Kate Middleton
gossipcop-6689555762,hollywoodlife.com/2017/04/16/orlando-bloom-nina-dobrev-together-more-than-friends-coachella/,Nina Dobrev & Orlando Bloom Are ‘More Than Friends’ — Is He Already Over Katy Perry?
gossipcop-2401725141,www.intouchweekly.com/posts/britney-spears-justin-timberlake-collaboration-139386,Britney Spears and Justin Timberlake Are Collaborating on New Music and We Are Crying a River (REPORT)
gossipcop-1716950828,www.beautycrew.com.au/selena-gomez-swears-by-this-tool-for-glowing-skin,The unusual tool Selena Gomez uses for glowing skin
gossipcop-5305764220,www.thehollywoodgossip.com/2017/05/sofia-vergara-and-joe-manganiello-defend-marriage-slam-haters-on/,"Sofia Vergara and Joe Manganiello Defend Marriage, SLAM Haters on Instagram"
gossipcop-386775335,www.eonline.com/news/958590/how-scott-disick-feels-about-kourtney-kardashian-and-younes-bendjima-s-breakup,How Scott Disick Feels About Kourtney Kardashian and Younes Bendjima's Breakup
gossipcop-388924876,people.com/tv/katie-couric-matt-lauer-firing-opens-up-interview/,Katie Couric Opens Up About Matt Lauer's Firing from the Today Show
gossipcop-7073979401,www.usmagazine.com/celebrity-news/news/jennifer-anistons-revenge-best-reactions-to-brangelina-split-w441100/,Jennifer Aniston's Revenge: Best Reactions to Brangelina Split
gossipcop-7222138560,www.inquisitr.com/4414388/did-blac-chyna-give-custody-of-daughter-dream-to-rob-kardashian-report-claims-chyna-wants-to-twerk-instead/,Did Blac Chyna Give Custody Of Daughter Dream To Rob Kardashian? Report Claims Chyna Wants to Twerk Instead
gossipcop-7516056437,abc.go.com/shows/dancing-with-the-stars/cast/tom-bergeron,Dancing with the Stars
gossipcop-8749167814,www.imdb.com/news/ni61352633,Nina Agdal Posting Naked Instagram Photo To Tempt Leonardo DiCaprio Is Fake News
gossipcop-9544688732,us.pressfrom.com/news/entertainment/-144004-what-melanie-griffith-really-thinks-about-daughter-dakota-johnson-dating-chris-martin/,Entertainment What Melanie Griffith Really Thinks About Daughter Dakota Johnson Dating Chris Martin
gossipcop-1143106542,www.mirror.co.uk/all-about/kate-middleton-hospital,Kate Middleton hospital
gossipcop-3173304545,abc.go.com/shows/bachelor-in-paradise,Watch Bachelor in Paradise TV Show
gossipcop-4707272934,radaronline.com/videos/angelina-jolie-sexy-makeover-oscar/,Angelina Jolie Gets ‘Aggressive’ With Major Makeover!
gossipcop-4607247108,www.flare.com/tv-movies/netflix-canada-march-2018/,Netflix Canada March 2018: What's Coming (and Going)
gossipcop-8586162031,www.eonline.com/news/826118/beyonce-s-stealth-road-to-getting-pregnant-with-twins-how-she-kept-her-major-news-under-wraps-till-the-timing-was-right,Beyoncé's Road to Having Twins: From Her Epic Pregnancy Announcement to Her Babies' Stealth Arrival
gossipcop-9986525919,hollywoodlife.com/2017/12/27/kendall-jenner-wont-be-with-blake-griffin-on-nye-basketball/,Kendall Jenner Alone On NYE: Why Blake Griffin Won’t Be With Her For Midnight Kiss
gossipcop-3767932547,people.com/tv/nina-dobrev-is-happy-for-ian-somerhalder-and-nikki-reed/,Nina Dobrev: Ex Ian Somerhalder Marrying Nikki Reed Was 'Beautiful'
gossipcop-4606615612,www.instyle.com/news/justin-theroux-rumored-dating-history-girlfriends,Justin Theroux Isn't Dating 9 Different Women—Leave Him Alone
gossipcop-3052185503,www.vanityfair.com/style/2017/10/game-of-thrones-sophie-turner-engaged-joe-jonas-kit-harington-rose-leslie,Game of Thrones Star Sophie Turner Is Engaged to Joe Jonas
gossipcop-4209182367,radaronline.com/exclusives/2018/07/suri-begs-daddy-tom-cruise-to-visit-her/,Tom Cruise Planning Secret Meets With Suri After Reconnecting Through ‘Heartbreaking’ Calls
gossipcop-9034998295,www.cnn.com/2018/05/25/entertainment/harvey-weinstein-celebrity-reaction/index.html,Celebrities react to Harvey Weinstein's arrest
gossipcop-3888342088,www.imdb.com/news/ni61435871,"Kelly Ripa, Megyn Kelly “Explosive Showdown” Made Up By Tabloid"
gossipcop-1968675605,www.thesun.co.uk/tvandshowbiz/3452747/bella-hadid-cara-delevingne-kendall-jenner-kylie-jenner-new-york/,Bella Hadid flashes her underboob as she parties with Cara Delevingne and Kendall Jenner at Travis Scott’s birthday bash
gossipcop-7028000763,www.glamour.com/story/chrissy-teigen-everything-about-me-is-fake-except-my-cheeks,"Chrissy Teigen on Plastic Surgery: ""Everything About Me Is Fake Except My Cheeks"""
gossipcop-580848065,www.thecut.com/2017/03/25-famous-women-on-waxing-and-shaving.html,25 Famous Women on Waxing and Shaving
gossipcop-844790845,www.closerweekly.com/posts/prince-harry-dad-rumors-127594,Royal Fans Think Charles Isn't Harry's Real Father — and Diana's Ex-Lover Has Something to Say About It
gossipcop-7806518653,www.thesun.co.uk/tvandshowbiz/5597346/justin-theroux-cuddling-naomi-watts-upset-jennifer-aniston/,This picture of Justin Theroux cuddling up to ‘close friend’ Naomi Watts ‘upset’ wife Jennifer Aniston
gossipcop-6007489778,www.usmagazine.com/celebrity-news/news/travis-scott-pleads-guilty-to-disorderly-conduct/,Travis Scott Pleads Guilty to Disorderly Conduct
gossipcop-7691210644,www.imdb.com/news/ni61243493,Safaree Samuels Challenges Meek Mill To Fight Before Bet Awards
gossipcop-5271897559,www.express.co.uk/news/royal/1001017/Meghan-Markle-Prince-Harry-friends-loyalty-Princess-Diana-Thomas,'Talk to the press you’re out' - Meghan Markle and Prince Harry’s SHOCK warning to friends
gossipcop-1652388517,,Khloe Kardashian NOT Demanding Kris Jenner Tell Truth About OJ  Simpson  Despite Report
gossipcop-214133115,www.usmagazine.com/celebrity-moms/news/rihanna-cradles-newborn-baby-niece-twitter-pictures-201496/,Rihanna Cradles Newborn Baby in Loving Twitter Pictures
gossipcop-9134923655,,Katy Perry Decorating Beverly Hills Mansion With Used Craigslist Furniture 
gossipcop-5846132262,www.usmagazine.com/celebrity-news/news/slimmed-downjonah-hill-is-unrecognizable-while-filming-with-emma-stone-w499696/,Slimmed Down Jonah Hill is Unrecognizable While Filming With Emma Stone
gossipcop-8556784849,www.eonline.com/news/704344/selena-gomez-i-ve-never-had-a-problem-with-drinking,Selena Gomez: I've Never Had a Problem With Drinking
gossipcop-958858124,v1019.com/2018/08/04/fans-say-footage-shows-miley-cyrus-baby-bump/,Fans Say Footage Shows Miley Cyrus Has A Baby Bump
gossipcop-947524835,www.nielsen.com/us/en/insights/news/2018/perspectives-why-you-need-a-comprehensive-ott-strategy.html,Why You Need a Comprehensive Over-The-Top Strategy. And Now.
gossipcop-5030407302,www.cambridge-news.co.uk/news/uk-world-news/posh-becks-split-beckhams-divorce-14760761,Posh and Becks could be set to split - Twitter rumours start to surface
gossipcop-3816991540,www.refinery29.com/2018/07/204188/rihanna-arguing-with-hassan-jameel-instagram-explanation,Rihanna's Latest Instagram Post May Explain Those Pictures Of Her Arguing With Hassan Jameel
gossipcop-795756971,www.elle.com/culture/celebrities/a19674683/justin-bieber-wants-selena-gomez-back-report/,All Justin Bieber Wants Is to Get Back Together With Selena Gomez
gossipcop-5095709365,www.eonline.com/news/951845/justin-bieber-and-hailey-baldwin-wear-his-and-hers-diamond-watches-after-engagement,Justin Bieber and Hailey Baldwin Wear His and Hers Diamond Watches After Engagement
gossipcop-8126566490,www.newidea.com.au/miley-cyrus-and-liam-hemsworths-engagement-is-off-again,Miley Cyrus and fiance Liam Hemsworth are on the rocks
gossipcop-9000670894,oscar.go.com/news/winners/oscar-winners-2017-see-the-complete-list,Oscars Winners 2017 – Full Academy Awards Winner List
gossipcop-2406635871,hollywoodlife.com/2018/03/14/did-charlie-heaton-natalia-dyer-break-up-stranger-things-dating-split/,Did Charlie Heaton & Natalia Dyer Break Up? ‘Stranger Things’ Couple Reportedly Split Before Season 3
gossipcop-5874560790,www.imdb.com/news/ni61502560,"Katie Holmes Furious Over Jamie Foxx, Charlize Theron Flirting?"
gossipcop-4915433665,www.revelist.com/celebrity/kardashian-rumors-turned-out-true/10306,5 rumors the Kardashians side-eyed that turned out to be true
gossipcop-7411686847,hollywoodlife.com/2018/06/29/kylie-jenner-travis-scott-living-apart-jordyn-woods-roommate/,"Are Kylie Jenner & Travis Scott Headed For A Split? — She Reveals She’s Living With Her BFF, Not Him"
gossipcop-4298568194,marriedbiography.com/naomi-watts-and-liam-neeson-are-not-dating-truth-to-the-false-article/,Naomi Watts and Liam Neeson are NOT Dating!! Truth to the False article. – Married Biography
gossipcop-9800211975,www.ibtimes.co.in/gigi-hadid-interested-harry-styles-after-her-breakup-zayn-malik-768367,Gigi Hadid interested in Harry Styles after her breakup with Zayn Malik?
gossipcop-2920108044,www.reuters.com/article/us-people-lindsay-lohan/lindsay-lohan-to-make-u-s-tv-comeback-in-mtv-reality-series-idUSKBN1KK27E,Lindsay Lohan to make U.S. TV comeback in MTV reality series
gossipcop-785456532,hollywoodlife.com/2017/09/13/brad-pitt-storms-off-movie-set-director-fight-angelina-jolie-divorce/,Brad Pitt Storms Off Set After ‘Tough Day’ Of Filming: How Angelina Jolie Divorce Is Stressing Him Out
gossipcop-1105091447,mixgulfcoast.iheart.com/content/2017-02-24-ed-sheeran-did-not-break-friendship-code-with-taylor-swift/,Ed Sheeran Did NOT 'Break Friendship Code' With Taylor Swift
gossipcop-9339359485,www.usmagazine.com/celebrity-news/news/justin-theroux-had-reservations-about-marrying-jennifer-aniston/,Justin Theroux Had ‘Reservations’ About Marrying Jennifer Aniston
gossipcop-9754344080,www.usmagazine.com/celebrity-news/news/kylie-jenner-gives-birth-welcomes-first-child-with-travis-scott/,"Kylie Jenner Gives Birth, Welcomes First Child With Travis Scott"
gossipcop-8293006687,www.pressreader.com/new-zealand/womans-day-nz/20171214/281539406301667,Connecting People Through News
gossipcop-1099516198,www.theringer.com/2017/4/4/16040776/jennifer-lopez-alex-rodriguez-celebrity-couple-3544f34136a4,An Exhaustive Photo Breakdown of the Jennifer Lopez–Alex Rodriguez Courtship
gossipcop-1849541375,www.ibtimes.co.uk/jennifer-aniston-leaning-brad-pitt-cope-her-mothers-death-report-1614426,Jennifer Aniston leaning on Brad Pitt to cope with her mother's death – report
gossipcop-2443258010,hollywoodlife.com/2018/03/26/courteney-cox-reacts-jennifer-aniston-brad-pitt-getting-back-together/,Courteney Cox Urging Jennifer Aniston Not To Reunite With Brad Pitt: ‘Leave Him In The Past’
gossipcop-8802902371,www.theguardian.com/world/2018/jun/17/fathers-day-gift-jay-z,Can growing up without a father be a gift? Jay-Z thinks so
gossipcop-2521468597,www.vox.com/culture/2018/1/5/16849570/golden-globes-2018-nominations-complete-list,Golden Globes 2018: the complete list of nominees
gossipcop-1959268734,people.com/celebrity/famous-cousins-melissa-mccarthy-jenny-mccarthy-and-other-stars-who-are-related/,"Melissa McCarthy, Jenny McCarthy and Other Celeb Cousins You Never Knew Were Related"
gossipcop-3460288288,www.celebretainment.com/celebrities/gwen-stefani-wanted-for-cooking-show/article_927ed6be-b277-58ff-a41f-26af9f11a252.html,Gwen Stefani wanted for cooking show
gossipcop-6255257999,hollywoodlife.com/2017/06/23/does-caitlyn-jenner-have-girlfriend-blonde-craigs-pic/,Does Caitlyn Jenner Have A Blonde Girlfriend? New Report Claims She’s Dating Again
gossipcop-4565438794,www.etonline.com/gwen-stefani-still-smitten-blake-shelton-and-has-never-once-tried-change-him-exclusive-94631,Gwen Stefani Is Still Smitten With Blake Shelton and 'Has Never Once' Tried to Change Him (Exclusive)
gossipcop-523297958,,Kim Kardashian Takes Shot At Split Stories With Kanye West Birthday Tribute
gossipcop-562893178,www.goal.com/en-us/news/david-beckham-allegations-deliberately-innacurate-says-spokesman-/9g7uk3r8nldk1nd2ouz4jupo1,Beckham allegations from 'hacked and doctored emails'
gossipcop-676306960,extratv.com/2017/10/21/rumor-bust-tristan-thompson-did-not-dump-pregnant-khloe-kardashian/,Rumor Bust! Tristan Thompson Did Not Dump Pregnant Khloé Kardashian
gossipcop-9124312881,us.blastingnews.com/showbiz-tv/2017/07/kristen-stewart-stella-maxwell-relationship-goals-adopts-a-cute-dog-001863725.html,"Kristen Stewart, Stella Maxwell relationship goals, adopts a cute dog"
gossipcop-6219083016,www.eonline.com/news/423475/pregnant-jessica-simpson-shows-off-baby-bump-in-tight-black-dress,Pregnant Jessica Simpson Shows Off Massive Baby Bump in Pre-Birth Girls' Day Out
gossipcop-7642653086,radaronline.com/exclusives/2018/05/khloe-kardashian-wedding-elope-tristan-thompson-family-furious/,Quickie Wedding! Inside Khloe’s Secret Plans To Elope With Cheating Tristan
gossipcop-3131203056,timesofindia.indiatimes.com/entertainment/english/hollywood/news/is-tom-cruise-ready-to-reunite-with-his-daughter-suri/articleshow/65151182.cms,Is Tom Cruise ready to reunite with his daughter Suri?
gossipcop-7577551907,abcnews.go.com/GMA/Culture/brad-pitt-fires-back-angelina-jolie-claims-paid/story?id=57114183,"Brad Pitt fires back at Angelina Jolie, claims he paid more than $1.3 million in child support"
gossipcop-9814429794,www.nola.com/celebrities/index.ssf/2018/04/kate_middleton_gives_birth_3rd.html,"Kate Middleton gives birth to 3rd child, palace confirms"
gossipcop-769640033,www.kinggossip.com/front/gossip-cop-busted-2404-stories-in-2016-national-enquirer-was-worst-offender-gossip-cop/,"Gossip Cop Busted 2404 Stories In 2016, National Enquirer Was Worst Offender – Gossip Cop"
gossipcop-3023813681,www.newidea.com.au/kim-kardashian-kanye-west-file-for-divorce-report,Kim & Kanye: It's over
gossipcop-1711630759,www.dailymail.co.uk/tvshowbiz/article-4862458/Brad-Pitt-s-car-spotted-Angelina-Jolie-s-house.html,Brad Pitt and Angelina Jolie dismiss reunion reports
gossipcop-6645380580,celebrityinsider.org/jennifer-aniston-is-reportedly-heartbroken-over-justin-therouxs-plans-to-move-in-with-emma-stone-162385/,Jennifer Aniston Is Reportedly Heartbroken Over Justin Theroux’s Plans To Move In With Emma Stone
gossipcop-1793704698,time.com/money/5159858/prince-harry-meghan-markle-net-worth/,Prince Harry and Meghan Markle's Net Worth: What We Know
gossipcop-798249568,celebrityinsider.org/gwen-stefani-calls-off-her-wedding-to-blake-shelton-the-voices-chloe-kohanski-to-blame-104183/,"Gwen Stefani Calls Off Her Wedding To Blake Shelton, ‘The Voice’s’ Chloe Kohanski To Blame?"
gossipcop-4606959328,www.thewrap.com/elon-musks-gets-his-wish-over-pedo-tweet-as-thai-rescue-divers-lawyer-preps-libel-lawsuit/,Elon Musk’s ‘Pedo’ Tweet Inquiry Answered: Thai Rescue Diver’s Lawyer Preps Lawsuit
gossipcop-1464042891,www.brit.co/lady-gaga-engagement-rumors-grammys-red-carpet-ring/,Lady Gaga Fuels Engagement Buzz at the Grammys With Her *Huge* Pink Diamond Ring
gossipcop-734040863,bobbybones.iheart.com/content/2018-04-11-suri-cruise-is-turning-12-and-looks-just-like-mom-katie-holmes/,Suri Cruise Is Turning 12 And Looks Just Like Mom Katie Holmes
gossipcop-8975289821,abcnews.go.com/GMA/Culture/celebrities-react-donald-trumps-state-union-speech/story?id=52738754,Celebrities react to Donald Trump's State of the Union speech
gossipcop-8328989251,www.elle.com/culture/celebrities/a19599365/anna-faris-no-longer-believes-in-marriage-dax-shepard/,Anna Faris's Divorce With Chris Pratt Has Made Her Question the Point of Marriage
gossipcop-9934318467,metro.co.uk/2017/04/16/shock-report-claims-emma-stone-and-ryan-gosling-used-body-doubles-for-la-la-lands-griffith-observatory-scene-6577935/,Emma Stone and Ryan Gosling 'used body doubles in La La Land'
gossipcop-2623280525,people.com/tv/khloe-kardashian-tristan-thompson-best-place-since-scandal/,"Khloé, Tristan Are in 'Best Place They've Been Since Scandal': Source"
gossipcop-8241683954,people.com/style/khloe-kardashian-wears-engagement-like-ring-date-with-tristan-thompson/,Are Khloé Kardashian and Tristan Thompson Engaged? New Mom Wears a Huge New Diamond Ring
gossipcop-5116431785,,Katie Holmes  Jamie Foxx Getting Married In Backyard Wedding 
gossipcop-723944394,www.marieclaire.com/celebrity/a18714598/jennifer-aniston-brad-pitt-justin-theroux-relationship-body-language/,An In-Depth Analysis of Jennifer Aniston's Body Language with Justin Theroux Versus Brad Pitt
gossipcop-8197888031,www.cosmopolitan.com/entertainment/celebs/a12455476/kylie-jenner-travis-scott-relationship-timeline/,A Definitive Timeline of Kylie Jenner and Travis Scott's Relationship
gossipcop-6861973641,www.nytimes.com/2017/08/15/us/politics/trump-press-conference-charlottesville.html,Trump Defends Initial Remarks on Charlottesville; Again Blames ‘Both Sides’
gossipcop-8002247687,www.billboard.com/articles/columns/pop-shop/6700657/justin-bieber-gun-control-kanye-west-song,"Justin Bieber Talks Gun Control, Feeling Lonely & Working With Kanye on Song With a 'New York Vibe'"
gossipcop-22610604,mashable.com/2018/07/29/netflix-maniac-trailer-tca/,"Jonah Hill and Emma Stone reunite in Netflix's 'Maniac,' which looks nothing like 'Superbad'"
gossipcop-3465787164,okmagazine.com/photos/heidi-klum-bikini-body-work-boyfriend-tired/,Heidi Klum's Bikini Body Takes A Lot Of Work & Her Boyfriend Is Over Hearing About It
gossipcop-7176756870,books.google.com/books?id=Decn5IEZ-mwC&pg=PA17&lpg=PA17&dq=Tom+Cruise+Fury&source=bl&ots=mw4ylhaC1d&sig=mdUlY2EGNt5UMIzumJiH5rYjHr4&hl=en&sa=X&ved=2ahUKEwjBsKv6uJbdAhVFJ30KHWbcAuc4ChDoATACegQIBxAB,Wings of Fury: From Vietnam to the Gulf War the Astonishing True
gossipcop-4412029018,radaronline.com/exclusives/2018/08/good-charlotte-ticket-sales-struggling-tour-wives-cameron-diaz-nicole-richie-nag-tour/,‘Good Charlotte’ Barely Selling Tickets After Cameron & Nicole Nag Husbands To Tour
gossipcop-2279820101,www.mirror.co.uk/3am/celebrity-news/kanye-west-wont-attend-met-10336830,Kanye West won't attend Met Gala because 'he's not ready to return to the spotlight following breakdown'
gossipcop-1211097930,hollywoodlife.com/2018/07/13/kourtney-kardashian-justin-bieber-engagement-inspired-marriage-younes-bendjima/,Kourtney Kardashian ‘Dreaming’ Of Marrying BF Younes Bendjima Now That Her Ex Bieber Is Engaged
gossipcop-8617484084,hollywoodlife.com/2016/03/09/kim-kardashian-kanye-west-separating-trial-split-separate-bedrooms/,Kim Kardashian & Kanye West Trial Separation? Sleeping In Separate Rooms — Report
gossipcop-7796728861,www.lifeandstylemag.com/posts/katie-and-jamie-wedding-133052,Katie Holmes and Jamie Foxx's Wedding Will Be Top Secret — Just Like Their Relationship (EXCLUSIVE)
gossipcop-5373758490,www.express.co.uk/entertainment/films/477583/Leonardo-DiCaprio-Margot-Robbie-punched-in-Scorcese-s-Wolf-of-Wall-Street,The Wolf Of Wall Street's Margot Robbie: I loved being punched by Leo DiCaprio
gossipcop-777836757,metro.co.uk/2018/03/22/perrie-edwards-gigi-hadid-prove-taste-rock-similar-sunglasses-7408595/,Perrie Edwards wears Gigi Hadid‘s sunglasses after Zayn Malik split
gossipcop-109358738,www.dailymail.co.uk/tvshowbiz/article-4862870/Katie-Holmes-glows-confirming-Jamie-Foxx-romance.html,Katie Holmes glows after confirming Jamie Foxx romance
gossipcop-4107248119,www.celebdirtylaundry.com/2017/princess-diana-grave-empty-secretly-buried-in-st-marys-church-beside-father-althorp-park-location-a-cover-up/,"Princess Diana’s Grave Empty: Secretly Buried At St. Mary’s Church Beside Father, Althorp Park Location A Cover Up?"
gossipcop-7343282452,www.thecut.com/2018/03/katy-perry-may-have-shaded-taylor-swift-on-american-idol.html,Katy Perry May Have Shaded Taylor Swift on American Idol
gossipcop-1811699604,ew.com/tv/2017/09/17/emmy-winners-2017/,Emmy Awards 2017: The winners list
gossipcop-920691324,en.wikipedia.org/wiki/Regis_Philbin,Regis Philbin
gossipcop-5111246993,www.datalounge.com/thread/20612784-mariah-carey-s-sister-claims-their-mother-is-leader-of-satanic-cult,Mariah Carey's Sister Claims Their Mother Is Leader Of Satanic Cult
gossipcop-9646723491,www.mensjournal.com/health-fitness/how-ben-affleck-got-big-for-batman-v-superman-w199882/,How Ben Affleck Got Big For Batman v Superman
gossipcop-6052102342,www.reddit.com/r/movies/comments/6vzd6g/im_actor_robert_pattinson_good_time_ama/,I'm actor Robert Pattinson (GOOD TIME)... AMA! : movies
gossipcop-6054176546,mtonews.com/mto-shocker-jennifer-lopez-nearly-broke-back-trying-dance-like-ciara-now-shes-injured-pics,MTO SHOCKER: Jennifer Lopez Appeared To Hurt HER BACK . . . Trying To Dance Like CIARA . . . Watch The 47 Year Old . . . Get INJURED!!! (Pics)
gossipcop-1300270872,www.eonline.com/news/820383/no-the-golden-globes-didn-t-forget-the-in-memoriam-segment-it-just-didn-t-air-on-tv,"No, the Golden Globes Didn't Forget the In Memoriam Segment...It Just Didn't Air on TV"
gossipcop-5112442905,hollywoodlife.com/2017/12/05/kylie-jenner-pregnancy-cravings-food-during-holidays-why-struggling/,Kylie Jenner ‘Struggling With Pregnancy Food Cravings’ During The Holidays: Why It’s So ‘Challenging’
gossipcop-7242485552,www.celebdirtylaundry.com/2017/chelsea-handler-ditches-jennifer-aniston-friendship-for-brad-pitt-relationship-report/,Chelsea Handler Ditches Jennifer Aniston Friendship For Brad Pitt Relationship – Report
gossipcop-2230273583,www.eonline.com/news/884065/did-kim-kardashian-confirm-pregnancy-news-for-her-khloe-and-kylie-with-past-photo,"Did Kim Kardashian Confirm Pregnancy News for Her, Khloe and Kylie With Past Photo?"
gossipcop-8132621806,,  Kate Middleton NOT Helping Pippa Ban Ban Meghan Markle From Wedding  Despite Report
gossipcop-4988392907,smallbites.andybellatti.com/celebrity-diet-secrets-britney-spears/,Celebrity Diet Secrets: Britney Spears
gossipcop-9729699482,www.dailymail.co.uk/tvshowbiz/article-5322271/Jay-Z-talks-fighting-love-Beyonce.html,Jay-Z talks fighting for love with Beyonce
gossipcop-1689421323,aplus.com/a/kris-jenner-mammogram-photos-breast-cancer-awareness?no_monetization=true,Why Kris Jenner Chose To Share Photos From Her Mammogram On Social Media
gossipcop-6227263697,www.vox.com/policy-and-politics/2018/5/31/17413320/donald-trump-kim-kardashian-meeting-prison-reform,Kim Kardashian is allowed to care about prison reform
gossipcop-33469609,www.elle.com/culture/celebrities/a19695888/taylor-swift-searching-for-house-in-london-near-joe-alwyn-report/,Taylor Swift Wants to 'Set Down Roots' With Joe Alwyn in England
gossipcop-8397403501,hollywoodlife.com/2018/03/04/angelina-jolie-sean-penn-flirting-romance/,Angelina Jolie & Sean Penn Talking ‘A Lot’ Claims Source — He Thinks She’s ‘Amazing & Stunningly Beautiful’
gossipcop-3922855591,,  Story About Why Beyonce  Kim Kardashian Have Tense Relationship Tense Relationship Is MadeUp
gossipcop-2994577101,www.inquisitr.com/4697842/liam-hemsworth-miley-cyrus-engaged-couple-reportedly-having-a-secret-wedding-in-australia-after-christmas/,"Liam Hemsworth, Miley Cyrus Engaged: Couple Reportedly Having A Secret Wedding In Australia After Christmas"
gossipcop-1455024839,www.today.com/style/amal-clooney-changed-dresses-during-met-gala-museum-gift-shop-t128704,Amal Clooney changed dresses during the Met Gala in the museum gift shop
gossipcop-3484504330,www.harpersbazaar.com/celebrity/latest/a21923170/meghan-markle-taking-over-royal-duty-from-queen-elizabeth/,Meghan Markle Will Take Over One of Queen Elizabeth's Royal Duties
gossipcop-1277601040,www.thesun.co.uk/tvandshowbiz/6868249/jennifer-lopez-engaged-alex-rodriguez-dating-baseball-exes/,"Is Jennifer Lopez engaged to Alex Rodriguez, when did she start dating the baseball star and who have they previously gone out with?"
gossipcop-9080361625,www.pressreader.com/usa/in-touch-usa/20180323/282943860784788,Connecting People Through News
gossipcop-808536128,www.firstpost.com/entertainment/watch-daniel-day-lewis-retires-from-acting-why-fans-shouldnt-consider-it-a-great-tragedy-3730703.html,"Daniel Day-Lewis retires from acting: Why fans shouldn't consider it a great tragedy- Entertainment News, Firstpost"
gossipcop-4256841782,time.com/3394238/britney-spears-kevin-federline-wedding/,Britney Spears and Kevin Federline Wedding Planner 10 Year Anniversary
gossipcop-4815669006,www.travelandleisure.com/travel-news/jennifer-aniston-adam-sandler-filming-italy,Jennifer Aniston and Adam Sandler Are in Italy on What We Imagine Is the Most Fun Yacht Trip Ever (Video)
gossipcop-6681393212,www.newidea.com.au/brad-and-ange-back-together,Brad and Ange back together
gossipcop-9227872746,hollywoodlife.com/2017/02/02/donald-trump-renaming-black-history-month-name/,Trump Renaming ‘Black History Month’ After 41 Years Of Celebration – Report
gossipcop-3300618073,www.mercurynews.com/2017/07/07/ben-afflecks-flirtation-with-lindsay-shookus-began-when-he-was-still-married-to-jennifer-garner/,"Ben Affleck and Lindsay Shookus: friendship, flirtation or more began when he was still married to Jennifer Garner"
gossipcop-9852868069,www.indiewire.com/2018/06/donald-trump-jr-accuses-ron-perlman-harvey-weinstein-piss-handshake-1201978877/,"Donald Trump Jr. Suggests Ron Perlman Knew About Harvey Weinstein’s Sexual Abuse, Calls Him a ‘Coward’ For Being Silent"
gossipcop-8534066846,www.harpersbazaar.com/celebrity/latest/a19599697/khloe-kardashian-baby-bump-photo-timeline/,Khloé Kardashian Baby Bump Photo Timeline
gossipcop-4984406861,hollywoodlife.com/2018/01/13/kylie-jenner-labor-rumors-pregnancy-reaction/,Kylie Jenner ‘Blown Away’ By People Being ‘Obsessed’ With Her Pregnancy After Labor Rumors
gossipcop-1252725097,www.harpersbazaar.com/celebrity/latest/a11664439/amy-schumer-john-mayer-dating/,Are Amy Schumer and John Mayer Dating?
gossipcop-6524879158,www.yahoo.com/entertainment/taylor-swift-calls-kim-kardashian-bully-fans-call-bs-180443353.html,Taylor Swift calls Kim Kardashian a bully – and fans call BS!
gossipcop-1885887731,www.thevisibilityproject.com/2014/07/11/remember-that-time-the-emmys-got-it-rightus-neither-we-fixedit/,Remember That Time the Emmy’s Got It Right?…Us Neither: We #FixedIt
gossipcop-8276559596,people.com/music/gwen-stefani-kicks-off-las-vegas-residency-show-with-blake-shelton/,Gwen Stefani Kicks Off Vegas Residency Show with Blake Shelton on Hand
gossipcop-1888291843,www.eonline.com/news/886759/inside-beyonce-s-weight-loss-journey-4-months-after-giving-birth-to-twins,Inside Beyoncé's Weight Loss Journey 4 Months After Giving Birth to Twins
gossipcop-7362046593,www.inquisitr.com/4020146/gwen-stefani-blake-shelton-the-voice-season-12-premiere-flirting-pda-leaves-fans-unimpressed/,Gwen Stefani & Blake Shelton’s ‘The Voice’ Flirting Leaves Fans Unimpressed
gossipcop-6648190566,www.mirror.co.uk/3am/celebrity-news/celebrities-show-thanksgiving-feasts-wish-6909512,Celebrities show off Thanksgiving feasts and wish fans a happy holiday
gossipcop-6825056946,www.eonline.com/news/897967/did-britney-spears-and-sam-asghari-get-engaged-for-her-birthday,Did Britney Spears and Sam Asghari Get Engaged for Her Birthday?
gossipcop-7358263154,www.x17online.com/2017/03/caitlyn_jenner_held_hands_transgender_model_andreja_pejic_vanity_fair_oscars_party_lesbian_030117,"Report: Caitlyn Jenner ""Held Hands"" With Transgender Model Andreja Pejic On Oscar Night"
gossipcop-8423057498,www.ibtimes.co.in/emma-watsons-engagement-dream-wedding-details-leaked-736338,Emma Watson's engagement and dream wedding details leaked?
gossipcop-5164614857,www.dailymail.co.uk/tvshowbiz/article-5398251/Jennifer-Aniston-Justin-Theroux-tried-fix-marriage.html,Jennifer Aniston and Justin Theroux tried to fix marriage
gossipcop-1698913031,www.cbsnews.com/news/man-who-posed-as-justin-bieber-online-to-entice-girls-sentenced/,Man who posed as Justin Bieber online to entice girls sentenced
gossipcop-1066426271,www.mid-day.com/articles/jennifer-lopez-pregnant-expecting-baby-boy-with-boyfriend-alex-rodriguez-sports-news/18283188,Is Jennifer Lopez expecting a baby boy with Alex Rodriguez?
gossipcop-7860068681,www.usmagazine.com/celebrity-news/news/gwen-stefani-and-blake-shelton-put-baby-wedding-plans-on-hold/,"Gwen Stefani and Blake Shelton Put Baby, Wedding Plans on Hold"
gossipcop-158160541,www.intouchweekly.com/posts/nicole-kidman-keith-urban-counseling-retreat-155983,Nicole Kidman and Keith Urban Secretly Visited a Private Counseling Retreat (EXCLUSIVE)
gossipcop-4873343069,,Drake Bella Hadid Secretly Dating
gossipcop-7124780186,www.quora.com/How-much-are-actors-on-Saturday-Night-Live-paid-per-episode,How much are actors on Saturday Night Live paid per episode?
gossipcop-4745628397,www.intouchweekly.com/tags/jennifer-aniston-12128,"Jennifer Aniston - Latest News, Photos and Videos"
gossipcop-2561076686,www.celebritynetworth.com/richest-celebrities/models/rande-gerber-net-worth/,Rande Gerber Net Worth
gossipcop-4971870777,www.2medusa.com/2009/12/meg-ryan-is-wasting-away.html,Medusa: MEG RYAN IS WASTING AWAY...
gossipcop-9962469348,www.intouchweekly.com/posts/sofia-richie-scott-disick-prenup-161745,Sofia Richie and Scott Disick Prepare to Sign a $200 Million Prenup (EXCLUSIVE)
gossipcop-3975938427,hollywoodlife.com/2018/01/19/justin-bieber-vacation-mom-mandy-teefey-feud-selena-gomez/,Justin Bieber Desperate To Show Selena Gomez’s Mom He’s Changed — How He Plans To Prove It
gossipcop-8741087043,www.independent.co.uk/arts-entertainment/art/features/the-last-action-heroes-have-tom-cruise-will-smith-and-brad-pitt-lost-their-mojo-8677002.html,"The last action heroes: Have Tom Cruise, Will Smith and Brad Pitt lost their mojo?"
gossipcop-1440280874,okmagazine.com/videos/gwen-stefani-blake-shelton-married-secret-wedding-details/,It's Official! Gwen Stefani & Blake Shelton Are MARRIED
gossipcop-6416005684,www.hollywoodreporter.com/features/kardashian-decade-how-a-sex-tape-led-a-billion-dollar-brand-1029592,The Kardashian Decade: How a Sex Tape Led to a Billion-Dollar Brand
gossipcop-3419952443,hollywoodlife.com/2017/11/12/is-justin-bieber-upset-the-weeknd-dating-ex-yovanna-ventura-truth/,Is Justin Bieber Upset That The Weeknd Is Dating His Ex Yovanna Ventura? The Truth
gossipcop-1051213706,www.eonline.com/news/919210/justin-bieber-and-selena-gomez-taking-some-space-but-don-t-call-it-a-breakup,Justin Bieber and Selena Gomez Taking Some Space—But Don’t Call It a Breakup
gossipcop-6463873947,hollywoodlife.com/2017/10/12/will-eminem-run-for-president-2020-donald-trump-rap/,Will Eminem Run For President In 2020 After Vicious Trump Takedown Rap?
gossipcop-1985988712,www.eonline.com/news/926267/russell-crowe-reveals-he-s-officially-divorced-from-danielle-spencer,Russell Crowe Reveals He's Officially Divorced From Danielle Spencer
gossipcop-5170578278,people.com/country/blake-shelton-gwen-stefani-thought-relationship-rebound-at-first/,Blake Shelton Says He and Gwen Stefani Thought Their Relationship Was a 'Rebound Deal' at First
gossipcop-5898401316,www.ok.co.uk/celebrity-news/1201619/kate-middleton-pregnant-royal-baby-upset-prince-harry-meghan-markle-stealing-limelight-engagement,Kate Middleton 'upset over Prince Harry and Meghan Markle' stealing her limelight
gossipcop-266203600,www.gucci.com/us/en/pr/women/womens-accessories/womens-socks-tights/interlocking-g-tights-p-4657273G2451000,Interlocking G tights
gossipcop-3430736744,www.marieclaire.co.uk/entertainment/people/queen-prince-william-argument-546822,Why The Queen Is Apparently 'Livid' With William And Kate
gossipcop-9066087543,www.nowtolove.com.au/royals/british-royal-family/meghan-markle-and-prince-harry-new-year-baby-plans-43672,Meghan Markle and Prince Harry’s new year baby plans
gossipcop-3066576739,people.com/tv/kourtney-kardashian-still-thinks-sofia-richie-too-young-scott-disick/,Kourtney Kardashian Still Thinks Sofia Richie Is 'Too Young' for Scott Disick: Source
gossipcop-4955672121,www.etonline.com/jennifer-garner-stays-warm-with-intense-over-sized-scarf-see-the-pic-100639,Jennifer Garner Stays Warm With Intense Over-Sized Scarf -- See the Pic!
gossipcop-9204805299,allthingsoneplace.me/meghan-markle-reportedly-feuds-with-furious-jealous-camilla-p-bowles-to-be-prince-harrys-wife/,"Meghan Markle Reportedly Feuds With ‘furious, Jealous’ Camilla P. Bowles to Be Prince Harry’s Wife"
gossipcop-306189630,www.eonline.com/news/943268/duchess-style-are-you-a-kate-middleton-meghan-markle-or-camilla-bowles,"Duchess Style: Are You a Kate Middleton, Meghan Markle or Camilla Parker Bowles?"
gossipcop-6248988606,www.eonline.com/news/128009/why-all-ladies-crush-on-angelina-jolie,Why All Ladies Crush on Angelina Jolie
gossipcop-5140313352,www.foxnews.com/entertainment/2018/05/23/jada-pinkett-smith-reveals-shes-losing-her-hair-was-literally-shaking-with-fear.html,Jada Pinkett Smith reveals she's losing her hair: 'I was literally shaking with fear'
gossipcop-699303448,radaronline.com/exclusives/2018/06/jennifer-aniston-revenge-mode-emma-stone-justin-theroux-public-romance-after-divorce/,Jen’s Rage: Aniston In ‘Revenge Mode’ Against Emma After She’s Caught With Justin
gossipcop-7704965981,www.complex.com/pop-culture/2013/03/colin-farrell-craziest-antics/colin-farrell-crazy-antics-4,Colin Farrell's Craziest Antics - Colin Farrell's 10 Craziest Antics
gossipcop-5142275432,en.wikipedia.org/wiki/List_of_The_Simpsons_guest_stars_(seasons_1%E2%80%9320),List of The Simpsons guest stars (seasons 1–20)
gossipcop-1757374802,toofab.com/2018/02/06/the-internets-most-savage-reactions-to-kylie-jenner-naming-her-daughter-stormi/,The Internet's Most Savage Reactions to Kylie Jenner Naming Her Daughter Stormi
gossipcop-6956101681,okmagazine.com/photos/maksim-chmerkovskiy-peta-murgatroyd-marital-issues/,Inside Maksim Chmerkovskiy & Peta Murgatroyd's 'Marital Issues'
gossipcop-9881190298,celebrityinsider.org/kelly-ripa-leaving-live-she-feels-betrayed-by-ryan-seacrest-amid-sexual-harassment-claims-126041/,Kelly Ripa Leaving ‘Live’? She Feels ‘Betrayed’ By Ryan Seacrest Amid Sexual Harassment Claims
gossipcop-6958094955,www.thewrap.com/charlie-sheen-settles-lawsuit-against-national-enquirer-over-corey-haim-rape-report/,Charlie Sheen Settles Lawsuit Against National Enquirer Over Corey Haim Rape Report
gossipcop-2045311114,time.com/4653873/donald-trump-immigration-ban/,50 Celebrities React to Donald Trump's Immigration Order
gossipcop-931200854,www.wdjx.com/why-youll-never-see-ashton-and-milas-kids-on-social-media/,Why You’ll Never See Ashton and Mila’s Kids on Social Media
gossipcop-5241021422,okmagazine.com/photos/robert-pattinson-flirts-brunette-fka-twigs-engagement/,Robert Pattinson Flirts With A Pretty Brunette Who Is NOT FKA Twigs
gossipcop-8184559314,www.billboard.com/articles/news/grammys/8096630/grammys-2018-live-stream-red-carpet,Grammys 2018: Live Stream the Red Carpet
gossipcop-3814713470,www.royal.uk/the-duchess-of-cambridge,The Duchess of Cambridge
gossipcop-9550802520,www.ibtimes.co.uk/heres-how-selena-gomez-reacted-ex-weeknd-meeting-katy-perry-dinner-1648575,Here's how Selena Gomez reacted to ex The Weeknd meeting Katy Perry for dinner
gossipcop-2910765466,www.plasticsurgerypeople.com/kate-upton-cosmetic-surgery/,"Kate Upton Cosmetic Surgery – Boob Job, Nose Job & Lip Fillers?"
gossipcop-2036408420,en.wiktionary.org/wiki/will,Wiktionary
gossipcop-3507902255,www.businessinsider.com/emmys-2017-laura-dern-snub-reese-witherspoon-big-little-lies-2017-9,People are freaking out that Laura Dern may have snubbed Reese Witherspoon after Emmy win
gossipcop-7673059893,www.dailymail.co.uk/tvshowbiz/article-5601023/Brad-Pitt-absolutely-smitten-MIT-professor-Neri-Oxman-chemistry-charts.html,Brad Pitt is 'absolutely smitten by' MIT professor Neri Oxman
gossipcop-535550235,ayresearch.com/the-wife-of-jamie-dornan-forbids-him-to-work-with-angelina-jolie/,Jamie Dornan ’ s Wife Forbid Him From Working With Angelina Jolie 
gossipcop-4550013418,www.lifeandstylemag.com/posts/caitlyn-jenner-oj-simpson-reunion-146820,"Caitlyn Jenner and O.J. Simpson Are Set to Reunite on TV: ""It Would Be Fascinating!"" (EXCLUSIVE)"
gossipcop-2332731598,metro.co.uk/2018/08/08/kourtney-kardashian-moves-younes-bendjima-split-caught-facetiming-another-guy-7812676/,Kourtney Kardashian moves on from Younes Bendjima by FaceTiming another man
gossipcop-3836977114,www.break.com/video/jennifer-lawrence-is-terrified-in-mother-trailer-3120884,"Jennifer Lawrence Is Terrified In ""Mother!"" Trailer"
gossipcop-2089437072,www.usmagazine.com/celebrity-news/news/duchess-meghan-and-prince-harry-are-planning-a-u-s-tour-details/,Duchess Meghan and Prince Harry Are Planning a U.S. Tour: Details!
gossipcop-7636813283,www.feedstripes.com/t/dakota-johnson?s=80&o=latest,#Dakota Johnson
gossipcop-2743556403,www.yahoo.com/entertainment/fights-post-notes-secret-sleepovers-brad-jennifer-anistons-separation-leads-creative-tabloid-tales-194445753.html,Fights over Post-it notes? 'Secret sleepovers' with Brad? Jennifer Aniston's separation leads to bonkers tabloid tales.
gossipcop-7356183371,hollywoodlife.com/2018/02/26/kylie-jenner-travis-scott-push-present-ferrari-stormi-safe/,"Kylie Jenner Loves Ferrari ‘Push Present’ From Travis Scott, But Refuses To Drive It To Keep Stormi Safe"
gossipcop-9727779952,,Julia Roberts Danny Moder Divorce On Hold
gossipcop-4976926061,hollywoodlife.com/2018/05/17/justin-bieber-selena-gomez-split-is-he-ready-for-love-again/,Justin Bieber ‘Still Reeling’ From Selena Gomez Split: Is He Searching For A New Love To Replace Her?
gossipcop-9164044001,www.eonline.com/news/901683/janet-jackson-and-jermaine-dupri-back-together-inside-their-slowly-developing-relationship,"Janet Jackson and Jermaine Dupri Back Together? How Their Relationship Is ""Slowly Developing"""
gossipcop-4038677075,radaronline.com/videos/kris-jenner-flirty-scott-disick/,Kris Jenner CAUGHT Getting Flirty With Grimy Scott Disick
gossipcop-2793849567,www.marieclaire.com/celebrity/a21999270/katie-holmes-jamie-foxx-break-up/,Are Katie Holmes and Jamie Foxx Dating? The 'Dawson's Creek' Star Issued Her First Public Statement About It
gossipcop-8530020915,toofab.com/2017/11/19/selena-gomez-debuted-a-new-look-on-the-ama-red-carpet-and-fans-are-shook/,Selena Gomez Debuted A New Look on the AMA Red Carpet and Fans Are 'Shook'
gossipcop-1000908841,, FreeShia Tweets On Shia LaBeouf Arrest Trend On Twitter
gossipcop-3631271081,radaronline.com/photos/jessica-simpson-pregnant-rumors-baby-bump-pic/,Jessica Simpson Fuels Pregnancy Rumors In Shocking New Photos
gossipcop-8518374232,www.newyorker.com/culture/annals-of-gastronomy/prince-harry-and-meghan-markles-wedding-cake-breaks-with-centuries-of-royal-tradition,Prince Harry and Meghan Markle’s Wedding Cake Breaks with Centuries of Royal Tradition
gossipcop-9621573530,www.cheatsheet.com/entertainment/rumors-about-carrie-underwood-and-mike-fisher-you-should-stop-believing.html/,Rumors About Carrie Underwood and Mike Fisher You Should Stop Believing
gossipcop-4182137265,www.radiotimes.com/news/2011-11-14/brad-pitt-to-quit-acting-in-three-years/,Brad Pitt to quit acting in three years
gossipcop-8958190944,www.refinery29.com/2017/02/140693/justin-bieber-grammys-selena-gomez-video,Justin Bieber Lyrics Dis Ex Selena Gomez and The Weeknd
gossipcop-2661956005,www.imdb.com/news/ni61327556/,Meghan Markle Doing Yoga To Deal With Jealousy Over Prince Harry Photos With Other Women?
gossipcop-9688342047,www.dailymotion.com/video/x47oa59,Duchess of Cambridge Ignores Kim Kardashian After Years of Begging
gossipcop-6988354769,www.enstarz.com/articles/195804/20170829/aaron-rodgers-girlfriend-is-packers-qb-dating-soccer-star-marie-margolius-video.htm,Aaron Rodgers Girlfriend: Is Packers QB Dating Soccer Star Marie Margolius? [VIDEO]
gossipcop-979982150,people.com/celebrity/jerry-lewis-dead-celebrity-reactions/,"Jim Carrey, Robert De Niro Lead Celebrity Tributes to Jerry Lewis: 'He Didn't Miss a Beat, Or a Punchline'"
gossipcop-5176410105,www.ibtimes.co.in/kate-middleton-pregnancy-duchess-cambridge-ruling-out-third-baby-because-meghan-markle-736621,Kate Middleton pregnancy: Duchess of Cambridge ruling out third baby because of Meghan Markle?
gossipcop-3179792046,www.wetpaint.com/kris-jenner-caitlyn-jenner-memoir-kuwtk-video-1584594/,Kris Jenner Is Furious Over Caitlyn Jenner’s Memoir: “None of It Makes Sense” (VIDEO)
gossipcop-1394099574,hollywoodlife.com/2018/01/05/travis-scott-kylie-jenner-relationship-status-worried-uncertain-together/,"Kylie Jenner ‘Alone, Confused & Worried’ Over Uncertain Relationship Status With Travis Scott"
gossipcop-3145911767,www.inquisitr.com/4891029/jennifer-aniston-did-not-get-200000-in-cosmetic-procedures-after-justin-theroux-split-debunked/,"Jennifer Aniston Did Not Get $200,000 In Cosmetic Procedures After Justin Theroux Split [Debunked]"
gossipcop-2621057085,www.celebritynetworth.com/couples/pink-carey-hart-net-worth/,Pink and Carey Hart Net Worth
gossipcop-9628763830,,HollywoodLife Lies About Beyonce Twins Released From Hospital
gossipcop-2873467495,www.celebitchy.com/566594/sarah_jessica_parker_kim_cattrall_said_things_that_were_really_hurtful_about_me/,Sarah Jessica Parker: Kim Cattrall ‘said things that were really hurtful about me’
gossipcop-5786743687,www.vh1.com/news/298162/zoe-saldana-says-hollywood-bullied-donald-trump/,"Zoe Saldana Says Hollywood Bullied Donald Trump, Twitter Claps Back Hard"
gossipcop-7308803709,www.intouchweekly.com/posts/scott-disick-reign-not-his-child-148339,Scott Disick’s Worst Fear Is That His Youngest Son Reign Isn’t His (EXCLUSIVE)
gossipcop-9100336642,radaronline.com/photos/selena-gomez-suffers-meltdown-breakup-justin-bieber-dating-model-champion-photos/,Selena Gomez ‘Off-The-Rails’ As Ex Justin Bieber Rebounds With Hot Model Post-Breakup
gossipcop-6061819854,www.independent.co.uk/arts-entertainment/films/news/meryl-streep-harvey-weinstein-statement-disgraceful-a7990836.html,Meryl Streep slams 'disgraceful' Harvey Weinstein over sexual abuse allegations
gossipcop-9096198130,www.etonline.com/sarah-jessica-parker-says-time-apart-matthew-broderick-beneficial-their-marriage-95482,Sarah Jessica Parker Says Time Apart From Matthew Broderick Is 'Beneficial' to Their Marriage
gossipcop-2656814899,www.dailymail.co.uk/tvshowbiz/article-5698465/Madonna-snacks-getting-glammed-ahead-Met-Gala.html,Met Gala 2018: Madonna snacks while getting glammed up
gossipcop-4517095073,www.magzter.com/article/Entertainment/Globe/Melissa-McCarthy-Going-Blind,Melissa McCarthy Going Blind!
gossipcop-9233497353,www.elle.com/culture/celebrities/a15872291/kim-kardashian-considering-asking-surrogate-to-carry-fourth-child/,Kim Kardashian Is Reportedly Considering Asking Her Surrogate to Carry Another Baby for Her
gossipcop-5760265006,www.refinery29.com/2016/09/124874/angelina-jolie-crisis-manager-olivia-pope,Angelina Jolie Hires Crisis Manager Who Inspired Olivia Pope
gossipcop-1584523188,www.usatoday.com/story/life/people/2017/09/19/model-elsie-hewitt-accuses-ryan-phillippe-throwing-her-down-staircase-lawsuit/681696001/,Ryan Phillippe on ex-girlfriend's lawsuit: 'Every one of my accuser's allegations is false'
gossipcop-9120330831,www.cnn.com/2017/09/29/politics/tom-price-resigns/index.html,Price out as HHS secretary after private plane scandal
gossipcop-8446160021,www.viralthread.com/meghan-markles-old-resume-lists-stripper-one-many-talents/,Meghan Markle’s Old Resumé Lists ‘Stripping’ As One Of Her Many Talents
gossipcop-8123589625,www.cnn.com/2018/08/02/entertainment/reese-witherspoon-ice-cream-meryl-streep-big-little-lies/index.html,Reese Witherspoon pelting ice cream at Meryl Streep is everything
gossipcop-735368943,hollywoodlife.com/2017/04/14/angelina-jolie-new-house-mansion-cecil-b-demille-pics/,Angelina Jolie Buys $25 Million L.A. Mansion: Prepping For Wedding? — See Pics Inside
gossipcop-9971833067,www.creativeyadav.com/hollywood-gossip/?q=Kim+Kardashian+%E2%80%98Furious%E2%80%99+With+Travis+Scott+For+Neglecting+Pregnant+Kylie+Jenner,Kim Kardashian ‘Furious’ With Travis Scott For Neglecting Pregnant Kylie Jenner
gossipcop-4442758643,www.dailymail.co.uk/tvshowbiz/article-2883942/Meg-Ryan-walk-aisle-John-Mellencamp-planning-propose.html,Meg Ryan may walk down the aisle again as 'John Mellencamp is planning to propose'
gossipcop-6647020463,celebrityinsider.org/is-kris-jenner-dating-a-nigerian-billionaire-72429/,Is Kris Jenner Dating A Nigerian Billionaire?
gossipcop-4952128390,www.revolvy.com/page/Alessandra-Ambrosio,Alessandra Ambrosio
gossipcop-9155954731,abcnews.go.com/Entertainment/terry-crews-names-alleged-sexual-assaulter-shamed/story?id=51146972,Terry Crews names alleged sexual assaulter: 'I will not be shamed'
gossipcop-1339876563,hollywoodlife.com/2015/09/17/alicia-vikander-michael-fassbender-break-up-split-relationship/,Michael Fassbender & Alicia Vikander Split After 9 Months Of Dating
gossipcop-7727825756,,Teri Hatcher Broke And Homeless
gossipcop-5127632247,www.architecturaldigest.com/story/prince-william-and-kate-middleton-may-not-live-at-kensington-palace-forever,Prince William May Not Live at Kensington Palace Forever
gossipcop-3944010770,www.etonline.com/news/217173_peta_murgatroyd_opens_up_about_surprise_pregnancy_and_maksim_chmerkovskiy_reaction,Peta Murgatroyd Talks Surprise Pregnancy and Maksim Chmerkovskiy's Reaction: 'He Thought I Was Kidding!'
gossipcop-655515205,hollywoodlife.com/2017/08/26/is-taylor-swift-ending-katy-perry-feud-reputation-album-diss/,Is Taylor Swift Extending An Olive Branch To Katy Perry? She Gets A ‘Pass’ On Reputation
gossipcop-317873700,okmagazine.com/photos/blake-shelton-gwen-stefani-having-baby-girl/,"Fast Facts: Blake Shelton & Gwen Stefani Are Having Their First Baby, A Source Claims; PLUS The Hottest Celeb News"
gossipcop-575826775,www.deccanchronicle.com/entertainment/hollywood/151217/brad-pitt-and-jennifer-lawrence-are-not-dating.html,Brad Pitt and Jennifer Lawrence are not dating
gossipcop-4556556046,people.com/celebrity/hugh-hefner-dead-celebrity-reactions/,"Kim Kardashian, Jesse Jackson, Jenny McCarthy and More Mourn the Death of Hugh Hefner"
gossipcop-643992606,www.vulture.com/2018/02/kristen-wiig-might-play-the-villain-in-wonder-woman-2.html,Kristen Wiig Might Play the Villain in Wonder Woman 2
gossipcop-2409856306,www.inquisitr.com/3116231/angelina-jolie-fragile-at-79-lbs-battles-brad-pitt-over-career-co-star-fears-same-fate-as-jennifer-aniston/,"Angelina Jolie, Fragile At 79 Lbs, Battles Brad Pitt Over Career & Co-Star: Fears Same Fate As Jennifer Aniston?"
gossipcop-9915756659,hollywoodlife.com/2018/06/19/jennifer-lopez-alex-rodriguez-want-kids-baby-family-fathers-day/,Jennifer Lopez Getting Baby Fever With Alex Rodriguez After ‘Amazing’ Father’s Day
gossipcop-2268522877,www.eonline.com/news/701542/cindy-crawford-says-daughter-kaia-gerber-loves-kendall-jenner-talks-14-year-old-s-modeling-future-watch,"Cindy Crawford Says Daughter Kaia Gerber ''Loves Kendall Jenner,'' Talks 14-Year-Old's Modeling Future: Watch"
gossipcop-8676309881,www.msn.com/en-my/entertainment/story/justin-bieber-talking-to-pastor-carl-lentz-about-proposing-to-selena-gomez/ar-BBGNfkY,Justin Bieber Talking To Pastor Carl Lentz About Proposing To Selena Gomez?
gossipcop-9101223947,www.huffingtonpost.com/entry/jennifer-garner-denounces-people-magazine-cover-story-about-divorce_us_593007c1e4b09ec37c3203e3,Jennifer Garner Denounces People Magazine Cover Story About Divorce
gossipcop-1196788294,hollywoodlife.com/2018/01/10/jennifer-garner-josh-duhamel-dating-divorce-ben-affleck-fergie/,Are Jennifer Garner & Josh Duhamel Dating After Devastating Divorces From Ben Affleck & Fergie?
gossipcop-4496358990,www.thesun.co.uk/tvandshowbiz/1819402/shock-reports-claim-brad-pitt-had-an-affair-with-co-star-marion-cotillard-behind-anges-back/,Shock reports claim Brad Pitt was cheating with co-star Marion Cotillard behind Ange’s back
gossipcop-2346813694,www.inquisitr.com/4610219/brad-pitt-jennifer-aniston-reportedly-taking-second-chance-at-love/,"Brad Pitt, Jennifer Aniston Reportedly Taking ‘Second Chance At Love’"
gossipcop-4562409654,www.empireonline.com/movies/features/matrix-empire-1999-keanu-reeves-interview/,The Matrix - Empire's 1999 Keanu Reeves Interview
gossipcop-6669806891,www.twoeggz.com/int/5453707.html,Jim Carrey: 'The Illuminati is Brainwashing Children into Worshipping Satan'
gossipcop-5358813438,www.usmagazine.com/celebrity-moms/news/alec-hilaria-baldwin-introduce-baby-son-rafael-first-photos-201527/,"Alec, Hilaria Baldwin Introduce Baby Son Rafael: See the First Photos!"
gossipcop-6360156211,www.inquisitr.com/4934020/kim-kardashian-never-said-she-and-kanye-west-barely-made-it-this-year-despite-report/,"Kim Kardashian Never Said She And Kanye West ‘Barely Made It’ This Year, Despite ‘OK! Magazine’ Report"
gossipcop-725504190,www.express.co.uk/life-style/life/941988/meghan-markle-parents-mother-prince-harry-wedding-news-latest,Why did Meghan Markle leave the UK in secret last week before wedding to Prince Harry?
gossipcop-7668526011,www.usmagazine.com/entertainment/news/i-am-cait-top-5-moments-caitlyn-jenners-ties-with-ronda-kanye-kim-2015227/,"I Am Cait Top 5 Moments: Caitlyn Jenner's Ties With Ronda, Kanye, Kim"
gossipcop-421853754,www.msn.com/en-sg/entertainment/music/celebrity/selena-gomez-did-not-break-taylor-swift-%E2%80%9Cgirl-code%E2%80%9D-despite-report/ar-AAm8SXt?li=BBr8zL1,"Selena Gomez Did NOT Break Taylor Swift “Girl Code,” Despite Report"
gossipcop-1772617315,www.inquisitr.com/4440466/is-paris-jackson-doing-drugs-amid-scary-family-crisis/,Is Paris Jackson Doing Drugs Amid Scary Family Crisis? [Debunked]
gossipcop-4697947797,www.latimes.com/politics/essential/la-pol-ca-essential-politics-updates-caitlyn-jenner-may-run-for-u-s-senate-1500243172-htmlstory.html,Caitlyn Jenner considering a bid for U.S. Senate in California
gossipcop-2854321309,popculture.com/celebrity/2017/09/27/jodie-sweetin-dancing-with-the-stars-relapse/,Jodie Sweetin Attended 'DWTS' Amid Relapse Reports
gossipcop-9430581156,www.forbes.com/sites/lukethompson/2018/05/17/bruce-willis-advocates-restraint-in-this-exclusive-death-wish-deleted-scene/,Bruce Willis Advocates Restraint In This Exclusive 'Death Wish' Deleted Scene
gossipcop-4223634194,www.rollingstone.com/culture/culture-news/notorious-b-i-g-s-mom-slams-kendall-kylie-jenners-disgusting-t-shirts-195635/,"Notorious B.I.G.’s Mom Slams Kendall, Kylie Jenner’s ‘Disgusting’ T-Shirts"
gossipcop-6582408941,radaronline.com/exclusives/2018/06/jennifer-aniston-cuts-ties-loyal-justin-theroux/,Forgotten ‘Friends!’ Jennifer Bans Ex Justin From Her Social Circle
gossipcop-7317786843,www.townandcountrymag.com/society/tradition/a19479777/prince-harry-meghan-markle-prenuptial-agreement/,Why Prince Harry Didn't Get a Prenup Before Marrying Meghan Markle
gossipcop-8230150549,www.livestrong.com/article/289953-qualifications-needed-to-become-a-fitness-instructor/,Qualifications Needed to Become a Fitness Instructor
gossipcop-1410317058,www.marieclaire.com.au/princess-charlotte-wearing-pants,Why Princess Charlotte Never Wears Pants
gossipcop-8882451342,www.refinery29.com/2017/05/155114/selena-gomez-new-song-justin-bieber-the-weeknd,Is Selena Gomez's New Song About Justin Bieber Or The Weeknd?
gossipcop-5078947079,www.imdb.com/news/ni61346821,Robert Downey Jr. Refuses To Appear On Conan O’Brien’s Talk Show Over Jokes?
gossipcop-6414164506,bobbybones.iheart.com/content/2017-05-24-chris-brown-slammed-by-judge-for-skipping-karrueche-tran-court-hearing/,Chris Brown Slammed By Judge For Skipping Karrueche Tran Court Hearing
gossipcop-7038744891,www.dailymail.co.uk/tvshowbiz/article-2706953/Fergie-baby-son-Axl-wear-matching-bandanas-singer-shows-slender-legs-LA.html,Fergie and her baby son Axl wear matching bandanas as singer shows off her slender legs in LA
gossipcop-1138885480,www.washingtonpost.com/wp-dyn/content/article/2005/06/17/AR2005061700138.html,Actor Tom Cruise Proposes to Girlfriend Katie Holmes at Eiffel Tower
gossipcop-6850091838,celebrityinsider.org/amal-clooney-wants-to-hire-ugly-nannies-for-twins-so-george-can-avoid-cheating-24561/,Amal Clooney Wants To Hire Ugly Nannies For Twins – So George Can Avoid Cheating
gossipcop-1361315567,www.wonderwall.com/celebrity/brad-pitt-bid-120k-watch-game-thrones-will-emilia-clarke-3011777.article,Brad Pitt bid $120k to watch 'Game of Thrones' will Emilia Clarke
gossipcop-3860596146,www.newidea.com.au/the-truth-about-jennifer-aniston-justin-theroux-divorce,Jennifer Aniston reveals the truth about her divorce from Justin Theroux
gossipcop-7650528993,www.iheart.com/content/2017-09-21-stars-celebrate-rosh-hashanah-see-celebrity-tweets-about-jewish-new-year/,Stars Celebrate Rosh Hashanah: See Celebrity Tweets About Jewish New Year
gossipcop-3178412868,en.wikipedia.org/wiki/Justin_Theroux,Justin Theroux
gossipcop-534111552,www.icel.edu.mx/czIyNjYyMA,Universidad ICEL
gossipcop-1794650088,www.closerweekly.com/posts/pippa-middleton-kate-middleton-pregnant-baby-advice-158793,"Kate Has a Special Bond With Pregnant Sister Pippa: ""They're Sharing Pregnancy Stories!"""
gossipcop-9252419108,www.msn.com/en-us/music/celebrity/alyson-hannigan-alexis-denisof-marriage-not-%E2%80%9Con-the-rocks%E2%80%9D-despite-report/ar-BBJrW1s,"Alyson Hannigan, Alexis Denisof Marriage NOT “On The Rocks,” Despite Report"
gossipcop-2955490929,www.usmagazine.com/page/716/?p=0&KSID=aac513577d434aabe1d4adff71468413,Page 716 – Us Weekly
gossipcop-6924848631,,Miranda Lambert Scarred For Life Blake Shelton
gossipcop-5109297398,www.businessinsider.com/taylor-swift-to-keep-new-album-off-streaming-services-for-a-week-report-2017-11,Taylor Swift will reportedly keep her new album off streaming services like Spotify and Apple Music for a week
gossipcop-547743240,www.popsugar.com/celebrity/Gigi-Hadid-Bella-Hadid-Cutest-Pictures-37475557,Gigi Hadid and Bella Hadid's Cutest Pictures
gossipcop-4264578031,www.townandcountrymag.com/society/a9664508/prince-harry-meghan-markle-relationship/,Prince Harry & Meghan Markle Relationship Timeline
gossipcop-3417838504,www.thehollywoodgossip.com/2018/07/ben-affleck-and-lindsay-shookus-engaged-and-expecting-a-child/,Ben Affleck & Lindsay Shookus: Engaged and Expecting a Child?!?!
gossipcop-4826532331,fashionbombdaily.com/celebrities-love-fashion-nova/,Celebrities Love: Fashion Nova
gossipcop-7102127952,www.dailymail.co.uk/tvshowbiz/article-1223517/Angelina-Jolie-affair-mothers-lover.html,Angelina Jolie 'had an affair with her mother's lover'
gossipcop-5409760054,secondnexus.com/entertainment/kourtney-kardashian-baby-four-pregnancy/,Is Kourtney Kardashian Pregnant or Planning for a New Baby Too?
gossipcop-4873075125,www.msn.com/en-us/music/celebrity/john-legend-chrissy-teigen-not-on-verge-of-splitting-despite-report/ar-AArVunc,"John Legend, Chrissy Teigen not 'on verge of splitting,' despite report"
gossipcop-6141215150,www.etonline.com/news/216664_paris_jackson_is_focusing_on_her_film_and_modeling_career_with_new_dark_comedy_role,Paris Jackson Is 'Focusing on Her Film and Modeling Career' With New Dark Comedy Role
gossipcop-9716230263,radaronline.com/exclusives/2018/07/jamie-foxx-wild-weekend-miami-without-katie-holmes/,The End? ‘Party Boy’ Jamie Foxx Blows It With Katie Holmes!
gossipcop-75092956,thenet.ng/khloe-kardashians-ex-husband-lamar-odom-supposedly-now-dating-tiffany-haddish/,"Khloe Kardashian’s Ex-Husband, Lamar Odom, Supposedly Now Dating Tiffany Haddish"
gossipcop-254760936,pagesix.com/2018/04/11/pregnant-khloe-went-ballistic-when-she-found-out-about-tristans-cheating/,Pregnant Khloé ‘went ballistic’ when she found out about Tristan’s cheating
gossipcop-8704950132,www.usmagazine.com/celebrity-news/news/is-sandra-bullock-married-to-boyfriend-bryan-randall/,Sandra Bullock Is Not Married to Boyfriend Bryan Randall
gossipcop-4609401231,www.hollywoodreporter.com/news/michael-fassbender-is-a-legit-ferrari-race-car-driver-now-1116821,"""Either You're the Fastest or Not"": Michael Fassbender on His Car-Racing Obsession"
gossipcop-344385140,www.teenvogue.com/story/yolanda-hadid-gigi-hadid-zayn-malik-pregnancy-rumors,Yolanda Hadid Addresses Gigi Hadid Pregnancy Rumors
gossipcop-9180775364,www.iheart.com/content/2017-10-06-lin-manuel-miranda-talks-almost-like-praying-song-puerto-rico-and-trump/,"Lin-Manuel Miranda Talks 'Almost Like Praying' Song, Puerto Rico And Trump"
gossipcop-3754107472,,Rachel Bilson Eddie Cibrian Take Two
gossipcop-4141953288,simple.wikipedia.org/wiki/Angelina_Jolie,"Simple English Wikipedia, the free encyclopedia"
gossipcop-8698517320,,Fabricated Brad Pitt Father ’ s Day Story Blows Up In HollywoodLife ’ s Face
gossipcop-8166151438,www.aol.com/article/entertainment/2018/06/15/alex-rodriguez-responds-to-girlfriend-jennifer-lopezs-comments-on-marriage-exclusive/23459894/,Alex Rodriguez responds to girlfriend Jennifer Lopez's comments on marriage (exclusive)
gossipcop-8762765994,www.dailymail.co.uk/tvshowbiz/article-5956831/Nicole-Kidman-51-Keith-Urban-50-planning-baby-number-three.html,"Nicole Kidman, 51, and Keith Urban, 50, 'are planning baby number three'"
gossipcop-1755779346,www.mercurynews.com/2018/04/12/khloe-kardashian-gives-birth-to-baby-girl-with-tristan-thompson-by-her-side/,Khloe Kardashian allows Tristan Thompson in the delivery room for their daughter’s birth
gossipcop-3730183939,celebrityinsider.org/kendall-jenner-didnt-warn-blake-griffin-to-stay-away-from-family-despite-reports-68743/,"Kendall Jenner Didn’t Warn Blake Griffin To Stay Away From Family, Despite Reports"
gossipcop-8258400710,en.wikipedia.org/wiki/Royal_Christmas_Message,Royal Christmas Message
gossipcop-9994438576,www.inquisitr.com/4899991/katie-holmes-is-not-pregnant-with-jamie-foxxs-child-debunked/,Katie Holmes Is Not Pregnant With Jamie Foxx’s Child [Debunked]
gossipcop-2108146336,www.express.co.uk/life-style/life/921618/kate-middleton-twins-pregnant-baby-prince-william,Is Kate Middleton having twins? Prince William had this to say - what is the likelihood?
gossipcop-3399862784,www.celebdirtylaundry.com/2017/tom-hiddleston-still-embarrassed-about-taylor-swift-ignores-fans-and-media-at-comic-con/,Tom Hiddleston Still Embarrassed About Taylor Swift: Ignores Fans and Media at Comic-Con
gossipcop-7706490560,www.usmagazine.com/celebrity-news/news/selena-gomez-reunites-with-david-henrie-in-first-instagram-story-w459637/,Selena Gomez Reunites With David Henrie in First Instagram Story
gossipcop-2516063271,www.imdb.com/news/ni61240998,"Donald Trump Does Not Wear “Adult Diapers,” Despite Speculation"
gossipcop-7533724553,people.com/bodies/kim-kardashian-gets-stretch-marks-removed-cosmetic-surgery/,Kim Kardashian Gets Her Stretch Marks Removed: 'It Didn't Hurt That Badly'
gossipcop-9354481299,www.vanityfair.com/news/2005/09/aniston200509,The Unsinkable Jennifer Aniston
gossipcop-4495586215,www.imdb.com/news/ni61527539,Jim Carrey Believes Apple Face ID Will Lead To “Totalitarian New World Order”?
gossipcop-5401761885,www.bravotv.com/the-daily-dish/blac-chynas-kardashian-lawsuit-update,Blac Chyna's Lawsuit Against the Kardashians Has Taken a New Twist
gossipcop-8419186492,www.imdb.com/news/ni61411521,"Brooklyn Beckham, Pax Jolie-Pitt Not Best Friends, Despite Report"
gossipcop-9842700738,www.nationalenquirer.com/photos/mariah-carey-new-years-2018/,Mariah Carey Vs. Joe Jonas — New Year’s Feud Goes On
gossipcop-6942722643,www.yourtango.com/2018315542/are-demi-moore-and-ed-helms-dating-new-details-on-their-rumored-secret-relationship,Are Demi Moore And Ed Helms Dating? New Details On Their Rumored Secret Relationship
gossipcop-2009291305,celebrityinsider.org/blake-shelton-and-miranda-lambert-at-war-their-feud-is-nastier-than-fans-even-know-144114/,Blake Shelton And Miranda Lambert At War! Their Feud Is Nastier Than Fans Even Know
gossipcop-3834254312,www.thehollywoodgossip.com/2018/02/selena-gomez-pregnant-with-justin-biebers-baby/,Selena Gomez: PREGNANT With Justin Bieber's Baby?
gossipcop-727367169,www.aol.com/article/entertainment/2017/04/13/brad-pitt-dating/22038900/,Source reveals major update about Brad Pitt's life: 'He's been dating a bit'
gossipcop-1143311659,www.usmagazine.com/celebrity-news/news/will-arnett-dating-producer-erin-david-after-katie-lee-split-20132012/,Will Arnett Girlfriend: Dating Producer Erin David After Katie Lee
gossipcop-9541171035,www.yahoo.com/news/kim-kardashian-eats-human-flesh-160300365.html,Kim Kardashian EATS Human Flesh For Ritual?! (Rumor Patrol)
gossipcop-6035324631,hollywoodlife.com/2018/08/08/kourtney-kardashian-pregnant-fourth-baby-younes-bendjima-dad-breakup/,Kourtney Kardashian Reportedly Pregnant With Baby #4 — Is Ex-BF Younes Bendjima The Dad?
gossipcop-5210414258,www.irishtimes.com/life-and-style/food-and-drink/restaurant-reviews/restaurant-review-stanley-s-gets-a-second-look-and-comes-up-smelling-of-roses-1.2522563,Restaurant review: Stanley’s gets a second look and comes up smelling of roses
gossipcop-3528288450,www.business-standard.com/article/news-ians/ellen-degeneres-confronted-by-waitress-over-tip-117011300762_1.html,Ellen DeGeneres confronted by waitress over tip?
gossipcop-7224709424,headlinebooth.com/search/Amber+Heard,"Headline Booth :: Comprehensive up-to-date news coverage and breaking news stories, aggregated from sources all over the world by headlinebooth.com"
gossipcop-6793729315,variety.com/2018/film/news/mamma-mia-sequel-here-we-go-again-cher-ol-parker-1202877503/,‘Mamma Mia! Here We Go Again’ Director Ol Parker on Casting Cher: ‘I Refused to Contemplate Anyone Else’
gossipcop-5913883000,en.wikipedia.org/wiki/Reese_Witherspoon,Reese Witherspoon
gossipcop-8736333835,www.instylemag.com.au/cameron-diaz-nicole-richie-joel-madden-family-photo,Nicole Richie And Cameron Diaz Pose With Their Husbands In Epic Family Photo
gossipcop-7070650078,,Brad Pitt GQ Divorce Interview  Highlights On Angelina Jolie  Kids And Drinking
gossipcop-7715273570,www.ibtimes.co.uk/brad-pitt-george-clooneys-friendship-wasnt-destroyed-by-angeline-jolie-despite-claims-1610558,Brad Pitt and George Clooney's friendship wasn't destroyed by Angeline Jolie despite claims
gossipcop-1608650114,www.bostonherald.com/inside_track/celebrity_news/2014/07/baby_joy_ryan_gosling_and_eva_mendes_are_thrilled_to_be,Baby Joy! Ryan Gosling and Eva Mendes are thrilled to be expecting an October arrival
gossipcop-6509869720,www.newidea.com.au/jennifer-aniston-and-brad-pitt-busted-in-aspen,Brad Pitt and Jennifer Aniston 'busted' over Aspen reunion
gossipcop-607558250,www.usmagazine.com/celebrity-news/news/portia-de-rossi-ellen-divorce-rumors-make-us-feel-accepted/,Portia de Rossi: Ellen Divorce Rumors Make Us Feel ‘Accepted’
gossipcop-9372084354,www.cnn.com/2018/05/25/entertainment/harvey-weinstein-celebrity-reaction/index.html,Celebrities react to Harvey Weinstein's arrest
gossipcop-4186973084,www.teenvogue.com/story/kylie-jenner-spoiled-a-major-plot-point-of-the-handmaids-tale-on-instagram,"Kylie Jenner Spoiled a Major Plot Point of ""The Handmaid's Tale"" on Instagram"
gossipcop-1369753636,twitchy.com/samj-3930/2017/06/11/awkward-chelsea-clinton-tries-bonding-with-megyn-kelly-over-national-enquirer-and-its-just-embarrassing/,AWKWARD: Chelsea Clinton tries ‘bonding’ with Megyn Kelly over National Enquirer and it’s JUST embarrassing
gossipcop-8889799564,www.latestly.com/entertainment/hollywood/jennifer-aniston-and-brad-pitts-decision-to-have-a-baby-leaves-angelina-jolie-furious-156781.html,Jennifer Aniston And Brad Pitt’s Decision to Have a Baby Leaves Angelina Jolie Furious?
gossipcop-4104167865,,  Angelina Jolie Jealous Jealous Of Brad Pitt  Sienna Miller Is Fake News Story
gossipcop-8306496840,www.cbsnews.com/pictures/child-stars-adult-troubles/6/,"Child stars, adult troubles"
gossipcop-4518454025,radaronline.com/photos/jessica-simpson-loves-eric-johnson-curves/,Jessica Simpson Tells Husband Eric Johnson: Stay Fat It’s Sexier!
gossipcop-7853811420,www.marieclaire.com/politics/news/a25465/celebrity-reactions-trump-press-conference/,Celebrities React to President Trump's Incendiary Press Conference
gossipcop-8456652125,people.com/movies/jennifer-aniston-and-justin-theroux-split-after-two-years-of-marriage/,Jennifer Aniston and Justin Theroux Split 'Lovingly' After Two Years of Marriage
gossipcop-3024692909,celebrityinsider.org/brad-pitt-and-angelina-jolie-still-working-out-divorce-as-shiloh-ignores-him-in-paris-114263/,Brad Pitt And Angelina Jolie Still Working Out Divorce As Shiloh Ignores Him In Paris
gossipcop-800399273,en.wikipedia.org/wiki/List_of_songs_recorded_by_Adele,List of songs recorded by Adele
gossipcop-8474301824,,Jennifer Aniston  Brad Pitt Finally Out Of Hiding 
gossipcop-5053856710,en.wikipedia.org/wiki/The_One_with_the_Rumor,The One with the Rumor
gossipcop-8158264241,www.huffingtonpost.com/entry/kylie-jenner-new-mom-changing-diapers_us_5ae9c564e4b06748dc8e6ed4,New Mom Kylie Jenner Explains Why She Loves Changing Diapers
gossipcop-4220159801,hollywoodlife.com/2017/06/23/angelina-jolie-sad-brad-pitt-more-custody-six-kids/,Angelina Jolie Breaks Down In Tears Thinking About Brad Pitt Having More Custody
gossipcop-8260667329,www.mirror.co.uk/news/uk-news/meghan-markle-words-what-duchess-13021814,"what the Duchess thinks about love, work and happiness"
gossipcop-7509856760,marriedbiography.com/scandalous-reports-about-christina-milian-and-karrueche-tran-being-more-than-friends-circulating-gossip-cop-clears-the-air/,Scandalous reports about Christina Milian and Karrueche Tran being ‘more than friends’ circulating! Gossip Cop clears the air! – Married Biography
gossipcop-2682199068,www.newidea.com.au/brad-pitt-jennifer-aniston-wed-in-missouri,Brad Pitt and Jennifer Aniston married in Missouri!
gossipcop-2133150152,www.lifeandstylemag.com/posts/jennifer-aniston-justin-theroux-marriage-152778,"Jennifer Aniston and Justin Theroux's Marriage Is ""Hanging by a Thread"" (EXCLUSIVE)"
gossipcop-2465874790,www.cheatsheet.com/entertainment/kim-kardashian-and-kanye-west-surprising-secrets-their-body-language-reveals-about-their-relationship.html/,Kim Kardashian and Kanye West: Surprising Secrets Their Body Language Reveals About Their Relationship
gossipcop-7807890191,www.elle.com.au/beauty/selena-gomez-hair-17574,17 Selena Gomez Hair Styles We Want To Recreate
gossipcop-5762367466,www.inquisitr.com/4975631/kim-kardashian-and-kanye-west-dont-have-a-secret-pact-to-fake-their-marriage-debunked/,Kim Kardashian And Kanye West Don’t Have A Secret Pact To Fake Their Marriage [Debunked]
gossipcop-3824342313,,Jennifer Aniston ’ s Famous Suitors Include Orlando Bloom  Chris Evans  Jared Leto 
gossipcop-774720769,www.houstonpress.com/music/review-jay-z-reminds-us-hes-the-goat-at-houston-4-44-stop-9947539,Jay-Z's '4:44 Tour' Proves The GOAT Is Still The Greatest
gossipcop-2853783393,www.foxnews.com/entertainment/2017/07/24/flip-or-flops-christina-el-moussa-headed-to-real-housewives-not-so-fast.html,'Flip or Flop's' Christina El Moussa headed to 'Real Housewives?' Not so fast
gossipcop-9496768130,radaronline.com/videos/keith-urban-nicole-kidman-new-york-apartment-haunted/,Spooky Sounds & Strange Shadows! Keith & Nicole’s Dream Home Haunted By King Of Pop
gossipcop-406996664,ew.com/news/2017/01/10/barack-obama-farewell-address-celebrities-react/,Celebrities say goodbye to Barack Obama after farewell address
gossipcop-1912691606,www.romper.com/p/are-prince-harry-meghan-markle-living-together-now-they-did-long-distance-for-a-long-time-9097519,Are Prince Harry & Meghan Markle Living Together Now? They Did Long Distance For A Long Time
gossipcop-4477497140,www.nationalenquirer.com/photos/taylor-swift-dating-calvin-harris-breakup/,Taylor Swift Drunk Dials Her Ex
gossipcop-7914178475,www.usmagazine.com/celebrity-news/news/inside-julia-roberts-danny-moders-really-solid-marriage/,"Inside Julia Roberts, Danny Moder’s ‘Really Solid’ Marriage"
gossipcop-5476888005,www.telegraph.co.uk/news/2016/06/15/jennifer-aniston-pregnant-with-miracle-baby-aged-47-with-husband/,Jennifer Aniston's spokesman denies reports the 47-year-old actress expecting 'miracle baby'
gossipcop-696454234,www.today.com/popculture/blake-shelton-remembers-brother-s-death-27-years-ago-it-t118783,Blake Shelton remembers brother's death 27 years ago: 'It changed my life forever'
gossipcop-3285447117,www.independent.co.uk/life-style/kylie-jenner-travis-scott-kardashian-curse-billionaire-stormi-a8452981.html,Kylie Jenner and Travis Scott discuss the 'Kardashian Curse' in new GQ interview
gossipcop-6958126008,www.teenvogue.com/story/paris-jackson-denies-relationship-trevor-donovan,Paris Jackson Denies Relationship With Trevor Donovan
gossipcop-1156925967,www.eonline.com/fr/news/740766/watch-justin-bieber-awkwardly-explain-his-selena-gomez-tattoo-and-try-not-to-cringe,Watch Justin Bieber Awkwardly Explain His Selena Gomez Tattoo and Try Not to Cringe
gossipcop-8344705765,www.nationalenquirer.com/photos/blake-shelton-miranda-gwen-triangle/,Blake Shelton’s Secret Late Night Calls To Miranda
gossipcop-494656243,www.newidea.com.au/david-schwimmer-wants-to-win-jennifer-aniston-back,David Schwimmer to Jennifer Aniston: I want you back!
gossipcop-2079115991,en.wikipedia.org/wiki/Stedman_Graham,Stedman Graham
gossipcop-1548037832,hollywoodlife.com/2018/04/06/blake-shelton-gwen-stefani-eloping-marriage-skip-engagement/,"Gwen Stefani & Blake Shelton May Skip Engagement & Just Elope, Says Source: Marriage Is ‘Inevitable’"
gossipcop-7544598697,www.hollywoodreporter.com/news/oscars-2017-memoriam-snubs-garry-shandling-robert-vaughn-980116,"Oscars ""In Memoriam"": Garry Shandling, Robert Vaughn Among Snubs"
gossipcop-595491190,www.celebsnow.co.uk/celebrity-news/brad-pitt-sienna-miller-angelina-jolie-679541,Is Brad Pitt secretly dating Sienna Miller following split from Angelina Jolie?
gossipcop-3414298648,www.usmagazine.com/celebrity-news/news/selena-gomez-justin-bieber-reunited-after-her-kidney-transplant/,"Selena Gomez, Justin Bieber Reunited After Her Kidney Transplant"
gossipcop-2895484840,www.magzter.com/article/Celebrity/OK/Taylors-Lonely-Life,Taylor's Lonely Life
gossipcop-7374728839,en.wikipedia.org/wiki/Anmer_Hall,Anmer Hall
gossipcop-9211668568,www.bustle.com/articles/139629-why-did-brad-pitt-dye-his-hair-it-wasnt-because-he-wanted-to-jump-on-the,Why Did Brad Pitt Dye His Hair? It Wasn't Because He Wanted To Jump On The Silver Hair Trend
gossipcop-2181992320,www.slate.com/blogs/browbeat/2016/02/14/kanye_west_s_new_album_the_life_of_pablo_a_track_by_track_breakdown.html,Kanye West’s new album The Life of Pablo: A track-by-track breakdown.
gossipcop-5349004367,hollywoodlife.com/2018/07/06/selena-gomez-not-competing-justin-bieber-dating-rebound-relationship/,Selena Gomez ‘Not Looking’ To Compete With Justin Bieber In Finding A Rebound Romance
gossipcop-1287068479,abcnews.go.com/GMA/Culture/secret-making-meghan-markles-royal-wedding-gown/story?id=55397129,The 'secret' making of Meghan Markle's royal wedding gown
gossipcop-8015619251,www.eonline.com/news/934634/on-again-the-comprehensive-history-of-bella-hadid-s-romance-with-the-weeknd,On Again? The Comprehensive History of Bella Hadid's Romance With The Weeknd
gossipcop-6722352082,en.wikipedia.org/wiki/Carlotta_(The_Phantom_of_the_Opera),Carlotta (The Phantom of the Opera)
gossipcop-927232697,radaronline.com/videos/blake-shelton-booze-liquor-store-photo-gwen-stefani-ordered-stop-drinking-before-wedding/,Boozy Blake Back On The Bottle — After Gwen Made Him Quit!
gossipcop-8768134383,www.news.com.au/entertainment/celebrity-life/royals/meghan-markle-just-waiting-for-the-next-bombshell/news-story/13f31fbddf0234ef0490c1f5e1739724,Meghan Markle and Prince Harry: Royal wedding started family feud
gossipcop-1893175436,www.newidea.com.au/confirmed-brad-pitt-and-jenner-aniston-theyre-back-on,CONFIRMED: Brad Pitt and Jennifer Aniston - 'They're back on!'
gossipcop-1692898142,thejasminebrand.com/2017/12/13/halle-berry-boyfriend-alex-da-kid-break/,Halle Berry & Boyfriend Alex Da Kid Break Up - theJasmineBRAND
gossipcop-7072867151,www.wonderwall.com/celebrity/george-clooney-rented-private-island-for-amal-clooney-birthday-3012609.article?photoId=1015254,George Clooney Rented Private Island For Amal Clooney Birthday?
gossipcop-5369652307,variety.com/2017/music/news/celebrities-react-chuck-berry-death-1202011585/,Celebrities React to Chuck Berry’s Death: ‘Hail to the King of Rock’ – Variety
gossipcop-3721985374,abc.go.com/shows/jimmy-kimmel-live/video/vdka4152008,WATCH: Jennifer Lawrence Interviews Kim Kardashian West Video
gossipcop-1115907121,radaronline.com/videos/jennifer-aniston-brad-pitt-talking-prior-justin-theroux-split/,Jen & Brad Having ‘Intense Talks’ Prior To Sudden Split With Justin
gossipcop-6431500502,www.imdb.com/news/ni61972138,The Truth About Jennifer Aniston and Justin Theroux's Divorce Is Downright Ugly
gossipcop-7916840350,www.vulture.com/2018/03/what-we-know-about-the-weeknd-and-selena-from-his-new-ep.html,What We Know About The Weeknd and Selena from His New EP
gossipcop-1023869303,www.celebuzz.com/2017-03-04/is-kanye-west-heading-to-rehab/,Is Kanye West Heading to Rehab?
gossipcop-8922086778,radaronline.com/videos/kim-kardashian-fires-publicist-politics/,Image Overhaul! Kim Hiring New Team To Seem More ‘Political’
gossipcop-390778342,www.thesun.co.uk/tvandshowbiz/4214748/the-kardashians-are-desperately-trying-to-rescue-kylie-jenners-new-show-after-its-slammed-as-the-fakest-reality-show-ever/,The Kardashians are ‘desperately’ trying to rescue Kylie Jenner’s new show after it’s slammed as ‘the fakest reality show ever’
gossipcop-8990648866,www.inquisitr.com/4996619/kendall-kylie-jenner-still-close-after-stormis-birth-despite-rumors/,"Kendall And Kylie Jenner Still Close After Stormi’s Birth, Despite Rumors"
gossipcop-3529226336,oceanup.com/2017/07/25/paris-jackson-strips-down-to-play-cards/,Paris Jackson Strips Down To Play Cards
gossipcop-6117838651,www.imdb.com/news/ni61237264,"Mark Wahlberg Teased Mel Gibson About Weight, Offered To Become Personal Trainer?"
gossipcop-1044110130,www.intouchweekly.com/posts/blac-chyna-pregnant-159039,Blac Chyna's Teen Boyfriend YBN Almighty Jay Admitted to Not Using Condoms Before Pregnancy Reports
gossipcop-9350061179,www.cosmopolitan.com.au/celebrity/selena-gomez-justin-theroux-dating-gossip-26837,Here's whattup with all those rumours Selena Gomez and Justin Theroux are dating
gossipcop-643251638,www.lifeandstylemag.com/posts/caitlyn-jenner-oj-simpson-reunion-146820,"Caitlyn Jenner and O.J. Simpson Are Set to Reunite on TV: ""It Would Be Fascinating!"" (EXCLUSIVE)"
gossipcop-3848986922,hollywoodlife.com/2018/04/05/jennifer-aniston-sad-brad-pitt-girlfriend-rumors/,Jennifer Aniston ‘Crushed’ Over Brad Pitt GF Rumors: She Was Hoping To Rekindle Their Romance
gossipcop-419669932,www.ibtimes.co.in/brad-pitt-jennifer-aniston-met-secretly-london-775280,"Brad Pitt, Jennifer Aniston met secretly in London?"
gossipcop-5659324156,people.com/tv/ellen-degeneres-portia-de-rossi-nine-year-wedding-anniversary-tribute/,Ellen DeGeneres and Portia de Rossi Exchange Loving Anniversary Tributes in Celebration of Nine Years of Marriage
gossipcop-2679429994,,Selena Gomez Justin Bieber Best Kisser Ever
gossipcop-157955109,www.wdjx.com/rumor-justin-timberlake-signed-non-nudity-clause-super-bowl-halftime-show/,RUMOR: Justin Timberlake Signed Non-Nudity Clause for Super Bowl Halftime Show
gossipcop-8953282482,www.directexpose.com/angelina-jolie-realtionships/,5 of Angelina Jolie’s Most Shocking Realtionships
gossipcop-9579681666,okmagazine.com/photos/jennifer-aniston-meets-ex-husband-brad-pitts-kids/,Jennifer Aniston Meets Ex-Husband Brad Pitt's Kids: ‘They’re So Sweet!’
gossipcop-6428912068,www.usmagazine.com/celebrity-news/news/britney-spears-angry-over-child-support-battle/,Britney Spears ‘Angry’ Over Child Support Battle
gossipcop-8900043358,okmagazine.com/photos/travis-scott-thrilled-kylie-jenner-is-a-billionaire/,Travis Scott Thrilled His Baby Mama Kylie Jenner Is Nearly A Billionaire
gossipcop-7989668967,www.baldtruthtalk.com/threads/26813-Justin-Bieber-balding,Justin Bieber balding?
gossipcop-5175859472,www.celebritynetworth.com/richest-celebrities/authors/brad-falchuk-net-worth/,Brad Falchuk Net Worth
gossipcop-9271967854,www.imdb.com/news/ni61796409,Kate Middleton Stopped Meghan Markle From Sending Muffins To Queen Elizabeth?
gossipcop-1285599496,,Meghan Markle Caught In Nazi And Satanism Scandal
gossipcop-4174987776,www.wmagazine.com/story/miley-cyrus-liam-hemsworth-more-private-breakup,Miley Cyrus and Liam Hemsworth Are Going to Be More Private After Breakup Rumors
gossipcop-5985147066,yournewswire.com/mel-gibson-parasites-blood-kids/,Mel Gibson: Hollywood Is ‘Den Of Parasites’ Who ‘Feast On Blood Of Kids’
gossipcop-2311443163,www.newidea.com.au/kim-kardashian-kanye-west-announce-divorce-report,US report: ‘Kim Kardashian announces divorce’
gossipcop-2693483373,,Justin Bieber Determined Selena Gomez Different Guy
gossipcop-9329822179,,Victoria Beckham  David Beckham Splitting Over Bella Hadid 
gossipcop-8697896182,www.usmagazine.com/celebrity-news/news/katie-holmes-and-jamie-foxx-why-they-went-public-now-w502589/,Katie Holmes and Jamie Foxx: Why They Went Public Now
gossipcop-3368494433,www.nydailynews.com/entertainment/gossip/john-travolta-six-year-gay-affair-california-pilot-doug-gotterba-alleges-report-actor-camp-calls-ridiculous-article-1.1147440,"John Travolta had six-year gay affair with me, California pilot Doug Gotterba alleges in report that actor's camp calls 'ridiculous'"
gossipcop-8694179751,en.wikipedia.org/wiki/Julia_Roberts,Julia Roberts
gossipcop-6597797445,abcnews.go.com/Entertainment/olivia-munn-dishes-private-life-aaron-rodgers/story?id=27558182,Olivia Munn Dishes on Her Private Life With Aaron Rodgers
gossipcop-8527528891,,Fifth Harmony ” Set T o Split ” 
gossipcop-9757300282,www.etonline.com/heres-how-taylor-swift-spent-fourth-of-july-instead-of-throwing-a-huge-party-105552,Here's How Taylor Swift Spent Fourth of July Instead of Throwing a Huge Party
gossipcop-4197611577,www.etonline.com/jennifer-lopez-serenades-alex-rodriguez-with-journeys-dont-stop-believin-107457,Jennifer Lopez Serenades Alex Rodriguez With Journey's 'Don't Stop Believin'
gossipcop-9502187487,radaronline.com/exclusives/2018/04/alex-rodriguez-cold-feet-jennifer-lopez-wedding/,"Alex Rodriguez Getting Cold Feet About Marrying Jennifer Lopez, Says Source"
gossipcop-2441780963,,Gwen Stefani Adopted Baby Girl  Report A Year Ago
gossipcop-9564340701,people.com/parents/kris-kendall-jenner-cradle-stormi-webster-mj-birthday-party/,Kylie Jenner's 5-Month-Old Stormi Is the Center of Attention at Great-Grandmother MJ's Birthday
gossipcop-6522821514,www.thesun.co.uk/fabulous/6286606/prince-harrys-exes-invited-royal-wedding/,Prince Harry’s exes: who’s invited and who hasn't made the cut to the wedding of the year
gossipcop-1954289539,www.latimes.com/entertainment/la-et-entertainment-news-updates-july-robert-pattinson-fka-1501088351-htmlstory.html,Robert Pattinson confirms he's 'kind of' engaged to singer FKA Twigs
gossipcop-5094529140,www.pinterest.co.uk/pin/643100021763704904/,Younes Bendjima ‘Pities’ Scott Disick — He’s Not Scared To ‘Pulverise’ Him In A Fight https://tmbw.news/younes-bendjima-pities-scott-disic…
gossipcop-9706837555,,Taylor Swift Jealous Of Harry Styles Dunkirk
gossipcop-6162779396,www.newidea.com.au/meghan-markle-kate-middleton-cant-stand-each-other,Why Kate Middleton and Meghan Markle 'can't stand each other'
gossipcop-6562422971,hollywoodlife.com/2017/12/07/kanye-west-kim-kardashian-fighting-filming-birth-3rd-baby-tv/,Kim Kardashian & Kanye West Reportedly Fighting Over Filming Birth Of Baby #3 For ‘KUWTK’
gossipcop-2141534115,people.com/movies/why-leonardo-dicaprio-and-nina-agdal-split-hes-not-ready-to-settle-down/,Why Leonardo DiCaprio and Nina Agdal Split: 'He's Not Ready to Settle Down'
gossipcop-7085270580,hollywoodlife.com/2018/02/23/tristan-thompson-annoyed-lamar-odom-still-hung-up-khloe-kardashian/,Tristan Thompson Is ‘Annoyed’ Lamar Odom’s Still ‘Hung Up’ On Pregnant Khloe Kardashian
gossipcop-3172946389,www.capitalfm.com/artists/miley-cyrus/photos/naughty-vs-nice-moments/,Miley Cyrus: 10 INCREDIBLE Naughty Vs. Nice Moments
gossipcop-3356220952,www.nowtolove.com.au/celebrity/celeb-news/johnny-depp-looks-sick-for-new-film-role-48949,Johnny Depp looks unrecognisable... but we finally know why!
gossipcop-5287901459,www.eonline.com/news/932478/5-reasons-why-tarek-el-moussa-will-overcome-his-latest-back-injury,5 Reasons Why Tarek El Moussa Will Overcome His Latest Back Injury
gossipcop-4995537571,www.bustle.com/p/why-isnt-gwen-stefani-coaching-the-voice-season-13-she-could-come-back-before-you-know-it-2443445,Why Isn't Gwen Stefani Coaching 'The Voice' Season 13? She Could Come Back Before You Know It
gossipcop-4625002166,hollywoodlife.com/2017/10/12/lamar-odom-blac-chyna-dating-khloe-rob-kardashian-exes/,Lamar Odom’s GF Slams Blac Chyna For Partying Amidst Rumors Kardashian Exes Are Dating
gossipcop-5824584587,evoke.ie/2017/07/25/showbiz/gossip/kim-kardashians-extreme-700-calorie-diet,Kim Kardashian's Extreme 700 Calorie Diet Plan For Nude Photo Shoot
gossipcop-6628128349,timesofindia.indiatimes.com/entertainment/english/hollywood/news/is-tom-cruise-ready-to-reunite-with-his-daughter-suri/articleshow/65151182.cms,Is Tom Cruise ready to reunite with his daughter Suri?
gossipcop-694592803,www.independent.co.uk/news/world/americas/matt-damon-publicist-moving-australia-donald-trump-good-will-hunting-jason-bourne-hillary-clinton-a8261126.html,Matt Damon’s publicist forced to deny reports actor is moving to Australia because he can't stand Donald Trump
gossipcop-8772831086,,Channing Tatum  Jenna Dewan Fighting Over Nude Photo  Claim
gossipcop-2843886896,www.celebitchy.com/573751/the_sun_brad_pitt_will_absolutely_want_to_introduce_neri_oxman_to_his_six_kids/,The Sun: Brad Pitt ‘will absolutely’ want to introduce Neri Oxman to his six kids
gossipcop-4174267720,www.eonline.com/news/914312/inside-jennifer-aniston-and-justin-theroux-s-240-million-empire,Inside Jennifer Aniston and Justin Theroux's $240 Million Empire
gossipcop-2280130912,www.countryliving.com/life/entertainment/a19839548/tim-mcgraw-faith-hill-swimsuits/,"Haters are Shaming Faith Hill and Tim McGraw's for Being ""Too Thin"" In New Photo"
gossipcop-1103229113,www.mirror.co.uk/3am/celebrity-news/meghan-markles-maid-honour-reveals-11625276,Meghan Markle's maid of honour reveals 'real reason' her first marriage broke up
gossipcop-5738860188,www.refinery29.com/2018/07/204359/why-jennifer-garner-ben-affleck-divorced-tabloid-rumors,"Jennifer Garner Claims Tabloids Created ""Trouble"" In Her Marriage To Ben Affleck"
gossipcop-5266288087,www.iheart.com/content/2017-03-16-selena-gomez-vogue-cover-story-see-interview-highlights/,Selena Gomez Vogue Cover Story: See Interview Highlights!
gossipcop-9147360879,www.etonline.com/news/219357_ryan_reynolds_steve_martin_and_more_stars_react_to_glenne_headly_death,"Ryan Reynolds, Steve Martin and More Stars React to Glenne Headly's Death"
gossipcop-5064031740,hollywoodlife.com/2018/03/14/are-ben-affleck-jennifer-garner-getting-back-together-split-breakup/,Ben Affleck Reportedly Begging Jennifer Garner For Second Shot At Love: Will She Go Back To Him?
gossipcop-3617356354,www.thehollywoodgossip.com/2018/04/kris-jenner-pregnant-at-age-62/,Kris Jenner: Pregnant at Age 62!
gossipcop-4734433452,oohlo.com/2016/09/20/2016-can-suck-everything-angelina-jolie-has-filed-for-divorce-from-brad-pitt/,2016 Can Suck Everything: Angelina Jolie Has Filed for Divorce from Brad Pitt
gossipcop-517568562,web-site-design.info/debok/keywords/aaron-rodgers-girlfriend-2017/,Aaron Rodgers Girlfriend 2017
gossipcop-4142899537,www.nowtolove.com.au/celebrity/celeb-news/is-miley-cyrus-pregnant-with-liam-hemsworth-28325,Is Miley Cyrus pregnant with Liam Hemsworth?
gossipcop-1512858640,starmagazine.com/2017/08/02/beyonce-jay-z-hire-former-president-obamas-secret-service-team/,Beyonce & Jay-Z Hire Former President Obama’s Secret Service Team
gossipcop-9555947062,www.thesun.co.uk/tvandshowbiz/6149389/kim-kardashians-khloe-kourtney-unfollow-kanye-west-twitter/,Kim Kardashian’s sisters unfollow Kanye West on Twitter as a host of stars also ditch rapper over his support for ‘my brother’ Donald Trump
gossipcop-6251169316,hollywoodlife.com/2017/05/12/harry-styles-new-music-album-solo/,Harry Styles: Why He Rules As HollywoodLife’s Star Of The Week
gossipcop-5269560558,,Gigi Hadid Turning Down Zayn Malik ’ s Marriage Proposals 
gossipcop-8018891573,www.forbes.com/sites/brandonkatz/2017/01/06/megyn-kelly-replacing-savannah-guthrie-on-today-show/,Could Megyn Kelly Replace Savannah Guthrie On 'Today' Show?
gossipcop-2475893366,pagesix.com/2016/05/16/ashlee-and-jessica-simpson-model-for-dad-joes-first-art-show/,Ashlee and Jessica Simpson model for dad’s first art show
gossipcop-3294058859,torontosun.com/entertainment/celebrity/roseanne-barr-begs-jerry-seinfeld-for-career-comeback-help/wcm/e1da9af2-e7b9-451d-87e5-0c3c42d99481,Roseanne Barr begs Jerry Seinfeld for career comeback help
gossipcop-1126928115,www.ranker.com/list/true-deep-undercover-cop-stories/brent-sprecher,14 Fascinating Stories Of Cops Who Went Undercover For Years
gossipcop-1898048866,,JayZ Secretly Gay  Ridiculous Speculation
gossipcop-782506762,hollywoodlife.com/2018/06/19/jennifer-lopez-alex-rodriguez-want-kids-baby-family-fathers-day/,Jennifer Lopez Getting Baby Fever With Alex Rodriguez After ‘Amazing’ Father’s Day
gossipcop-1225099614,www.yahoo.com/news/politics/,Yahoo News - Latest News & Headlines
gossipcop-9268806389,www.celebdirtylaundry.com/2017/ellen-degeneres-divorce-reports-forgotten-after-gushing-over-beautiful-wife-portia-de-rossi-marriage-salvaged-for-time-being/,Ellen DeGeneres Divorce Reports Forgotten After Gushing Over ‘Beautiful’ Wife Portia de Rossi: Marriage Salvaged For Time Being?
gossipcop-1991455469,www.independent.co.uk/news/uk/home-news/meghan-markle-harry-engaged-live-updates-royal-wedding-date-photos-latest-news-when-suits-a8077801.html,As it happened: Prince Harry and Meghan Markle engaged - Is this finally the modern bride the royal family needs?
gossipcop-1114105172,metro.co.uk/2018/03/26/brad-pitt-quietly-dating-secret-meeting-jennifer-aniston-7419437/,Brad Pitt is ‘quietly dating’ as he has ‘secret meeting’ with Jennifer Aniston
gossipcop-2247826510,www.dailymail.co.uk/tvshowbiz/article-5885707/Nicole-Kidman-Keith-Urban-celebrate-12th-wedding-anniversary.html,Nicole Kidman and Keith Urban celebrate 12th wedding anniversary
gossipcop-6486914072,www.mid-day.com/articles/jennifer-lopez-wants-boyfriend-alex-rodriguez-to-fire-beautiful-female-staff/18315158,Jennifer Lopez wants boyfriend Alex Rodriguez to fire beautiful female staff
gossipcop-5935590761,heavy.com/entertainment/2017/08/chris-pratt-anna-faris-separating-divorce-children-cheating-rumors-photos/,Chris Pratt & Anna Faris Separation: 5 Fast Facts You Need to Know
gossipcop-5007337000,www.vanityfair.com/hollywood/2017/12/billy-bush-donald-trump-access-hollywood-op-ed-colbert,Stephen Colbert Doesn’t Let Billy Bush Off the Hook
gossipcop-1277722904,www.usmagazine.com/celebrity-news/news/ethan-hawke-is-on-angelina-jolies-christmas-card-list-201561/,Ethan Hawke Is on Angelina Jolie’s Christmas Card List
gossipcop-4208289619,klou.iheart.com/content/2017-01-20-celebrities-thank-barack-obama-on-last-day-as-president/,Celebrities Thank Barack Obama On Last Day As President
gossipcop-6144450055,,Jennifer Lopez Rearranging Schedule To Keep Eye On Alex Rodriguez 
gossipcop-1761311625,deadline.com/2017/10/fixer-upper-november-premiere-date-fifth-final-season-hgtv-1202191247/,‘Fixer Upper’ Gets November Premiere Date For Fifth & Final Season On HGTV
gossipcop-7080157962,hollywoodlife.com/2018/01/14/selena-gomez-wants-fix-relationship-mother-justin-bieber/,Selena Gomez Wants To Reconcile With Mom — But Her Relationship With Justin Is Not ‘Up For Debate’
gossipcop-2336869197,www.thehollywoodgossip.com/videos/kim-kardashian-doesnt-sound-like-she-ever-liked-tristan-thompson/,Kim Kardashian Doesn't Sound Like She Ever Liked Tristan Thompson
gossipcop-4774142356,www.mercurynews.com/2018/06/29/katie-holmes-trials-fighting-reports-about-a-jamie-foxx-breakup-and-a-tom-cruise-suri-reunion/,"Katie Holmes’ trials: Fighting reports about a Jamie Foxx breakup and a Tom Cruise, Suri reunion"
gossipcop-8443603708,,‘ American Idol ’ Did Warn Katy Perry Against Stealing Spotlight  Report
gossipcop-4995812343,www.ibtimes.com/jennifer-aniston-not-reconciling-justin-theroux-after-failed-brad-pitt-romance-2676084,Jennifer Aniston Not Reconciling With Justin Theroux After Failed Brad Pitt Romance
gossipcop-4844673896,www.eonline.com/news/813583/why-sandra-bullock-and-bryan-randall-aren-t-getting-engaged-anytime-soon,Why Sandra Bullock and Bryan Randall Aren't Getting Engaged Anytime Soon
gossipcop-9520738949,www.imdb.com/name/nm0000126/awards,Kevin Costner
gossipcop-2198033075,video.vanityfair.com/watch/jennifer-lawrence-margot-robbie-more-teach-drinking-slang-from-around-the-world,"Jennifer Lawrence, Margot Robbie & More Teach Drinking Slang from Around the World"
gossipcop-6069295188,www.usmagazine.com/celebrity-moms/news/kim-kardashian-kanye-wests-last-embryo-for-baby-no-4-is-a-boy/,"Kim Kardashian, Kanye West’s ‘Last Embryo’ for Baby No. 4 Is a Boy"
gossipcop-7387951747,www.standard.co.uk/showbiz/celebrity-news/has-jennifer-aniston-confronted-selena-gomez-over-justin-theroux-friendship-a3846746.html,Has Jennifer Aniston 'confronted' Selena Gomez over Justin Theroux friendship?
gossipcop-7306985813,www.usatoday.com/video_sitemap_life.xml,"Clive Davis, Jesse Jackson, Tyler Perry and more speak at Aretha Franklin funeral"
gossipcop-6981423094,meaww.com/caitlyn-jenner-spending-money-on-girlfriend-sophia-hutchins,In the mood for love: Caitlyn Jenner reportedly spending $50k on girlfriend Sophia Hutchins every week
gossipcop-1617999521,www.sfgate.com/news/media/Kylie-Jenner-SPILLS-on-Insecurity-and-Plastic-757226.php,"Kylie Jenner SPILLS on Insecurity and Plastic Surgery: ""I Was OBSESSED with Making My Lips Bigger"""
gossipcop-6175737506,www.telegraph.co.uk/culture/film/oscars/12178330/Kate-and-Leo-the-19-year-friendship-thats-kept-everyone-guessing.html,Kate and Leo: the 19-year friendship that's kept everyone guessing
gossipcop-7058894943,www.msn.com/en-us/movies/celebrity/justin-theroux-pursuing-emma-stone-following-jennifer-aniston-split/ar-BBKaeh6,Justin Theroux Pursuing Emma Stone Following Jennifer Aniston Split?
gossipcop-8374643527,www.thesun.co.uk/tvandshowbiz/6868249/jennifer-lopez-engaged-alex-rodriguez-dating-baseball-exes/,"Is Jennifer Lopez engaged to Alex Rodriguez, when did she start dating the baseball star and who have they previously gone out with?"
gossipcop-7883760299,www.newidea.com.au/miley-cyrus-and-liam-hemsworths-engagement-is-off-again,Miley Cyrus and fiance Liam Hemsworth are on the rocks
gossipcop-3610806888,www.thewrap.com/ashton-kutcher-calls-out-tabloid-for-cheating-story-these-magazines-lack-integrity/,Ashton Kutcher Calls Out Tabloid for Cheating Story: ‘These Magazines Lack Integrity’
gossipcop-7945337369,www.eonline.com/news/946955/kanye-west-thought-kim-kardashian-might-divorce-him-over-slavery-comments,Kanye West Thought Kim Kardashian Might Divorce Him Over Slavery Comments
gossipcop-9368089122,www.thesun.co.uk/tvandshowbiz/3221562/sophia-thomalla-gavin-rossdale-girlfriend-german-tv-presenter/,"Who is Sophia Thomalla? Gavin Rossdale’s girlfriend, German TV presenter and model"
gossipcop-3364501327,www.aceshowbiz.com/news/view/00110455.html,Is Leonardo DiCaprio Starring in 'Shampoo' Remake?
gossipcop-7974582836,www.inquisitr.com/4301436/did-mariah-carey-pay-bryan-tanaka-to-get-back-together-with-her/,Did Mariah Carey Pay Bryan Tanaka To Get Back Together With Her?
gossipcop-8516436453,www.washingtonpost.com/news/arts-and-entertainment/wp/2018/05/17/meghan-markle-and-prince-harry-wedding-drama-faq-all-the-gossip-you-really-want-to-know/,Meghan Markle and Prince Harry wedding drama FAQ: All the gossip you really want to know
gossipcop-2940159199,hollywoodlife.com/2018/01/30/katy-perry-dating-robert-pattinson-friend-zone/,Katy Perry’s Been ‘Waiting’ For Robert Pattinson To Let Her Out Of The ‘Friend Zone’ So They Can Date
gossipcop-4924282374,www.today.com/popculture/blake-shelton-remembers-brother-s-death-27-years-ago-it-t118783,Blake Shelton remembers brother's death 27 years ago: 'It changed my life forever'
gossipcop-1783115695,hollywoodlife.com/2018/05/30/chris-brown-reacts-drake-pusha-t-feud-cant-stop-laughing/,"Chris Brown Loving Drake Vs. Pusha T Beef, ‘Can’t Stop Laughing’ At His Frenemy Who Stole Rihanna"
gossipcop-5554862127,www.wetpaint.com/kanye-west-marquette-king-kim-kardashian-call-1552238/,Kanye West Confronts Kim Kardashian’s Rumored Other Man — Report
gossipcop-705043677,people.com/tv/ellen-degeneres-portia-de-rossi-nine-year-wedding-anniversary-tribute/,Ellen DeGeneres and Portia de Rossi Exchange Loving Anniversary Tributes in Celebration of Nine Years of Marriage
gossipcop-2548751922,time.com/5050368/john-mayer-hospital-appendectomy/,John Mayer Hospitalized for an Emergency Appendectomy
gossipcop-2241809477,www.ibtimes.co.in/angelina-jolie-was-hospital-wasting-away-749668,Angelina Jolie was in 'hospital' and 'wasting away'?
gossipcop-8573968227,people.com/parents/khloe-kardashian-daughter-name-debunks-rumors/,Pregnant Khloe Kardashian Shuts Down Baby Name Rumors
gossipcop-4515297839,www.dailymotion.com/video/x6pvekz,Video Dailymotion
gossipcop-3213651270,www.eonline.com/news/876700/examining-simon-cowell-and-mel-b-s-unique-relationship-on-america-s-got-talent,Examining Simon Cowell and Mel B's Unique Relationship on America's Got Talent
gossipcop-3956979222,hollywoodlife.com/2017/05/19/why-wont-selena-gomez-date-niall-horan-childhood-crush/,Selena Gomez Flattered By Niall Horan’s Crush Reveal But Here’s Why They’ll Never Date
gossipcop-624803233,www.forbes.com/sites/scottmendelson/2018/05/10/bryce-dallas-howard-getting-8m-for-jurassic-world-2-is-not-a-scandal/,Bryce Dallas Howard Earning $2M Less Than Chris Pratt For 'Jurassic World' Is No Scandal
gossipcop-2677307692,adage.com/article/cmo-strategy/pepsi-pulling-widely-mocked-kendall-jenner-ad/308575/,Pepsi Is Pulling Its Widely Mocked Kendall Jenner Ad
gossipcop-1904248445,en.wikipedia.org/wiki/Jennifer_Lopez,Jennifer Lopez
gossipcop-6057388222,thenewyorkevening.com/2018/01/28/justin-timberlake-mandatory-vaccination-schedules-are-un-american/,thenewyorkevening Resources and Information.
gossipcop-4060575239,www.etonline.com/kourtney-kardashian-breaks-down-over-evil-human-being-kim-in-kuwtk-screaming-match-exclusive-107142,Kourtney Kardashian Breaks Down Over 'Evil Human Being' Kim in 'KUWTK' Screaming Match (Exclusive)
gossipcop-3926907338,hollywoodlife.com/2017/05/22/scarlett-johansson-dating-colin-jost-hook-up-snl/,Scarlett Johansson Dating Colin Jost? They Made Out & Talked All Night After ‘SNL’
gossipcop-7648434192,www.celebitchy.com/516388/chris_pratt_bought_anna_faris_a_huge_new_ring_for_christmas_she_got_him_a_tractor/,"Chris Pratt bought Anna Faris a huge new ring for Christmas, she got him a tractor"
gossipcop-211703249,www.usmagazine.com/celebrity-news/news/blake-shelton-gwen-stefani-saved-my-life-after-divorce-w431463/,Blake Shelton: Gwen Stefani ‘Saved My Life’ After Divorce
gossipcop-3016807959,hollywoodlife.com/2018/04/19/kourtney-kardashian-baby-younes-bendjima-scott-disick-furious/,Kourtney Kardashian Planning To Have A Baby With Younes — & Scott Disick’s ‘Furious’
gossipcop-5258315475,hollywoodlife.com/2017/05/29/why-did-fergie-leave-black-eyed-peas-when-kicked-out/,Why Fergie & The Black Eyed Peas May Have Parted Ways & When It Happened
gossipcop-8017669544,www.popdust.com/douchebag-ben-stiller-tries-to-play-down-dating-brandi-glanville-1892342490.html,Douchebag Ben Stiller Tries To Play Down Dating Brandi Glanville
gossipcop-2680895146,www.imdb.com/news/ni61471834,Celebrity Reactions: Steely Dan’s Walter Becker Dead At 67
gossipcop-3058427907,time.com/4653873/donald-trump-immigration-ban/,50 Celebrities React to Donald Trump's Immigration Order
gossipcop-1818759378,www.popsugar.com/celebrity/Emma-Stone-Justin-Theroux-France-Pictures-May-2018-44889690,Emma Stone and Justin Theroux in France Pictures May 2018
gossipcop-8882167387,www.cnn.com/2018/08/08/entertainment/brad-pitt-child-support-angelina-jolie/index.html,Brad Pitt fires back at Angelina Jolie's child support claims
gossipcop-3036074919,www.aceshowbiz.com/news/view/00105265.html,Billie Lourd Is Rushing Into Marriage With Taylor Lautner
gossipcop-5333120249,www.pinterest.co.uk/pin/393502086184669567/,Taylor Swift Had Madison Square Garden Put On “Lockdown”
gossipcop-1934036410,variety.com/2017/tv/news/jill-duggar-jessa-duggar-in-touch-josh-duggar-privacy-1202438011/,Four Duggar Sisters Sue In Touch for Invasion of Privacy
gossipcop-3591884490,people.com/country/blake-shelton-gwen-stefani-messing-around/,Gwen Stefani Joins Blake Shelton Onstage as He Jokes About 'Messin' Around' When They First Met
gossipcop-6505855553,www.elle.com/culture/celebrities/g21991424/timeline-justin-bieber-hailey-baldwin-relationship/,A Very Comprehensive 9-Year Timeline of Justin Bieber & Hailey Baldwin's Relationship
gossipcop-6691145021,radaronline.com/videos/kylie-jenner-model-career-revenge-kendall-jenner-feud/,Sisters At War! Kylie Plotting To Conquer Kendall’s Catwalk Career
gossipcop-4171564337,www.celebdirtylaundry.com/2017/kate-middleton-begging-prince-william-to-go-to-couples-therapy-following-ski-trip-scandal/,Kate Middleton Begging Prince William To Go To Couple’s Therapy Following Ski Trip Scandal?
gossipcop-4694472818,www.nationalenquirer.com/celebrity/kylie-jenner-kardashian-snub-kuwtk/,Kylie Jenner Stiffed By ‘Kardashians’
gossipcop-2683046680,hollywoodlife.com/2017/11/01/are-kim-kardashian-kanye-west-divorcing-split-break-up-baby-number-3/,Kim Kardashian & Kanye West Reportedly Divorcing Weeks Before Baby #3 Arrives
gossipcop-3320255988,www.dailymail.co.uk/news/article-3066700/A-surrogate-gave-birth-Kate-say-Russians-Pro-Kremlin-newspaper-makes-series-bizarre-claims-birth.html,Kate Middleton didn't give birth to Royal Baby according to Russian newspaper
gossipcop-6648688757,www.dailymail.co.uk/video/tvshowbiz/video-1676224/Video-Elsa-Pataky-doesnt-attend-Avengers-premiere-Chris-Hemsworth.html,Video: Elsa Pataky doesn't attend Avengers premiere with Chris Hemsworth
gossipcop-1686501961,www.townandcountrymag.com/society/a15845582/what-matt-lauer-is-doing-now/,Latest News on Fired NBC Today Show Anchor
gossipcop-1043854322,people.com/movies/brad-pitt-birthday/,Brad Pitt Turns 54! He's 'Doing OK' After Angelina Jolie Split and 'Casually Dating'
gossipcop-9711445957,www.mirror.co.uk/3am/celebrity-news/kim-kardashian-not-date-calum-9637738,Kim Kardashian did NOT date Calum Best
gossipcop-4265306054,hollywoodlife.com/2018/05/02/khloe-kardashian-tristan-thompson-propose-marriage/,Khloe Kardashian Reportedly Urging Tristan To Propose: Convinced Marriage Will Fix Relationship
gossipcop-7266959676,globalgrind.cassiuslife.com/3880177/kanye-west-car-accident-11-years-ago-full-story-photos/,"11 Years Ago Today, Kanye West Was In The Car Accident That Changed His Life…Here’s The Entire Story"
gossipcop-7771950169,celebrityinsider.org/jennifer-lopez-and-alex-rodriguez-headed-for-a-split-inside-her-demands-for-a-ring-151802/,Jennifer Lopez And Alex Rodriguez Headed For A Split? Inside Her Demands For A Ring
gossipcop-819648054,www.imdb.com/news/ni61371342,Justin Theroux Playing Matchmaker For Ben Stiller?
gossipcop-6258366830,www.straight.com/blogra/931786/donald-trump-and-other-famous-people-tweet-about-canada-day,Donald Trump and other celebrities tweet about Canada Day
gossipcop-7079656941,radaronline.com/videos/rob-kardashian-abuse-allegations-caught-camera/,Rob Kardashian CAUGHT Slapping His Ex In The Face!
gossipcop-3660054190,hollywoodlife.com/2016/03/04/harry-styles-liam-payne-new-relationship-cheryl-fernandez-versini-heartbreak/,Harry Styles Fears Liam Payne Will Get Heart Broken By Cheryl Fernandez-Versini
gossipcop-1821899661,www.x17online.com/2018/07/lindsay_shookus_white_top_plaid_jacket_baby_bump_pregnant_ben_affleck_elope_hawaii_photos_video_070918,We Really Think Ben Affleck's Girlfriend Lindsay Shookus Is Pregnant
gossipcop-1120081991,toofab.com/2017/07/08/ivanka-trump-g20-donald-trump-twitter-reactions/,Ivanka Trump Sat in for Dad at G20 Meeting and Twitter Is Not Having It
gossipcop-2765920062,ew.com/news/2017/03/22/celebs-react-london-attack/,London attack: Celebrities react
gossipcop-9261424488,www.etonline.com/jennifer-aniston-is-casually-dating-after-split-from-justin-theroux-105601,Jennifer Aniston Is 'Casually Dating' After Split From Justin Theroux
gossipcop-5411760543,foxync.com/3539782/folks-lost-their-minds-over-how-thick-beyonce-is-guess-they-forgot-she-recently-birthed-two-whole-people/,Folks Lost Their Minds Over How Thick Beyonce Is….Guess They Forgot She Recently Birthed Two Whole People
gossipcop-1810948294,www.instyle.com/news/big-photo-big-rock-allison-williams-debuts-her-dazzling-engagement-ring,Big Photo For a Big Rock: Allison Williams Debuts Her Dazzling Engagement Ring
gossipcop-9926365246,www.wonderwall.com/news/kim-kardashian-not-upset-about-kanye-west-cosmetics-line-despite-report-1960172.article?photoId=189340,"Kim Kardashian NOT upset about Kanye West cosmetics line, despite report"
gossipcop-4015873994,,In Touch FlipFlops On Gwen Stefani Being Pregnant
gossipcop-218256509,discussion.femalefirst.co.uk/viewtopic.php?t=228152,Female First Forum
gossipcop-6258162737,www.etonline.com/dakota-johnson-and-chris-martin-enjoy-malibu-date-night-see-pic-94290,Dakota Johnson and Chris Martin Enjoy Malibu Date Night: See the Pic!
gossipcop-4656875855,en.wikipedia.org/wiki/David_Beckham,David Beckham
gossipcop-1202546208,www.pressparty.com/pg/newsdesk/eltonjohn/view/164195/,The Daily Mail publishes apology to Sir Elton John for misleading public: Pressparty
gossipcop-3753468656,hollywoodlife.com/2017/02/01/selena-gomez-pregnant-the-weeknd-marriage-baby/,Selena Gomez Pregnant With The Weeknd’s Baby & Racing to Marry? — Report
gossipcop-1211038093,www.eonline.com/news/949908/how-princess-diana-is-helping-prince-william-and-kate-middleton-raise-their-children,How Princess Diana Is Helping Prince William and Kate Middleton Raise Their Children
gossipcop-2571986507,www.dailymail.co.uk/tvshowbiz/article-2854804/No-puppy-love-Justin-Bieber-abandons-pooch-Karma-not-picking-dog-trainer-February.html,Justin Bieber 'abandons' dog Karma with dog trainer since February
gossipcop-4575106109,www.mediaite.com/print/no-in-touch-megyn-kelly-is-not-replacing-matt-lauer-on-today/,"No, In Touch, Megyn Kelly is Not Replacing Matt Lauer on Today"
gossipcop-5100474086,hollywoodlife.com/2018/01/28/kylie-jenner-travis-fighting-baby-names-details/,Kylie Jenner & Travis Scott Fighting Over Baby Names: She’s ‘Set’ On Her Choice & Pushing Him Away
gossipcop-4092902640,www.tumblr.com/tagged/selena-gomez-and%C2%A0timothee-chalamet,selena gomez and timothee chalamet
gossipcop-7075559534,en.wikipedia.org/wiki/Donald_Trump,Donald Trump
gossipcop-8890242614,,Fergie Jealous Of Josh Duhamel Working With Olivia Munn 
gossipcop-9834755902,www.enstarz.com/articles/198685/20171123/justin-bieber-unlikes-selena-gomez-instagram-photo-did-they-split.htm,"Justin Bieber 'Unlikes' Selena Gomez Instagram Photo, Did They Split?"
gossipcop-4896151717,www.usmagazine.com/celebrity-news/news/kim-kardashian-and-kanye-wests-cars-burglarized/,Kim Kardashian and Kanye West's Cars Burglarized
gossipcop-5106207150,www.usmagazine.com/celebrity-news/news/gwen-stefani-and-blake-shelton-put-baby-wedding-plans-on-hold/,"Gwen Stefani and Blake Shelton Put Baby, Wedding Plans on Hold"
gossipcop-8425399267,people.com/music/mel-b-stephen-belafonte-settle-domestic-violence-claims-in-divorce/,Mel B and Estranged Husband Stephen Belafonte Settle Domestic Violence Claims in Divorce: Report
gossipcop-4230371336,www.betrendsetter.com/demi-lovato-plastic-surgery-before-and-after-photos/,"Demi Lovato Plastic Surgery Before and After Photos, Secrets"
gossipcop-8560506152,www.imdb.com/list/ls073256529/,The Next Great Female Movie/TV Stars
gossipcop-1903137947,www.thesun.co.uk/tvandshowbiz/4373157/brad-pitt-apologises-to-jennifer-aniston-for-leaving-her-for-angelina-jolie/,Brad Pitt apologises to Jennifer Aniston for leaving her for Angelina Jolie
gossipcop-9746788878,www.eonline.com/fr/news/362926/selena-gomez-sad-about-justin-bieber-breakup-says-source,"Selena Gomez ""Sad"" About Justin Bieber Breakup, Says Source"
gossipcop-8463307904,en.wikipedia.org/wiki/Look_What_You_Made_Me_Do,Look What You Made Me Do
gossipcop-8915089094,variety.com/2015/tv/news/bruce-jenner-caitlyn-jenner-transition-new-york-times-story-1201513335/,How Bruce Jenner Publicly Transformed Into Caitlyn — The True Story – Variety
gossipcop-7532093943,www.thecut.com/2012/11/pitt-now-moonlighting-in-the-furniture-business.html,Brad Pitt Now Moonlighting in the Furniture Business
gossipcop-6892347979,www.cnn.com/2017/08/28/entertainment/taylor-swift-new-music-video-guide/index.html,Taylor Swift's new music video: A guide to what it all means
gossipcop-2004562842,ew.com/news/2017/03/14/trump-tax-returns-celebrities-react/,Trump tax returns: Celebrities react on social media
gossipcop-3250833481,www.newidea.com.au/meghan-markle-prince-harry-twins-confirmed,"Confirmed: Meghan & Harry - Yes, it's twins"
gossipcop-4821548782,www.eonline.com/news/925535/channing-tatum-and-jenna-dewan-silence-rumors-about-their-split,Channing Tatum and Jenna Dewan Silence Rumors About Their Split
gossipcop-4254023340,www.nationalenquirer.com/photos/hoda-kotb-savannah-guthrie-feud-today/,Hoda Kotb & Savannah Guthrie’s New Feud On ‘Today’ Set
gossipcop-936374207,www.dailymail.co.uk/tvshowbiz/article-3962280/Jennifer-Lawrence-reveals-BFF-Emma-Stone-texted-single-day-year.html,Jennifer Lawrence reveals she and BFF Emma Stone texted every single day for a year
gossipcop-328760913,www.archyworldys.com/kourtney-kardashian-younes-bendjima-never-had-a-baby-despite-the-report-nine-months-ago/,"Kourtney Kardashian, Younes Bendjima never had a baby, despite the report nine months ago"
gossipcop-5542913319,www.teenvogue.com/story/selena-gomez-doctors-office,You and Selena Gomez Probably Have One Big Thing in Common
gossipcop-1433840923,www.nationalenquirer.com/celebrity/kim-kardashian-kanye-west-meltdown/,Kim Banned Troubled Kanye From Fashion Week
gossipcop-8945634561,www.imdb.com/news/ni61408563,Johnny Depp Quitting Hollywood Vampires Rock Band?
gossipcop-1009248558,www.forbes.com/sites/maddieberg/2017/11/07/why-megyn-kelly-didnt-make-the-list-of-top-earning-tv-hosts/,Why Megyn Kelly Didn't Make The List Of Highest-Paid TV Hosts
gossipcop-9674254373,y1025.iheart.com/content/2017-08-01-kim-kardashian-sued-for-allegedly-stealing-lighting-technique-for-selfies/,Kim Kardashian Sued For Allegedly Stealing Lighting Technique For Selfies
gossipcop-7675581434,www.dailymail.co.uk/tvshowbiz/article-4205784/Paris-Jackson-goes-braless-split-boyfriend-emerges.html,Paris Jackson braless as split with boyfriend emerges
gossipcop-3921010618,hollywoodlife.com/2017/12/05/liam-hemsworth-supports-miley-cyrus-the-voice-set-hidden/,Liam Hemsworth Supports Miley Cyrus At ‘The Voice’ But Makes Sure She Has The Spotlight
gossipcop-2819245019,hollywoodlife.com/2018/03/10/robert-pattinson-misses-fka-twigs-still-loves-her/,Robert Pattinson Misses FKA Twigs After Seeing Her New Apple Commercial: He Still Loves Her
gossipcop-2747402590,www.mercurynews.com/2018/06/05/kristen-stewart-and-robert-pattison-spark-reconciliation-rumors-with-l-a-sighting/,Kristen Stewart and Robert Pattinson spark reconciliation rumors with L.A. sighting
gossipcop-8609176473,www.inquisitr.com/4913434/khloe-kardashian-didnt-get-banned-from-cleveland-cavaliers-games-debunked/,Khloe Kardashian Didn’t Get Banned From Cleveland Cavaliers Games [DeBunked]
gossipcop-2534782233,www.independent.co.uk/arts-entertainment/music/news/taylor-swift-reputation-two-million-album-sales-adele-25-ed-sheeran-buy-a8271911.html,Taylor Swift's Reputation becomes first album to surpass two million in sales since 2015
gossipcop-7020711548,www.yahoo.com/entertainment/times-alex-rodriguez-enamored-jennifer-lopez-vmas-032935877.html,All the times Alex Rodriguez was enamored with Jennifer Lopez at the VMAs
gossipcop-7938752346,www.glamourmagazine.co.uk/article/lady-gaga-christian-carino,Lady Gaga shows off huge engagement ring at the 2018 GRAMMYs
gossipcop-9533806331,www.today.com/popculture/prince-harry-proposed-meghan-markle-cozy-night-while-roasting-chicken-t119321,Prince Harry proposed to Meghan Markle on 'cozy' night while roasting chicken
gossipcop-1398141248,radaronline.com/exclusives/2018/06/caitlyn-jenner-new-career-talk-show/,"Watch Out, Kris! Caitlyn Jenner Plans To Launch Her Own Talk Show After Ex’s Chat Fest Flop"
gossipcop-7231965019,www.latimes.com/politics/washington/la-na-essential-washington-updates-trump-warns-north-korea-of-fire-and-1502220642-htmlstory.html,Trump warns North Korea of 'fire and fury'
gossipcop-1336256939,www.bravotv.com/personal-space/kim-kardashian-called-in-a-major-celebrity-to-intervene,Kim Kardashian Called in *This* Celebrity to Intervene When Kanye West Was at His Lowest
gossipcop-639610661,www.lifeandstylemag.com/posts/kate-middleton-prince-william-fight-baby-no-3-137664,Kate Middleton Really Wants to Get Pregnant With Baby No. 3 but Prince William Is Not Having It (EXCLUSIVE)
gossipcop-4517507180,metro.co.uk/2017/09/29/kim-kardashian-is-couldnt-be-more-happy-for-pregnant-sister-khloe-after-lamar-odom-heartbreak-6964578/,Kim Kardashian ‘couldn’t be more happy for pregnant sister Khloe’
gossipcop-4005203173,www.usatoday.com/story/life/2017/09/05/here-all-reasons-royal-baby-no-3-more-significant-than-just-another-spare/630662001/,Here are all of the reasons new baby prince of Cambridge is more significant than just 'another spare'
gossipcop-6594181187,closeronline.co.uk/celebrity/news/celebrity-conspiracy-theories-kate-middleton-urrogate-pregnancy-marilyn-monroe-o/,Celebrity conspiracy theories: Kate Middleton's 'surrogate pregnancy' to Marilyn Monroe's overdose
gossipcop-1240952671,www.refinery29.com/2018/06/202772/nicole-kidman-best-beauty-looks,Nicole Kidman Gets Honest About Her Best Beauty Looks
gossipcop-1559218288,,  Blake Shelton  Gwen Stefani Supporting Supporting Jason Aldean Made Up To Exploit Las Vegas
gossipcop-1960381072,www.bankrate.com/lifestyle/celebrity-money/debbie-reynolds-net-worth/,Debbie Reynolds Net Worth
gossipcop-1768508809,okmagazine.com/photos/jessica-simpson-jealous-of-mandy-moore-this-is-us-success/,Jessica Simpson Is Jealous Of Mandy Moore's 'This Is Us' Success
gossipcop-9897418113,people.com/tv/andy-cohen-denies-kathy-griffin-drug-use-claims/,Andy Cohen Calls Kathy Griffin's Accusations of Drug Use '100% False'
gossipcop-7358733324,celebrityinsider.org/dakota-johnson-and-chris-martin-run-errands-in-malibu-after-rumors-surface-coldplay-are-not-a-fans-of-the-fifty-shades-star-124552/,Dakota Johnson And Chris Martin Run Errands In Malibu After Rumors Surface Coldplay Are Not A Fans Of The ‘Fifty Shades’ Star
gossipcop-5422992346,www.realitytvworld.com/theashleesimpsonshow/,The Ashlee Simpson Show
gossipcop-4233174426,www.imdb.com/news/ni61270642,HollywoodLife’s Selena Gomez “Double Date” Story With Taylor Swift Is Fake News
gossipcop-5724243419,www.vanityfair.com/style/2018/05/jada-pinkett-smith-gabrielle-union-feud-reconciliation,Jada Pinkett Smith and Gabrielle Union’s Secret Feud Is No Longer a Secret
gossipcop-4781000361,people.com/parents/kris-jenner-kylie-jenner-so-dedicated-as-mom-to-stormi/,Kris Jenner Says Kylie Jenner Is ‘So Dedicated’ as a Mom to 3-Month-Old Stormi
gossipcop-8664993362,www.vanityfair.com/style/2017/03/katie-holmes-on-parenthood-and-tabloids,"What, Exactly, Is Katie Holmes’s Relationship to Tabloids?"
gossipcop-7026078049,www.dailymail.co.uk/news/article-5140059/Meghan-Markles-parents-Tom-Dorias-wedding-revealed.html,Meghan Markle's parent's Tom and Doria's wedding revealed
gossipcop-3239214896,,Caitlyn Jenner Did NOT Take Over ‘ Celebrity Apprentice  ’ One Year After False Report
gossipcop-2161763691,ethnicelebs.com/brad-pitt,Brad Pitt — Ethnicity of Celebs
gossipcop-1716205275,abcnews.go.com/Entertainment/photos/kim-marries-kanye-florence-23818030,Kim Kardashian and Kanye West's Wedding: All the Best Photos from Paris and Florence Photos
gossipcop-6374309586,nypost.com/2018/03/12/taylor-swift-dramatically-rips-off-dress-in-controversial-new-music-video/,Taylor Swift rips off dress in controversial new music video
gossipcop-4874219905,www.inquisitr.com/4893529/jessica-simpsons-bikini-body-pics-lead-to-bogus-depression-weight-gain-claims/,"Jessica Simpson’s Bikini Body Pics Lead To Bogus Depression, Weight Gain Claims"
gossipcop-1107520962,www.eonline.com/news/846264/the-bachelor-s-chris-soules-checked-kenneth-mosher-s-pulse-911-call-reveals,"The Bachelor's Chris Soules Checked Kenneth Mosher's Pulse, 911 Call Reveals"
gossipcop-7156354270,www.eonline.com/news/915159/countdown-to-the-royal-wedding-why-meghan-markle-could-become-the-next-princess-diana,Countdown to the Royal Wedding: Why Meghan Markle Could Become the Next Princess Diana
gossipcop-5372899633,hollywoodlife.com/2017/04/24/brad-pitt-moving-new-home-angelina-jolie-dating-la-arts-district/,Brad Pitt Looking To Buy New Place In LA Arts District Amid Angelina Jolie Romance Rumors
gossipcop-1448464423,www.teenvogue.com/story/gigi-hadid-victorias-secret-fashion-show-quit-china-ban-internet-reactions,"Gigi Hadid Pulled Out of the Victoria's Secret Fashion Show, and the Internet Has Opinions"
gossipcop-701012392,,  Carrie Underwood NOT Trapped In Bad Marriage Trapped In Bad Marriage With Mike Fisher  Despite Report
gossipcop-5239743061,www.hollywoodreporter.com/news/harrison-ford-goes-trump-administration-environmental-honor-1054597,Harrison Ford Goes After Trump Team While Accepting Environmental Honor
gossipcop-7905088416,ew.com/awards/2018/01/21/sag-awards-red-carpet-live-stream/,"Watch PEOPLE, Entertainment Weekly & TNT's 2018 SAG Awards Red Carpet Live right here"
gossipcop-3449233656,hollywoodlife.com/2017/06/19/beyonce-jay-z-twins-look-like-dad-resemble-rapper/,Beyonce & Jay Z Hope To Bring Their New Twins Home Soon: ‘They Look Just Like Their Father’
gossipcop-1832654937,www.yahoo.com/newsroom/vibes/world-news/denzel-washington-criminal-chief-obama-2583owi,Denzel Washington: 'Criminal-In-Chief' Obama 'Tore Heart Out Of America'
gossipcop-1841631792,www.msn.com/en-sg/entertainment/story/meryl-streep-cher-feuding-on-set-of-%E2%80%98mamma-mia%E2%80%99-sequel/ar-AAun58A,"Meryl Streep, Cher Feuding On Set Of ‘Mamma Mia’ Sequel?"
gossipcop-5694060946,www.girlfriend.com.au/scott-disick-is-being-tested-for-paternity-of-kylie-jenners-baby,Scott Disick is being DNA tested for the paternity of Kylie Jenner's baby
gossipcop-6229080761,www.eonline.com/news/963306/angelina-jolie-gets-new-divorce-lawyer-amid-brad-pitt-custody-battle,Angelina Jolie Gets New Divorce Lawyer Amid Brad Pitt Custody Battle
gossipcop-5801724484,showclipaz.com/br/Radar-Online/s/CAISAhABSHjqAwA%253D,Categorias de vídeos Radar Online
gossipcop-937069200,radaronline.com/exclusives/2017/08/khloe-kardashian-tristan-thompson-engaged-propose-marry-ring-kuwkt/,Khloe Kardashian Threatens Tristan Thompson With Marriage Ultimatum
gossipcop-5716325201,www.celebritynetworth.com/couples/sarah-jessica-parker-matthew-broderick-net-worth/,Sarah Jessica Parker and Matthew Broderick Net Worth
gossipcop-8143890330,www.theguardian.com/science/brain-flapping/2015/nov/04/robin-williams-depression-and-dementia-the-clinical-picture,"Robin Williams, depression and dementia: the clinical picture"
gossipcop-6872993311,www.celebritynetworth.com/richest-celebrities/actors/elizabeth-banks-net-worth/,Elizabeth Banks Net Worth
gossipcop-6217155245,www.dailymail.co.uk/tvshowbiz/article-1148506/Basic-Instinct-stars-Michael-Douglas-Sharon-Stone-reunite-time-years-theyve-barely-aged-day.html,Basic Instinct stars Michael Douglas and Sharon Stone reunite for the first time in years (and they've barely aged a day)
gossipcop-6517934626,www.naughtygossip.com/exclusive/kelly-clarkson-replaces-jennifer-hudson-on-the-voice-permanently-exclusive-2,Kelly Clarkson Replaces Jennifer Hudson On ‘The Voice’ Permanently - EXCLUSIVE
gossipcop-1103113292,radaronline.com/videos/katie-holmes-therapy-jamie-foxx-tom-cruise/,Take That Tom! Katie Holmes Embraces Therapy & Jamie Foxx To Get Revenge On Cruise
gossipcop-7401878220,www.mercurynews.com/2017/07/25/maybe-justin-bieber-wants-to-start-his-own-church-report-from-down-under-says/,"Maybe Justin Bieber quit tour to start his own church, reports say"
gossipcop-6945630899,www.imdb.com/news/ni61347983,Twitter Reacts: Willa Ford Blames 9/11 For Failed Music Career
gossipcop-7573324338,www.mirror.co.uk/3am/celebrity-news/caitlyn-jenner-to-marry-transgender-12459326,Caitlyn Jenner 'to marry transgender student 47 YEARS her junior' as it's revealed she 'hasn't met' Khloe and Kim's babies
gossipcop-3248710579,www.msn.com/en-sg/entertainment/celebrity/reese-witherspoon-reportedly-playing-matchmaker-for-jennifer-garner/ar-BBAyxry?li=BBr8zL1,Reese Witherspoon reportedly playing matchmaker for Jennifer Garner
gossipcop-7744297225,en.wikipedia.org/wiki/Julie_Bowen,Julie Bowen
gossipcop-5199473616,www.dailymail.co.uk/tvshowbiz/article-5850863/Bindi-Irwin-sparks-engagement-speculation-Chandler-Powell.html,Bindi Irwin sparks engagement speculation with Chandler Powell
gossipcop-464187672,"en.wikipedia.org/wiki/Catherine,_Duchess_of_Cambridge","Catherine, Duchess of Cambridge"
gossipcop-6489461221,player.fm/series/daily-update-jeff-bezos/rihanna-boyfriend-hassan-jameel-have-not-split-despite-claims-she-dumped-him,"Rihanna, Boyfriend Hassan Jameel Have NOT Split, Despite Claims She 'Dumped' Him"
gossipcop-4618810499,www.intouchweekly.com/posts/tyga-misses-kylie-jenner-158840,"Tyga Misses Kylie Jenner so Much, He ""Kicks Himself Every Day"" Since Their Split (EXCLUSIVE)"
gossipcop-1788127353,www.newslocker.com/en-us/person/bradley-cooper/bradley-cooper-stunk-up-car-after-leaving-babys-dirty-diaper-in-backseat-gossip-cop/,Bradley Cooper Stunk Up Car After Leaving Baby's Dirty Diaper In Backseat?
gossipcop-8055905062,discussion.femalefirst.co.uk/viewtopic.php?t=752229,Female First Forum
gossipcop-3869389628,www.usmagazine.com/celebrity-moms/news/george-clooney-shows-off-pics-of-his-twins-jokes-theyre-like-models/,"George Clooney Shows Off Pics of His Twins, Jokes They’re Like Models"
gossipcop-3105440846,hollywoodlife.com/2018/02/09/kourtney-kardashian-competitive-scott-disick-love-life/,Kourtney K’s Competitive With Scott Over Love Life: She Brags About Great Sex With Younes
gossipcop-9086022608,starmagazine.com/videos/kardashian-men-spinoff-reality-show/,Kardashian Men Planning Reality Show Spinoff
gossipcop-2418065637,jenniferaniston211.blogspot.com/2017/04/news-justin-gives-insight-on-his.html?m=0,Jennifer Aniston: Life and Career: [NEWS] Justin Gives Insight on His Marriage to Jennifer
gossipcop-1239218320,www.intouchweekly.com/posts/brad-pitt-kids-christmas-149506,"Brad Pitt Is ""Begging"" Angelina Jolie to Let Him Spend Christmas With Their Kids (EXCLUSIVE)"
gossipcop-7661930332,,Angela Kardashian Angela Kardashian
gossipcop-8791564318,,Ariel Winter Levi Meaden Derailed
gossipcop-8989173860,extratv.com/2018/03/10/rumor-bust-katy-perry-and-orlando-bloom-did-not-elope/,Rumor Bust! Katy Perry & Orlando Bloom Did Not Elope
gossipcop-7326621043,www.msn.com/en-ph/entertainment/celebrity/kendall-jenner-bella-hadid-were-secret-lovers/ar-BBL9xjP?li=AAb2fpp&%252525253Bocid=SK2HDHP,"Kendall Jenner, Bella Hadid Were Secret Lovers?"
gossipcop-8343609291,www.nbcnews.com/news/sports/venus-williams-after-wimbledon-loss-spain-s-garbi-e-muguruza-n783331,Venus Williams After Wimbledon Loss to Spain's Garbiñe Muguruza: 'I Tried My Best'
gossipcop-5656838669,uk.pressfrom.com/news/entertainment/-193934-kevin-hart-and-wife-celebrate-first-wedding-anniversary-after-cheating-chatter/,Entertainment Kevin Hart and wife celebrate first wedding anniversary after cheating chatter
gossipcop-4446867115,www.thesun.co.uk/tvandshowbiz/celebrities/6644453/katie-holmes-jamie-foxx-split-wedding-tom-cruise/,Katie Holmes ‘splits’ with Jamie Foxx and ‘calls off wedding’ months after revealing secret five-year romance
gossipcop-2796368055,www.express.co.uk/entertainment/films/883266/Fifty-Shades-Freed-Jamie-Dornan-Dakota-Johnson-friends-feud-row-footage-watch,Fifty Shades Freed: How Jamie Dornan and Dakota Johnson REALLY feel about each-other
gossipcop-3582461668,www.iheart.com/content/2017-08-19-carrie-underwood-forced-mike-fisher-to-retire-for-second-baby/,Carrie Underwood Forced Mike Fisher To Retire For Second Baby?
gossipcop-1020220396,www.tmz.com/2017/09/20/jessica-simpson-husband-eric-johnson-birthday/,Jessica Simpson Stumbles Out of Hubby's Birthday Dinner
gossipcop-5444844307,www.wsj.com/articles/mike-flynn-offers-to-testify-in-exchange-for-immunity-1490912959,Mike Flynn Offers to Testify in Exchange for Immunity
gossipcop-577551346,www.goodhousekeeping.com/health/diet-nutrition/news/a47803/gordon-ramsay-weight-loss/,Gordon Ramsay Says He Dropped Over 50 Lbs. to Save His Marriage
gossipcop-9181586514,www.ibtimes.com/meghan-markle-not-lonely-frustrated-she-adjusts-royal-life-2658937,"Meghan Markle Not Lonely, Frustrated As She Adjusts To Royal Life"
gossipcop-3734815114,variety.com/2017/biz/news/hollywood-reacts-senate-healthcare-vote-debate-obamacare-1202506483/,Celebrities React to Senate Vote to Debate Healthcare Bill – Variety
gossipcop-864794144,variety.com/2018/film/news/johnny-depp-rolling-stone-profile-amber-heard-1202853819/,Why Johnny Depp’s Rolling Stone Interview Shows He’s a PR Liability – Variety
gossipcop-8414767305,www.refinery29.com/2017/09/170724/sophie-turner-joe-jonas-dog-porky-basquait,Looks Like Sophie Turner & Joe Jonas Are Seriously Committed
gossipcop-7138699743,,Beyonce Building  500000 Nursery For Twins  Report
gossipcop-4105677728,www.dailymail.co.uk/tvshowbiz/article-5736741/Selena-Gomez-Justin-Theroux-just-friends-Jennifer-Aniston-not-happy.html,Selena Gomez and Justin Theroux are 'more than just friends'
gossipcop-7896911317,pagesix.com/2017/05/18/its-over-for-leonardo-dicaprio-and-nina-agdal/,It’s over for Leonardo DiCaprio and Nina Agdal
gossipcop-8730878693,www.nbcnews.com/pop-culture/celebrity/george-takei-pranks-twitter-april-fool-s-congressional-run-n741621,George Takei Pranks Twitter with April Fool's Congressional Run
gossipcop-4996005636,www.instyle.com/news/alexis-ohanian-serena-williams-interview,Why Serena Williams’s Husband Knew She Would Be a Great Mother
gossipcop-7380022110,hollywoodlife.com/2015/09/09/beyonce-jay-z-custody-battle-blue-ivy-divorce-details/,Beyonce & Jay Z Divorce Report: The Custody Battle Over Blue Ivy
gossipcop-915930066,www.amazon.com/Magazine-February-Nicole-Kidman-million/dp/B06X6GGKMT,Nicole Kidman $8 million Tell All: Amazon.com: Books
gossipcop-6441468097,www.elle.com/culture/celebrities/a19695888/taylor-swift-searching-for-house-in-london-near-joe-alwyn-report/,Taylor Swift Wants to 'Set Down Roots' With Joe Alwyn in England
gossipcop-3107769326,www.nationalenquirer.com/photos/megyn-kelly-rachel-maddow-today-feud/,Megyn Vs. Maddow In ‘Today’ War Over Tom Brokaw
gossipcop-7861701147,books.google.com/books?id=S_Q_B15k-hYC&pg=PT28&lpg=PT28&dq=Madonna+Exhausted+Overwhelmed&source=bl&ots=PRCEPFQG3x&sig=zEz4SGciio4GZgdKO6tFG-NplGo&hl=en&sa=X&ved=2ahUKEwi4paai6JfdAhW0CTQIHeJ3C8k4ChDoATAAegQIARAB,Madonna Exhausted Overwhelmed
gossipcop-2442366113,hollywoodlife.com/2018/06/14/khloe-kardashian-tristan-thompson-fathers-day-hot-sex-reward-spoiling/,Khloe Kardashian ‘Spoiling’ Tristan Thompson For Father’s Day: She Wants To ‘Blow His Mind’ In Bed
gossipcop-5656708487,,SAG Awards Address  MeToo   TimesUp And Donald Trump
gossipcop-1691783074,www.thedailybeast.com/katie-holmes-long-road-to-freedom-from-tom-cruise,Tom Cruise’s Strange Hold Over Katie Holmes: From Scientology Minders to the ‘Dating Ban’
gossipcop-1494351955,www.hollywoodreporter.com/news/george-clooney-opens-up-parenting-twins-denies-using-fertility-drugs-1034974,"George Clooney Opens Up About Parenting Twins, Denies Using Fertility Drugs"
gossipcop-669561805,www.foxnews.com/entertainment/2018/07/13/gwen-stefani-denies-reports-shes-struggling-to-sell-las-vegas-residency-tickets.html,Gwen Stefani denies reports she's struggling to sell Las Vegas residency tickets
gossipcop-3647716693,www.celebritynetworth.com/richest-celebrities/actors/kate-hudson-net-worth/,Kate Hudson Net Worth
gossipcop-3444311166,hollywoodlife.com/2018/03/31/scott-disick-furious-kourtney-kardashian-younes-bendjima-calvin-klein-pic/,Scott Disick Furious Over Kourtney’s ‘Classless’ PDA & Planning Revenge Shoot With Sofia Richie
gossipcop-6490497167,www.mercurynews.com/2018/08/22/jennifer-garner-watches-helplessly-as-ben-affleck-returns-to-womanizing-ways/,"Jennifer Garner watches helplessly as Ben Affleck returns to womanizing ways, reports say"
gossipcop-2680204408,abc.go.com/shows/jimmy-kimmel-live/video/vdka3817329,WATCH: Jimmy Kimmel Reveals Details of His Son's Heart Surgery Video
gossipcop-5273927563,www.intouchweekly.com/posts/khloe-kardashian-tristan-thompson-engaged-144470,"Khloé Kardashian Is ""Begging"" for Tristan Thompson to Put a Ring on It Before Their Baby Comes (REPORT)"
gossipcop-491989616,www.mirror.co.uk/3am/celebrity-news/angelina-jolie-could-lose-custody-12694671,Angelina Jolie 'could lose custody of kids to Brad Pitt if she doesn't allow him access'
gossipcop-2627900593,www.nationalenquirer.com/photos/jennifer-aniston-miscarriage-justin-theroux-divorce/,Jennifer Aniston’s Secret Miscarriage Heartbreak
gossipcop-3211771165,www.nationalenquirer.com/photos/ellen-degeneres-portia-derossi-breakup/,Ellen DeGeneres Dumps Portia De Rossi
gossipcop-4209137568,www.usmagazine.com/celebrity-news/pictures/kylie-jenner-and-travis-scott-relationship-timeline-w505074/,Kylie Jenner and Travis Scott: A Timeline of Their Relationship
gossipcop-9145317181,www.ibtimes.com/brad-pitt-did-not-hit-margot-robbie-pre-oscar-party-2662821,Brad Pitt Did Not Hit On Margot Robbie At Pre-Oscar Party
gossipcop-3977674152,www.usmagazine.com/celebrity-news/news/meghan-markle-pens-emotional-essay-about-being-a-biracial-actress-w455378/,Meghan Markle Pens Emotional Essay About Being a Biracial Actress
gossipcop-4461495191,nypost.com/2018/02/03/janet-jacksons-family-is-still-mad-at-justin-timberlake/,Janet Jackson’s family is still mad at Justin Timberlake
gossipcop-3042028625,www.lifeandstylemag.com/posts/sofia-richie-kourtney-kardashian-151741,Sofia Richie Has Basically Transformed into Kourtney Kardashian and It's Safe to Say Scott Disick Loves It
gossipcop-2662977852,www.nova969.com.au/entertainment/comment-jlaw-has-fans-convinced-she-and-joel-edgerton-are-item,The comment from JLaw that has fans convinced she and Joel Edgerton are an item
gossipcop-302989731,www.thefutoncritic.com/showatch/shameless/,Shows A-Z - shameless on showtime
gossipcop-8742097951,,Jimmy Fallon Felt Heartfelt Message
gossipcop-6606049792,www.barstoolsports.com/boston/power-ranking-meghan-markles-shitshow-family-members/,Barstool Sports
gossipcop-6591592984,www.ibtimes.com/jennifer-garner-braves-rain-run-errands-after-ben-affleck-reunion-2659327,Jennifer Garner Braves The Rain To Run Errands After Ben Affleck Reunion
gossipcop-7574402231,hollywoodlife.com/2017/07/25/drake-marriage-children-family-right-woman/,Drake Hoping For Marriage & Children — He’s Confident He’ll Find The Right Woman
gossipcop-9657718393,www.ibtimes.co.in/miley-cyrus-pregnancy-singer-wants-have-baby-liam-hemsworth-750840,Miley Cyrus Pregnancy: The singer wants to have baby with Liam Hemsworth?
gossipcop-8892524070,www.nowtolove.com.au/royals/british-royal-family/who-are-meghan-markles-ex-boyfriends-41359,Who are Meghan Markle’s ex boyfriends?
gossipcop-7741608146,hollywoodlife.com/2017/12/07/kim-kardashian-surrogate-delivery-room-baby-birth-drama/,Is Kim Kardashian’s Surrogate Demanding Star Not Be In Delivery Room During The Birth?
gossipcop-1748893181,www.inquisitr.com/4848172/angelina-jolie-not-demanding-brad-pitt-dump-jennifer-aniston-reports-gossip-cop/,"Angelina Jolie Not Demanding Brad Pitt To Dump Jennifer Aniston, Reports ‘Gossip Cop’"
gossipcop-8568881657,hollywoodlife.com/2018/01/07/is-kylie-jenner-retiring-celebrity-spotlight-pregnancy-baby/,Kylie Wants To Retire From Celebrity Life ‘Permanently’ — But Is Her Family Taking Her Seriously?
gossipcop-3071347319,hollywoodlife.com/2016/05/18/jamie-foxx-katie-holmes-wedding-cancelled-pregnant-baby/,Katie Holmes Calls Off Wedding To Jamie Foxx While 4-Months Pregnant With His Kid
gossipcop-516675994,www.who.com.au/kanye-west-confirms-he-got-addicted-to-opioids-after-undergoing-lipo-suction-surgery,Kanye West confirms he got addicted to opioids after undergoing lipo suction surgery
gossipcop-3428491362,en.wikipedia.org/wiki/Nicole_Kidman,Nicole Kidman
gossipcop-2660893594,,Fergie Did NOT Release New Album To Profit Off Josh Duhamel Split  Despite Report
gossipcop-7905541453,deadline.com/2017/11/larry-david-snl-monologue-concentration-camps-reaction-1202202297/,"Anti-Defamation League Blasts Larry David’s Concentration Camp ‘SNL’ Jokes: “Offensive, Insensitive & Unfunny”"
gossipcop-612921286,www.justjared.com/2017/11/27/nominees-robert-pattinson-james-franco-are-scruffy-studs-at-gotham-awards-2017/,Nominees Robert Pattinson & James Franco Are Scruffy Studs at Gotham Awards 2017
gossipcop-5542731988,www.newidea.com.au/suri-cruise-secret-plea-to-tom-cruise,US report: Suri’s ‘secret plea to missing dad Tom Cruise’
gossipcop-8695513210,www.imdb.com/news/ni61600964,"HollywoodLife, MediaTakeOut Spread False Claims About Las Vegas Shooting"
gossipcop-3685471188,www.elle.com/culture/celebrities/a21094079/meghan-markle-prince-harry-baby-plans-report/,Meghan Markle and Prince Harry Will Reportedly Have a Baby as Soon as They Can
gossipcop-4634544597,www.aceshowbiz.com/news/view/00105162.html,"Unrequited Love? Celine Dion Has a 'Titanic Crush' on David Foster, 'but He Sees Her as a Friend'"
gossipcop-9662783124,www.cosmopolitan.com/health-fitness/a58235/selena-gomez-trainer-amy-rosoff-davis-diet-fitness-tips/,9 Things Selena Gomez Did to Get the Body She Has Now
gossipcop-2389838515,www.msn.com/en-us/tv/celebrity/mandy-moore-milo-ventimiglia-not-feuding-on-this-is-us-set-despite-report/ar-AAuJpZQ?ocid=ob-tw-enus-904,"Mandy Moore, Milo Ventimiglia NOT Feuding On ‘This Is Us’ Set, Despite Report"
gossipcop-646817503,people.com/royals/meghan-markle-royal-baby-hint/,Meghan Markle Just Dropped Her Own Major Royal Baby Hint!
gossipcop-8089990200,www.newidea.com.au/jennifer-aniston-reportedly-pregnant-with-brad-pitts-baby,US report: Jennifer Aniston pregnant with Brad Pitt's baby
gossipcop-3478164106,www.eonline.com/news/951257/tristan-thompson-dances-with-baby-true-in-khloe-kardashian-s-sweet-video,Tristan Thompson Dances With Baby True in Khloe Kardashian's Sweet Video
gossipcop-4610396981,www.businessinsider.com/beyonce-jay-z-marriage-2017-11,"Inside the marriage of Beyoncé and Jay-Z, who sport matching ring finger tattoos, weathered a cheating scandal, and are worth over $1 billion"
gossipcop-5165661741,www.trendyfame.com/trendy-entertainment/sandra-bullock-fears-being-left-at-the-altar-ls/2018/celebrityfollower1/,Sandra Bullock fears being left at the altar (L&S) – Trendy Fame
gossipcop-6080423508,www.themercury.com.au/entertainment/kylie-jenner-admits-she-wants-to-marry-travis-scott/video/65ff6a0f2ae296419693efc6460fc837,Kylie Jenner ADMITS She Wants To Marry Travis Scott!
gossipcop-2940775250,www.dailymail.co.uk/femail/article-3688685/Thank-God-didn-t-end-Botched-Kylie-Jenner-admits-lips-BIG-started-plumping-pout-fillers-two-years-ago.html,Kylie Jenner admits she made her lips 'TOO BIG' in Allure magazine interview
gossipcop-9358567453,radaronline.com/exclusives/2018/06/scott-disick-sofia-richie-split/,Scott Disick And Sofia Richie Split Up After He Cheats?
gossipcop-5249498116,en.wikipedia.org/wiki/Tom_Cruise,Tom Cruise
gossipcop-8141299387,newspro.sherrysaffairs.com/2018/06/26/comment-on-jennifer-aniston-is-reportedly-heartbroken-over-justin-therouxs-plans-to-move-in-with-emma-stone-by-jackie/,Comment on Jennifer Aniston Is Reportedly Heartbroken Over Justin Theroux’s Plans To Move In With Emma Stone by Jackie
gossipcop-5826558157,www.mercurynews.com/2018/04/11/ballistic-khloe-kardashian-may-be-having-early-contractions-family-rushes-to-cleveland/,‘Ballistic’ Khloe Kardashian may be having contractions; family rushes to Cleveland
gossipcop-6253590014,www.elitedaily.com/p/video-of-kim-kardashian-having-a-panic-attack-on-kuwtk-is-so-so-heartbreaking-2805601,"Video Of Kim Kardashian Having A Panic Attack On 'KUWTK' Is So, So Heartbreaking"
gossipcop-1743922880,www.dailymail.co.uk/tvshowbiz/article-3799051/Khloe-Kardashian-32-flashes-band-wedding-finger-snuggling-new-NBA-beau-Tristan-Thompson-25.html,Khloe Kardashian flashes wedding finger band after dating NBA beau Tristan Thompson
gossipcop-1297626508,www.telegraph.co.uk/films/2016/10/06/child-stars-where-are-they-now/dakota-fanning/,"Oscar wins, stardom and rehab: Elle Fanning and 31 other child stars - then and now"
gossipcop-9275483673,www.thehollywoodgossip.com/2018/02/gwen-stefani-and-blake-shelton-pregnant-with-miracle-baby-after/,"Gwen Stefani & Blake Shelton: Pregnant with ""Miracle Baby"" After IVF Treatments?"
gossipcop-483468694,www.eonline.com/news/956453/inside-robert-pattinson-and-suki-waterhouse-s-casual-romance,Inside Robert Pattinson and Suki Waterhouse's ''Casual'' Romance
gossipcop-8859694590,www.foxnews.com/entertainment/2018/06/27/blake-shelton-opens-new-restaurant-in-nashville-it-seems-too-good-to-be-true.html,Blake Shelton opens new restaurant in Nashville: 'It seems too good to be true'
gossipcop-8955667439,okmagazine.com/photos/robert-pattinson-crush-on-margot-robbie/,Robert Pattinson Is Really Crushing On Margot Robbie
gossipcop-5367025314,www.lifeandstylemag.com/posts/miley-cyrus-jennifer-hudson-drama-145073,Jennifer Hudson Warned Miley Cyrus Never to Mention Ex's Name on 'The Voice' Set Weeks Before Split (EXCLUSIVE)
gossipcop-2292535250,www.thewrap.com/sandra-bullock-hollywood-sexism-considered-leaving/,Sandra Bullock Says She Considered Leaving Hollywood Over Sexism
gossipcop-7704079622,www.israelnationalnews.com/News/News.aspx/242575,Purim Spiel: Gal Gadot slated to play Queen Esther
gossipcop-4463165631,www.dailymail.co.uk/tvshowbiz/article-5852667/Spice-Girls-reunion-cancelled-AGAIN.html,Spice Girls 'reunion is cancelled again'
gossipcop-9631791734,nypost.com/2015/10/09/why-selena-gomez-fired-her-mom-and-took-off-her-clothes/,Why Selena Gomez fired her mom and took off her clothes
gossipcop-5945687406,www.newidea.com.au/brad-pitt-jennifer-aniston-secret-meetups,Brad and Jen's secret sleepovers
gossipcop-8207524577,okmagazine.com/photos/rihanna-spending-big-new-wardrobe-weight-gain/,Rihanna Is Spending BIG Bucks On Her New Wardrobe After Gaining Weight
gossipcop-2195629738,www.break.com/article/is-there-a-britney-spears-sex-tape-2752733,Is there a Britney Spears Sex Tape?
gossipcop-5537205310,www.usmagazine.com/stylish/news/catherine-zeta-jones-carys-zeta-douglas-on-town-country-cover/,"Catherine Zeta-Jones, Carys Zeta Douglas on 'Town & Country' Cover"
gossipcop-6666385259,people.com/politics/caitlyn-jenner-very-proud-kim-kardashian-meeting-donald-trump/,Caitlyn Jenner ‘Very Proud’ of Kim Kardashian for Meeting with Trump
gossipcop-3181181360,www.imdb.com/news/ni61508378,Sienna Miller Turned Down Tom Cruise?
gossipcop-5835779872,www.nytimes.com/2015/11/22/magazine/the-women-of-hollywood-speak-out.html,The Women of Hollywood Speak Out
gossipcop-6885061225,www.msn.com/en-us/tv/celebrity/chris-pratt-amy-poehler-dating/ar-AAtjcs4,"Chris Pratt, Amy Poehler Dating?"
gossipcop-2550534910,ew.com/news/2017/05/31/donald-trump-blasts-kathy-griffin/,Donald Trump blasts Kathy Griffin for beheading photo
gossipcop-6226639736,people.com/music/kanye-west-explosive-fights-kris-jenner-kim-kardashian-control/,Kanye West Has Had 'Explosive' Fights with Kris Jenner
gossipcop-1909076702,www.goodhousekeeping.com/beauty/fashion/a20976927/princess-diana-jewelry/,Why Princess Diana’s Jewelry Might Start Appearing in Public More
gossipcop-4970558987,www.iheart.com/content/2017-02-28-justin-bieber-did-not-attend-vanity-fair-oscars-after-party/,Justin Bieber Did NOT Attend Vanity Fair Oscars After Party
gossipcop-5841610542,www.wonderwall.com/celebrity/brad-pitt-and-angelina-jolies-divorce-and-custody-proceedings-stall-again-plus-more-news-3012630.gallery,"Brad Pitt and Angelina Jolie's divorce and custody proceedings stall again, plus more news"
gossipcop-8598629116,atlantablackstar.com/2018/07/10/steve-harvey-shuts-down-rumors-that-he-and-wife-marjorie-harvey-are-getting-a-divorce/,Steve Harvey Shuts Down Rumors That He and Wife Marjorie Harvey Are Getting a Divorce
gossipcop-9631457857,www.eonline.com/news/306891/jennifer-aniston-and-justin-theroux-double-date-with-tom-hanks-and-rita-wilson,Jennifer Aniston and Justin Theroux Double-Date With...Tom Hanks and Rita Wilson?!
gossipcop-1773639736,metro.co.uk/2017/07/13/chelsea-handler-admits-shes-at-fault-over-fall-out-with-former-bff-jennifer-aniston-6777497/,Chelsea Handler admits she's at fault over Jennifer Aniston fall out
gossipcop-7658353025,variety.com/2018/film/reviews/a-star-is-born-review-lady-gaga-bradley-cooper-1202922858/,"‘A Star Is Born’: Bradley Cooper, Lady Gaga in a Rapturous Remake – Variety"
gossipcop-8559857759,hollywoodlife.com/2017/01/25/derek-hough-jennifer-lopez-dating-world-of-dance/,Jennifer Lopez Getting Super Close With ‘World Of Dance’ Co-Star Derek Hough
gossipcop-9541238456,hollywoodlife.com/2017/01/04/miley-cyrus-liam-hemsworth-secret-wedding-christmas-holiday/,"Miley Cyrus & Liam Hemsworth’s Secret Wedding: The Vows, Her Dress & More — Report"
gossipcop-7036026897,hollywoodlife.com/2017/12/14/gwen-stefani-blake-shelton-christmas-plans-romantic-sexy-time/,Gwen Stefani & Blake Shelton: Romantic Christmas Plans Will Include Sexy ‘Time For Themselves’
gossipcop-1398658128,,  Drake Did NOT Cancel Concert Due To Weed Overdose Weed  Despite Report
gossipcop-976775169,www.eonline.com/news/916888/miranda-lambert-and-anderson-east-break-up-report,Miranda Lambert and Anderson East Break Up: Report
gossipcop-1952316280,www.hollywoodreporter.com/features/steven-spielberg-meryl-streep-trump-news-why-post-had-be-made-i-know-is-scared-1064361,"Steven Spielberg and Meryl Streep on Trump, News and Why 'The Post' Had to Be Made Now: ""Everyone I Know Is Scared"""
gossipcop-2582000806,www.ibtimes.com/queen-elizabeth-didnt-blast-meghan-markle-diva-behavior-report-says-2701533,"Queen Elizabeth Didn't Blast Meghan Markle For 'Diva Behavior,' Report Says"
gossipcop-8312908487,www.nationalenquirer.com/photos/caitlyn-jenner-breasts-boob-job/,Caitlyn Jenner Already Set For Second Boob Job
gossipcop-4293581641,www.imdb.com/news/ni61467494,"Brad Pitt Did Not Apologize To Jennifer Aniston Over Angelina Jolie, Despite Late And Wrong Report"
gossipcop-4708420571,en.wikipedia.org/wiki/Kylie_Jenner,Kylie Jenner
gossipcop-7321484176,yournewswire.com/harrison-ford-carrie-fisher-tranny/,Harrison Ford: ‘Carrie Fisher Was A Tranny’
gossipcop-8070355544,www.express.co.uk/travel/activity/736598/south-africa-safari-travel-adventure-big-five-prince-harry,Going wild in South Africa
gossipcop-4504653542,www.dailymail.co.uk/tvshowbiz/article-4639014/Brad-Pitt-Sienna-Miller-cosy-Glastonbury-party.html,Brad Pitt and Sienna Miller 'cosy up at Glastonbury party'
gossipcop-8367687233,www.theatlantic.com/entertainment/archive/2011/03/the-tourist-why-the-angelina-jolie-johnny-depp-flop-deserves-a-second-look/72989/,'The Tourist': Why the Angelina Jolie-Johnny Depp Flop Deserves a Second Look
gossipcop-9191997037,news.google.com/stories/CAAqfggKInhDQklTVkRvSmMzUnZjbmt0TXpZd1NrY0tFUWp5b3Y3MGpJQU1FUTBaS040VS1xcllFakpMWVc1NVpTQlhaWE4wSUZOb1lYSmxjeUJVWlhoMElFMWxjM05oWjJVZ1YybDBhQ0JEWVdsMGJIbHVJRXBsYm01bGNpZ0FQAQ?hl=en-US&gl=US&ceid=US%3Aen,Kanye West Shares Text Message With Caitlyn Jenner
gossipcop-1532524505,www.msn.com/en-ca/entertainment/celebrity/sandra-bullock-getting-married-to-boyfriend-bryan-randall/ar-BBH8wv4?li=AAggSpD,Sandra Bullock getting married to boyfriend Bryan Randall
gossipcop-1127889925,www.thecut.com/2018/08/brad-pitt-angelina-jolie-divorce-latest-news.html,A Guide to the Increasingly Intense Brad Pitt–Angelina Jolie Divorce Drama
gossipcop-7341415893,hollywoodlife.com/2018/03/21/nicole-richie-doesnt-like-sofia-scott-disick-relationship-kids-breakup/,Nicole Richie Pleading With Sofia To End Scott Disick Romance Before His Kids Get Too Attached
gossipcop-3676904411,www.billboard.com/articles/columns/latin/7640475/paulina-rubio-selena-gomez-dj-snake,Paulina Rubio is Collaborating With Selena Gomez & DJ Snake on Forthcoming Album
gossipcop-345583632,www.imdb.com/news/ni61556261,"The Sun, Metro Pull Fake Justin Bieber Interviews"
gossipcop-5553783424,www.newidea.com.au/brad-pitt-crushing-on-margot-robbie,Brad Pitt and Margot Robbie in new scandal
gossipcop-9302133862,www.imdb.com/news/ni61464561,"Sarah Silverman, Kate Beckinsale Writing Comedy Series Together?"
gossipcop-6182372236,hollywoodlife.com/2017/12/27/travis-scott-reuniting-kylie-jenner-photo-christmas-snapchat-pic-airplane/,Is Travis Scott Finally On His ‘Way Home’ To Kylie Jenner After Missing Christmas?
gossipcop-2377360127,hollywoodlife.com/2017/11/17/why-kanye-west-skipped-serena-williams-wedding-beyonce-feud/,Kanye West Skipped Serena Williams’ Wedding To Avoid ‘Awkward’ Run In With Beyonce
gossipcop-539140803,www.elle.com/culture/celebrities/a22221490/taylor-swift-joe-alwyn-breakup-speculation-necklace-nyc-outing/,Taylor Swift Just Gave a Sneaky Response to the Internet's Joe Alwyn Breakup Speculation
gossipcop-638030695,www.lifeandstylemag.com/posts/jamie-foxx-katie-holmes-makeover-152218,"Jamie Foxx's Friends Low-Key Think Katie Holmes ""Needs a Makeover"" (EXCLUSIVE)"
gossipcop-9207381893,www.express.co.uk/life-style/life/982862/kate-middleton-marathons-royal-rules,Why sporty Kate Middleton is BANNED from marathons - royal rule revealed
gossipcop-6393096526,www.intouchweekly.com/posts/sofia-richie-copying-kourtney-kardashian-154335,Sofia Richie Is Basically Morphing Into Kourtney Kardashian and She Knows It (EXCLUSIVE)
gossipcop-9373746790,hollywoodlife.com/2017/09/19/selena-gomez-american-idol-judge-producers-making-offer/,"Will Selena Gomez Be An ‘American ldol’ Judge? Producers Giving Her An Offer, Says Source"
gossipcop-2493253446,www.imdb.com/news/ni61456172,Joaquin Phoenix Wants Rooney Mara’s Family To Stop NFL From Using Leather Footballs?
gossipcop-2257691504,www.w3livenews.com/Entertainment/2018/05/08/Angelina-Jolie-has-her-eyes-set-on-British-actor-Ed-Skrein/8948677,Angelina Jolie has her eyes set on British actor Ed Skrein
gossipcop-485281376,www.mercurynews.com/2018/06/25/why-did-kanye-west-think-that-kim-kardashian-might-divorce-him/,Why did Kanye West think that Kim Kardashian might divorce him?
gossipcop-2394982572,www.etonline.com/people/kris-jenner,Entertainment Tonight
gossipcop-1305114310,starmagazine.com/videos/amal-clooney-rejects-angelina-jolies-peace-offering/,Amal Clooney Rejects Angelina Jolie’s Peace Offering
gossipcop-4200983209,www.nydailynews.com/entertainment/music-arts/celine-world-class-prima-dion-na-article-1.322934,Celine: A world-class prima Dion-na
gossipcop-8511922365,hollywoodlife.com/2017/11/01/angelina-jolie-getting-married-again-brad-pitt-divorce/,Is Angelina Jolie Getting Married Again After Brad Divorce? Reportedly Planning Wedding #4
gossipcop-2123039224,,Katie Holmes Losing Weight To Keep Jamie Foxx Interested 
gossipcop-2244659846,www.eonline.com/news/177532/is-kristen-stewart-replacing-angelina-jolie,Is Kristen Stewart Replacing Angelina Jolie?
gossipcop-3636929589,www.hellomagazine.com/celebrities/2016011729290/kate-hudson-angelina-jolie-childrens-day-out-kung-fu-panda-three-premiere/,Kate Hudson and Angelina Jolie enjoy family day out at Kung Fu Panda 3 premiere
gossipcop-3617114014,hollywoodlife.com/2017/10/24/john-stamos-wants-kids-family-fiancee-caitlin-mchugh-inspired-clooney/,John Stamos Eager To Have A Family: ‘Inspired By George Clooney’s Happiness & Fatherhood’
gossipcop-4650971003,www.rollingstone.com/culture/culture-news/solar-eclipse-2017-lady-gaga-the-rock-katy-perry-more-react-119979/,Solar Eclipse 2017: Celebrities React on Social Media
gossipcop-7221006065,people.com/tv/kim-kardashian-robbery-questions-answered/,Kim Kardashian's Robbery: Burning Questions Answered
gossipcop-5459036038,www.nickiswift.com/58598/strange-things-reese-witherspoon-jim-toths-marriage/,Strange things about Reese Witherspoon and Jim Toth's marriage
gossipcop-5926371631,www.elle.com/culture/celebrities/news/a37120/tom-hiddleston-gushing-about-taylor-swift-mtv-uk/,Here's Tom Hiddleston Gushing About Taylor Swift a Month Ago
gossipcop-3012501895,www.imdb.com/news/ni61259876,Shia Labeouf Hitting On Dakota Johnson During Movie Shoot?
gossipcop-8328156845,www.pressreader.com/usa/life-style-weekly/20180216/281535111440943,Connecting People Through News
gossipcop-7449680289,www.brainstain.co.uk/2017/12/13/mike-tyson-hillary-clinton-americas-prolific-serial-killer/,Mike Tyson: “Hillary Clinton is America’s Most Prolific Serial Killer”
gossipcop-3224508701,okmagazine.com/videos/caitlyn-jenner-body-confidence/,Caitlyn Jenner Is Feeling Herself ... Literally! The Reason She Loves Breast Massages
gossipcop-3517462610,www.vanityfair.com/news/2010/12/william-and-kate-201012,Wills and the Real Girl
gossipcop-2870787911,www.heraldsun.com.au/entertainment/justin-bieber-jealous-of-selena-gomezs-friendship-with-timothee-chalamet/video/703cd369b7077bc4905a32c070714ea3,Justin Bieber JEALOUS of Selena Gomez's Friendship with Timothee Chalamet?!
gossipcop-7683896162,www.newidea.com.au/nicole-kidmans-miracle-baby,Nicole Kidman pregnant at 50
gossipcop-9958256661,radaronline.com/exclusives/2018/03/katie-holmes-rekindles-james-van-der-beek-amid-jamie-foxx-split/,Katie Holmes Reignites Friendship With James Van Der Beek To Make Jamie Jealous!
gossipcop-8068437613,www.intouchweekly.com/posts/kendra-wilkinson-third-child-hollywood-medium-111244,Kendra Wilkinson Admits She's Open to Having a Third Child with Husband Hank Baskett
gossipcop-8929894475,screenrant.com/batgirl-movie-kristen-stewart-type-cast/,Batgirl Rumor: 'Kristen Stewart Prototype' Wanted For Barbara
gossipcop-5261250270,www.latinpost.com/articles/42603/20150313/jada-pinkett-smith-jealous-husbands-will-relationship-margot-robbie.htm,Will & Jada Pinkett-Smith Relationship Rumors: Is Jada Jealous of Husband's Relationship With Margot Robbie?
gossipcop-6314621161,people.com/movies/brad-pitt-angelina-jolie-divorce-custody-timeline/,How Brad Pitt and Angelina Jolie's Divorce Exploded
gossipcop-3063859039,radaronline.com/exclusives/2017/03/mariah-carey-weight-breast-reduction/,"Chubby Mariah Carey Ditches The Gym, Opts For Breast-Reduction Surgery"
gossipcop-9084550702,www.dailymail.co.uk/tvshowbiz/article-5788607/Emma-Stone-wears-red-hot-swimsuit-relaxing-eligible-bachelor-Justin-Theroux-France.html,Emma Stone wears red hot swimsuit while relaxing with eligible bachelor Justin Theroux in France
gossipcop-9559428298,,Gwen Stefani Jealous Of Gavin Rossdale  Elin Nordegren  Claim
gossipcop-5264942588,www.harpersbazaar.com.au/celebrity/kim-cattrall-samantha-jones-replacement-actor-15772,The Actors Tipped To Replace Kim Cattrall As Samantha Jones In ‘Sex And The City’
gossipcop-6803836615,yournewswire.com/cannibal-club-perry-streep-clinton/,"L.A.’s Elite Cannibal Restaurant Boasts Katy Perry, Meryl Streep, Chelsea Clinton As Members"
gossipcop-7305394933,www.cbsnews.com/news/report-jennifer-garner-took-ben-affleck-back-to-rehab/,Report: Jennifer Garner took Ben Affleck back to rehab
gossipcop-829299488,www.lifeandstylemag.com/posts/gwen-stefani-blake-shelton-split-133031/photos/gwen-blake-4-235842,Gwen Stefani and Blake Shelton Forced to Act in Love for 'The Voice' Cameras (EXCLUSIVE)
gossipcop-5759015911,www.inquisitr.com/4473276/blake-griffin-warned-by-l-a-clippers-bosses-kendall-jenner-not-welcome/,Blake Griffin Warned By L.A. Clippers Bosses ‘Kendall Jenner Not Welcome’
gossipcop-16254156,www.etonline.com/newly-engaged-justin-bieber-still-has-his-selena-gomez-tattoo-105852,Newly Engaged Justin Bieber Still Has His Selena Gomez Tattoo
gossipcop-4739595208,www.bbc.com/news/entertainment-arts-41035371,Robert Downey Jr warns fans about online 'scam artists'
gossipcop-9866974956,,Jennifer Aniston  Brad Pitt Planning Oscars Date  Getting Revenge On Angelina Jolie
gossipcop-8679930999,people.com/celebrity/brad-pitt-angelina-jolie-gave-8-mil-to-charity/,Brad Pitt & Angelina Jolie Gave $8 Mil to Charity
gossipcop-7558723252,www.dailymail.co.uk/tvshowbiz/article-5014377/Selena-Gomez-Justin-Bieber-hang-LA-home.html,Selena Gomez and Justin Bieber 'hang out at her LA home'
gossipcop-5754687706,en.wikipedia.org/wiki/Murder_of_Jason_Hudson,Murder of Jason Hudson
gossipcop-2176444484,timesofindia.indiatimes.com/entertainment/english/hollywood/news/brad-pitt-always-wanted-to-be-a-great-dad/articleshow/64815003.cms,Brad Pitt always wanted to be a 'great dad'
gossipcop-3713172855,www.heart.co.uk/showbiz/jennifer-aniston-handle-split-friends-justin/,Jennifer Aniston Should Just Follow 'Friends' To Get Over Her Justin Theroux Split
gossipcop-4241531514,okmagazine.com/photos/liam-hemsworth-modeling-career-pics/,"So Long, Acting! Liam Hemsworth Has His Heart Set On A Modeling Career"
gossipcop-514010806,hollywoodlife.com/2017/09/29/kylie-jenner-glowing-morning-sickness-pregnancy/,Kylie Jenner ‘Positively Glowing Despite Battling Morning Sickness’ During Pregnancy
gossipcop-8209573899,www.entertainmentdaily.co.uk/news/kim-kardashian-finally-responds-to-rumor-she-wants-to-replace-kelly-ripa/,Kim Kardashian Finally Responds To Rumor She Wants To Replace Kelly Ripa
gossipcop-795432890,tribune.com.pk/story/1667348/4-jennifer-aniston-brad-pitt-might-getting-back-together/,Jennifer Aniston and Brad Pitt might be getting back together
gossipcop-8385288350,www.eonline.com/news/963306/angelina-jolie-gets-new-divorce-lawyer-amid-brad-pitt-custody-battle,Angelina Jolie Gets New Divorce Lawyer Amid Brad Pitt Custody Battle
gossipcop-6210885194,video.southdreamz.com/justin-bieber-and-selena-gomez-sweating-it-out-together-jelena-after-pilates-workout-class.html,Justin Bieber and Selena Gomez Sweating It Out Together JELENA After Pilates Workout Class
gossipcop-2096283948,en.wikipedia.org/wiki/Risky_Business,Risky Business
gossipcop-7193637021,www.vogue.co.uk/article/rihanna-coachella-2018-wardrobe-interview,The Story Behind Rihanna’s Epic Coachella Wardrobe
gossipcop-8706102301,www.express.co.uk/news/royal/974024/Royal-wedding-2018-Meghan-Markle-wedding-dress-Stells-McCartney-bring-joy-austere-life,Meghan Markle wedding dress aimed to 'bring joy' before ‘AUSTERE’ life - Stella McCartney
gossipcop-2887124659,www.standard.co.uk/showbiz/celebrity-news/kris-jenner-planning-to-adopt-a-child-with-boyfriend-corey-gamble-a3794921.html,Kris Jenner 'planning to adopt a child with boyfriend Corey Gamble'
gossipcop-7489249320,www.twoeggz.com/int/6091811.html,Mark Wahlberg Blackballed From Hollywood After Say THIS About Trump
gossipcop-8329990493,hollywoodlife.com/2016/07/20/jordan-clarkson-not-famous-enough-kendall-jenner-dating-relationship/,Kim Kardashian: Kendall Jenner Can’t Date Jordan Clarkson — He’s Not Famous Enough
gossipcop-5147798229,radaronline.com/exclusives/2018/02/gwen-trapped-35m-sex-house-gavin-wont-budge-price-home-affair/,Gwen Trapped In $35M Sex House! Gavin Won’t Budge On Price Of Home He Cheated In
gossipcop-1903074961,people.com/celebrity/how-celebs-celebrate-memorial-day-weekend,How the Stars Celebrated Memorial Day Weekend
gossipcop-8004963150,okmagazine.com/photos/khloe-kardashian-issues-warning-kuwtk/,Khloe Kardashian Issues Warning About What Fans Will See On Tonight’s 'KUWTK'
gossipcop-9866635777,radaronline.com/exclusives/2018/05/kuwtk-sofia-richie-scott-disick-feud-kourtney-kardashian-kids/,‘Grow The F**k Up!’ Sofia Slams Kourtney’s ‘Crap’ Over Spending Time With Her Kids
gossipcop-2528628961,www.today.com/popculture/julia-roberts-joins-instagram-simple-message-love-t132079,Julia Roberts joins Instagram with a simple message of love
gossipcop-5540157465,www.thesun.co.uk/tvandshowbiz/1917422/kanye-west-net-worth-kim-kardashian-songs/,"What is Kanye West’s net worth, what does his name mean, what are his hit songs and how did he meet Kim Kardashian?"
gossipcop-9717323243,www.etonline.com/justin-theroux-still-heartbroken-over-jennifer-aniston-split-despite-dating-rumors-exclusive-98413,Justin Theroux Still 'Heartbroken' Over Jennifer Aniston Split Despite Dating Rumors (Exclusive)
gossipcop-8789278055,www.popsugar.com/celebrity/Cannes-Film-Festival-Pictures-16444096,Cannes Film Festival Pictures
gossipcop-617626656,www.firstpost.com/entertainment/jennifer-aniston-doesnt-need-your-consolation-advice-or-brad-pitt-to-validate-her-existence-4354289.html,"Jennifer Aniston doesn't need your consolation, advice or Brad Pitt to validate her existence- Entertainment News, Firstpost"
gossipcop-1410900558,www.billboard.com/articles/news/8249682/barbra-streisand-talks-metoo-a-star-is-born-remake-with-lady-gaga,"Barbra Streisand Talks #MeToo, 'A Star Is Born' Remake With Lady Gaga"
gossipcop-4821211702,,5 Wrong Rumors About Blake Shelton
gossipcop-5511395939,wireler.com/jennifer-aniston-emma-stone-at-war-over-justin-theroux/jennifer-aniston-emma-stone-at-war-over-justin-theroux-png/,Jennifer Aniston Emma Stone At WAR Over Justin Theroux – Wireler
gossipcop-3316766645,www.thisisinsider.com/jennifer-lawrence-brad-pitt-dating-reports-watch-what-happens-live-video-2018-3,Jennifer Lawrence finally addressed the reports that she's dating Brad Pitt
gossipcop-6884873072,uinterview.com/news/who-is-pepe-munoz-details-on-celine-dions-alleged-news-boyfriend/,Who Is Pepe Muñoz? Details On Céline Dion’s Alleged News Boyfriend
gossipcop-9717771437,www.justjared.com/2016/12/12/pregnant-irina-shayk-bradley-coopers-mom-gloria-go-food-shopping-together/,Pregnant Irina Shayk & Bradley Cooper's Mom Gloria Go Food Shopping Together!
gossipcop-5758402466,www.etonline.com/gwen-stefani-still-smitten-blake-shelton-and-has-never-once-tried-change-him-exclusive-94631,Gwen Stefani Is Still Smitten With Blake Shelton and 'Has Never Once' Tried to Change Him (Exclusive)
gossipcop-3909836107,hollywoodlife.com/2017/05/25/jennifer-lopez-drake-booty-call-diss-concert/,Jennifer Lopez Disses Drake: Watch Her Call Him Just A ‘Booty Call’ In Vegas
gossipcop-808911989,www.inquisitr.com/4661415/michelle-obama-didnt-try-to-sneak-a-spot-on-prince-harry-and-meghan-markles-wedding-guest-list-debunked/,Michelle Obama Didn’t Try To ‘Sneak A Spot’ On Prince Harry And Meghan Markle’s Wedding Guest List [Debunked]
gossipcop-5645850485,www.usmagazine.com/celebrity-news/news/taylor-swift-nods-at-joe-alwyn-relationship-in-concert-speech/,Taylor Swift Nods at Joe Alwyn Relationship in Concert Speech
gossipcop-3054920479,"www.theguardian.com/notesandqueries/query/0,5753,-14156,00.html","Is it true that Prince Charles would need to change his name if he ever became King of England, due to the misfortunes of previous King Charles''?"
gossipcop-2526600945,www.cosmopolitan.com/uk/entertainment/a13450106/kardashians-caitlyn-jenner-feud-timeline/,All the times Caitlyn Jenner has shaded the Kardashians and they've shaded her right back
gossipcop-2718672618,,Celebrity Reactions  Anthony Scaramucci Out As Donald Trump ’ s Communications Director
gossipcop-5413549301,www.yahoo.com/entertainment/heres-a-complete-history-of-jennifer-lopez-and-213047207.html,Here’s a Complete History of Jennifer Lopez and Mariah Carey’s Alleged Feud
gossipcop-1515227891,okmagazine.com/photos/miley-cyrus-liam-hemsworth-crib-shopping-planning-nursery/,Miley Cyrus And Liam Hemsworth Are Shopping For Cribs?
gossipcop-6081419100,www.washingtonpost.com/news/the-fix/wp/2017/01/06/donald-trumps-attack-on-arnold-schwarzenegger-is-either-dumb-or-ingenious-or-both/,"If Trump’s feud with Arnold Schwarzenegger was a ratings ploy, it failed"
gossipcop-3569542889,www.elle.com/culture/celebrities/a20122925/miley-cyrus-on-living-with-liam-hemsworth-pranks/,Miley Cyrus Really Opened Up About Living With Liam Hemsworth
gossipcop-2710044770,www.imdb.com/name/nm2832525/,Kendall Jenner
gossipcop-3238549946,www.mercurynews.com/2018/03/14/after-everything-ben-affleck-wishes-he-could-win-jennifer-garner-back-new-report-says/,"After everything, Ben Affleck wishes he could win Jennifer Garner back, new report says"
gossipcop-40168647,www.yourtango.com/2018311123/7-cringey-details-about-katy-perry-orlando-blooms-relationship-breakup-marriage-rumors,"7 Cringey Details About Katy Perry & Orlando Bloom's Relationship, Including Rumors They've Already Eloped"
gossipcop-1888140912,www.marieclaire.com/celebrity/a19655273/angelina-jolie-brad-pitt-divorce-finalized/,Angelina Jolie and Brad Pitt's Divorce Will Be Finalized Very Soon
gossipcop-1053975112,www.intouchweekly.com/posts/emma-watson-robert-pattinson-dating-149532,New Couple Emma Watson and Robert Pattinson Seemingly Go Public at 2018 Golden Globes (EXCLUSIVE)
gossipcop-7499820814,www.eonline.com/news/885208/iggy-azalea-sued-for-failing-to-pay-300-000-credit-card-debt,"Iggy Azalea Sued for Failing to Pay $300,000 Credit Card Debt"
gossipcop-294333617,www.dailymail.co.uk/news/article-4569118/Kathy-Griffin-feels-betrayed-CNN-s-Anderson-Cooper.html,Kathy Griffin feels betrayed by CNN's Anderson Cooper
gossipcop-2859753224,www.eonline.com/news/879499/mel-b-under-investigation-for-witness-intimidation-as-divorce-drama-continues,Mel B Under Investigation for Witness Intimidation as Divorce Drama Continues
gossipcop-5565789711,people.com/tv/kim-kardashian-calls-caitlyn-jenner-liar/,Kim Kardashian Slams 'Liar' Caitlyn Jenner for Comments About Late Father Robert: 'She Is Not a Good Person'
gossipcop-8994956638,gossipthot.wordpress.com/2017/01/26/john-legend-and-chrissy-teigen-pitching-daytime-talk-show/,John Legend and Chrissy Teigen Pitching Daytime Talk Show.
gossipcop-6250524442,www.usmagazine.com/celebrity-news/news/hailee-steinfeld-denies-justin-bieber-dating-rumors-w480518/,Hailee Steinfeld Denies Justin Bieber Dating Rumors
gossipcop-1540378275,www.washingtonpost.com/news/arts-and-entertainment/wp/2018/02/02/kylie-jenners-mystery-pregnancy-might-be-the-most-confusing-kardashian-situation-ever/,Kylie Jenner’s mystery pregnancy might be the most confusing Kardashian situation ever
gossipcop-7232659351,www.news.com.au/entertainment/celebrity-life/angelina-jolie-i-dont-enjoy-being-single-its-not-something-i-wanted/news-story/1006dbb17ea4e58a4db5034a90cd9f3c,Angelina Jolie: ‘I don’t enjoy being single’
gossipcop-4201004105,www.businessinsider.com/royal-wedding-cost-meghan-markle-prince-harry-2018-4,Cost of the royal wedding for Meghan Markle and Prince Harry
gossipcop-7394790075,thestir.cafemom.com/celebrities/211739/david-victoria-beckham-separate-lives,David & Victoria Beckham Reportedly Living 'Separate Lives'
gossipcop-978960567,hollywoodlife.com/2014/10/03/celebrities-yom-kippur-jewish-day-of-atonement-tweets/,Yom Kippur: Harry Styles & More Tweet On Jewish Day Of Atonement
gossipcop-7284593025,hollywoodlife.com/2018/08/09/selena-gomez-misses-justin-bieber-first-love-engaged-hailey-baldwin/,Selena Gomez ‘Still Misses’ ‘First Love’ Justin Bieber — Would She Text Him If He Split With Hailey?
gossipcop-7221966005,people.com/tv/demario-jackson-corinne-olympios-valentines-day-together/,"DeMario Jackson, Corinne Olympios Spending Valentine's Day Together"
gossipcop-9360969741,www.celebdirtylaundry.com/2014/ellen-degeneres-portia-di-rossi-wedding-ring-split-fight-breakup-photos-0209/,Ellen DeGeneres and Portia de Rossi’s Marriage At Breaking Point: Portia Removes Wedding Ring – Report
gossipcop-1698969036,www.amazon.com/Mary-Kate-Ashley-Olsen-Greatest-Hits/dp/B00003ZL3R,Mary-Kate and Ashley Olsen: Greatest Hits
gossipcop-7857298641,dawnofcomics.com/news/jon-hamm-not-stealing-batman-role/,Jon Hamm is NOT Stealing Batman Role from Affleck.
gossipcop-7333432588,www.newidea.com.au/jennifer-aniston-confronts-brad-pitt-new-girlfriend-neri-oxman,Jennifer Aniston confronts Neri: ‘Stay away from Brad!’
gossipcop-685348949,radaronline.com/exclusives/2018/06/kuwtk-kim-kardashian-president-donald-trump-meeting-family-furious/,Traitor! Kim Kardashian’s Family ‘Furious’ Over Meeting With Donald Trump
gossipcop-5207040963,www.romper.com/p/is-beyonce-at-the-2018-grammys-twitter-is-searching-for-the-star-8041861,Is Beyonce At The 2018 Grammys? Twitter Is Searching For The Star
gossipcop-2860022327,www.wonderwall.com/celebrity/jessica-simpson-does-not-spend-100000-per-month-on-food-delivery-despite-report-3015152.article,"Jessica Simpson Does NOT Spend $100,000 Per Month On Food Delivery, Despite Report"
gossipcop-6397975184,www.hishairclinic.com/how-does-tom-cruise-maintain-that-hairline/,How Does Tom Cruise Keep That Hairline?
gossipcop-3294462993,www.eonline.com/news/926650/khloe-kardashian-s-family-heartbroken-over-tristan-thompson-cheating-reports-everything-we-know,"Khloe Kardashian's Family ""Heartbroken"" Over Tristan Thompson Cheating Reports: Everything We Know"
gossipcop-3642751744,www.newidea.com.au/will-and-kate-christmas-coronation,Queen retires: Wills and Kate’s Christmas coronation!
gossipcop-2504785566,www.parents.com/pregnancy/my-life/emotions/4-winter-pregnancy-worries-and-how-to-deal/,4 Winter Pregnancy Worries -- and How to Deal
gossipcop-5869226639,radaronline.com/videos/blake-shelton-gwen-stefani-miscarriage-stopped-trying-pregnant/,Miscarriage Tragedy Shatters Gwen’s Baby Dreams & Puts Wedding To Blake In Jeopardy
gossipcop-1583787323,www.eonline.com/news/942800/kris-jenner-comments-on-tristan-thompson-and-khloe-kardashian-after-cheating-scandal,Kris Jenner Comments on Tristan Thompson and Khloe Kardashian After Cheating Scandal
gossipcop-6984927757,www.teenvogue.com/story/miley-cyrus-liam-hemsworth-wedding-rumors-fueled-matching-rings,Miley Cyrus and Liam Hemsworth Wedding Rumors Fueled by Matching Rings
gossipcop-8315398096,hollywoodlife.com/2018/02/06/tyga-dating-kylie-jenner-look-alike-reason-split/,"Tyga: Why He’s Obsessed With Dating Kylie Jenner Look-Alikes, But None Can Take Her Place"
gossipcop-7277038830,hollywoodlife.com/2018/05/30/nicki-minaj-drake-more-than-one-secret-child/,Nicki Minaj: Why She Thinks Drake Could Have More Than One Secret Love Child
gossipcop-2247616847,www.newidea.com.au/brad-pitt-moves-in-with-kate-hudson,Brad Pitt moves in with Kate Hudson
gossipcop-88943555,www.huffingtonpost.co.uk/2013/05/07/katie-holmes-met-ball-2013-pictures_n_3228242.html,Met Ball 2013: Katie Holmes Swaps Tom Cruise For Even Shorter Man On Red Carpet (PICTURES)
gossipcop-7504685388,www.hellomagazine.com/royalty/2018062149633/kate-middleton-spoils-prince-william-birthday/,How Kate Middleton spoils Prince William on his birthday
gossipcop-6737488799,www.sheknows.com/entertainment/articles/1004789/the-new-lone-ranger-who-is-armie-hammer,"9 Things to Know About Armie Hammer, the Hero Taking Over Hollywood"
gossipcop-1174330891,www.dailymail.co.uk/tvshowbiz/article-5804467/Sofia-Richies-dad-Lionel-threatened-cut-didnt-dump-cheating-Scott-Disick.html,Sofia Richie's dad Lionel threatened to cut her off if she didn’t dump cheating Scott Disick
gossipcop-1434380198,www.ibtimes.com/jennifer-garners-kids-have-not-met-josh-duhamel-report-says-2648147,"Jennifer Garner's Kids Have Not Met Josh Duhamel, Report Says"
gossipcop-5070059348,www.popsugar.com/celebrity/Do-Prince-William-Prince-Harry-Get-Along-Camilla-43760546,Do Prince William and Prince Harry Get Along With Camilla?
gossipcop-1998076621,www.biography.com/people/mariah-carey-9542177,"Singer, Film Actress, Film Actor/Film Actress, Songwriter, Actress, Music Producer"
gossipcop-9364278558,www.popsugar.com/celebrity/Scarlett-Johansson-Colin-Jost-American-Museum-Gala-2017-44319959,Scarlett Johansson and Colin Jost American Museum Gala 2017
gossipcop-9455717959,hollywoodlife.com/2018/01/29/kylie-jenner-regrets-pregnancy-travis-scott-wishes-tyga-baby/,Kylie Jenner Has Major Regrets Over Pregnancy With Travis Scott — It Should Have Been Tyga’s Baby
gossipcop-6837118897,hollywoodlife.com/2017/11/29/are-selena-gomez-justin-bieber-living-together-buying-house-moving-in/,Justin Bieber & Selena Gomez Reportedly Searching For ‘Dream Home’ Together
gossipcop-9169815700,time.com/5192470/royal-baby-name-louis-arthur-charles/,"Royal Baby's Name Is Louis Arthur Charles, Will and Kate Announce"
gossipcop-3447280734,www.mercurynews.com/2018/03/14/after-everything-ben-affleck-wishes-he-could-win-jennifer-garner-back-new-report-says/,"After everything, Ben Affleck wishes he could win Jennifer Garner back, new report says"
gossipcop-3476230614,www.intouchweekly.com/posts/ben-affleck-and-jennifer-lopez-alex-rodriguez-134094,Ben Affleck Trying to Win Jennifer Lopez Back from Alex Rodriguez (EXCLUSIVE)
gossipcop-3998725211,people.com/music/nicki-minaj-not-dating-eminem-report/,Nicki Minaj Was 'Joking' About Love Fest with Eminem Despite Social Media Comments: Report
gossipcop-7712975012,hollywoodlife.com/2018/05/21/taylor-swift-joe-alwyn-happy-missed-billboard-music-awards/,Taylor Swift & Joe Alwyn: Why He Didn’t Join Her At Billboard Awards & They Are Both ‘Happier’ For It
gossipcop-7917898417,www.highsnobiety.com/2017/09/05/labor-day-celebrities-2017/,Here’s How Your Favorite Celebrities Celebrated Labor Day Weekend
gossipcop-1323947612,time.com/4874377/donald-trump-transgender-military-ban-celebrity-reactions/,Trump Bans Transgender People in Military: Celebrity Reactions
gossipcop-616290565,,Katie Holmes Hiding Baby Bump 
gossipcop-8848998621,www.dailymail.co.uk/tvshowbiz/article-5175487/Pitt-Lawrence-enjoyed-late-nights-together.html,Brad Pitt is NOT dating Jennifer Lawrence despite claims
gossipcop-7680466627,www.glamour.com/story/taylor-swift-carried-out-of-her-apartment-in-a-huge-suitcase,Was Taylor Swift Carried Out of Her Apartment in a Huge Suitcase?
gossipcop-9545318801,en.wikipedia.org/wiki/List_of_Super_Bowl_halftime_shows,List of Super Bowl halftime shows
gossipcop-2036164839,www.intouchweekly.com/posts/alex-rodriguez-cheated-on-jennifer-lopez-153623,Jennifer Lopez Is Questioning Her Future With A-Rod After Cheating Allegations (EXCLUSIVE)
gossipcop-7670387820,www.msn.com/en-sg/entertainment/celebrity/jennifer-aniston-%E2%80%98asks-courteney-cox-to-set-her-up-with-new-man%E2%80%99/ar-AAzpqw7,Jennifer Aniston ‘asks Courteney Cox to set her up with new man’
gossipcop-9526457926,en.wikipedia.org/wiki/Flip_or_Flop,Flip or Flop
gossipcop-2362638360,www.breatheheavy.com/exhale/index.php?/topic/754392-justin-timberlake-not-making-secret-calls-to-britney-spears-despite-report/,"Justin Timberlake NOT Making Secret Calls To Britney Spears, Despite Report"
gossipcop-8718538426,www.courts.ca.gov/selfhelp-conservatorship.htm,seniors_selfhelp
gossipcop-1393324921,www.inquisitr.com/4763486/hassan-jameel-is-reportedly-worried-that-chris-brown-might-win-rihanna-back/,Hassan Jameel Is Reportedly Worried That Chris Brown Might Win Rihanna Back
gossipcop-4383623389,hollywoodlife.com/2017/12/28/kanye-west-warns-travis-scott-before-kylie-jenner-gives-birth/,Kanye West Makes Emotional Plea To Travis Scott: Man Up Before Kylie Jenner Gives Birth
gossipcop-8664328328,www.dailymail.co.uk/news/article-4410398/Caitlyn-Jenner-planning-NUDE-photo-shoot.html,Caitlyn Jenner is planning a NUDE photo shoot
gossipcop-1613202366,www.nationalenquirer.com/photos/kim-kardashian-surrogate-junk-food/,Kim Kardashian Freaks Out Over Surrogate’s Junk Food
gossipcop-9137276932,hollywoodlife.com/2017/12/04/selena-gomez-sad-justin-bieber-alone-time-video/,Selena Gomez Admits To Wanting ‘Alone Time’: Is She Having Issues With Justin Bieber?
gossipcop-697085602,pagesix.com/2017/10/04/kelly-ripa-demands-ryan-seacrest-cancel-gma-appearance/,Kelly Ripa demands Ryan Seacrest cancel ‘GMA’ appearance
gossipcop-9015674094,hollywoodlife.com/2018/07/19/selena-gomez-justin-bieber-birthday-gift/,Selena Gomez: The One Birthday Gift She Wants From Justin Bieber Despite Their Split
gossipcop-8548264974,hollywoodlife.com/2017/12/07/kanye-west-kim-kardashian-fighting-filming-birth-3rd-baby-tv/,Kim Kardashian & Kanye West Reportedly Fighting Over Filming Birth Of Baby #3 For ‘KUWTK’
gossipcop-2241879365,www.thehollywoodgossip.com/2017/12/kourtney-kardashian-to-jennifer-lawrence-stay-away-from-scott-di/,Kourtney Kardashian to Jennifer Lawrence: Stay Away From Scott Disick!
gossipcop-4477368195,www.magzter.com/article/Entertainment/National-Enquirer/Rihanna-A-Ton-Of-Fun,Rihanna A Ton Of Fun!
gossipcop-5687950104,www.lifeandstylemag.com/posts/tom-cruise-jamie-foxx-katie-holmes-141350,Tom Cruise's Response to Katie Holmes and Jamie Foxx's Relationship Is Very Tom Cruise-y (REPORT)
gossipcop-9737723367,www.dailymail.co.uk/tvshowbiz/article-3496277/Russell-Crowe-reveals-s-lost-impressive-24-kgs-stacking-weight-movie-role-Nice-Guys.html,Russell Crowe reveals he's lost 24 kgs after gaining weight for The Nice Guys role
gossipcop-7113996696,en.wikipedia.org/wiki/Secret_in_Their_Eyes,Secret in Their Eyes
gossipcop-6572998065,www.nationalenquirer.com/photos/jessica-simpson-weight-diet-crisis/,Jessica Simpson ‘Diet Or Die’ Crisis
gossipcop-597853614,www.vogue.co.uk/gallery/cindy-crawford-kaia-gerber-modelling-advice,Cindy On Her Real Concern For Kaia
gossipcop-1669955471,www.inquisitr.com/4762190/robert-pattinson-2018-kristen-stewarts-ex-reportedly-flirting-with-kylie-minogue-bella-hadid-and-katy-perry/,"Robert Pattinson 2018: Kristen Stewart’s Ex Reportedly Flirting With Kylie Minogue, Bella Hadid And Katy Perry"
gossipcop-4775370060,www.wellandgood.com/good-advice/selena-gomez-feels-the-self-love/,The badass reason Selena Gomez is at peace with herself
gossipcop-8083755997,,Tom Cruise Vetting Vanessa Kirby To Be Fourth Wife  Fake Story
gossipcop-574466178,www.celebdirtylaundry.com/2017/kate-middleton-calls-off-third-pregnancy-plans-prince-william-an-absentee-father/,Kate Middleton Calls Off Third Pregnancy Plans: Prince William An Absentee Father?
gossipcop-5366274514,www.eonline.com/news/901257/inside-jessica-simpson-eric-johnson-s-unexpected-love-story,Inside Jessica Simpson & Eric Johnson's Unexpected Love Story
gossipcop-585679277,www.cheatsheet.com/entertainment/this-1-country-singer-wants-to-officiate-gwen-stefani-and-blake-sheltons-wedding.html/,This 1 Country Singer Wants to Officiate Gwen Stefani and Blake Shelton’s Wedding
gossipcop-9107967946,people.com/food/kourtney-kardashian-diet-healthy-meal-plan/,Kourtney Kardashian Shares the Current Meal Plan That Helps Her 'Stay on Track'
gossipcop-2491524812,www.gossip-addict.com/article/justin-bieber/gossipcop/5b02fc07e0544705e87fc9c7/hollywoodlife-caught-lying-about-taylor-swift-selena-gomez-and-justin-bieber?lang=en-us,"HollywoodLife Caught Lying About Taylor Swift, Selena Gomez And Justin Bieber"
gossipcop-3432062124,www.msn.com/en-us/tv/celebrity/prince-william-wore-red-wig-to-mock-prince-harry-at-palace-event/ar-BBHIpPx,Prince William Wore Red Wig To Mock Prince Harry At Palace Event?
gossipcop-7201377614,www.buro247.me/culture/films-and-theatre/julia-roberts-is-the-latest-hollywood-heavyweight.html,Julia Roberts is the latest Hollywood heavyweight to move to the small screen
gossipcop-184439773,www.ellentube.com/video/gwen-stefani-on-her-experience-in-the-la-fires.html,Gwen Stefani on Her Experience in the L.A. Fires
gossipcop-6442633428,www.harpersbazaar.com/celebrity/latest/a19692741/ryan-reynolds-blake-lively-split-rumors-response/,Ryan Reynolds Just Shut Down Blake Lively Split Rumors (Again) with Some Epic Trolling
gossipcop-6140331810,www.cbsnews.com/news/royal-wedding-rules-the-dress-the-bouquet-traditions-meghan-markle-will-follow/,"Royal rules: The dress, the bouquet and the royal wedding traditions Meghan Markle has to follow"
gossipcop-1051672830,www.stuff.co.nz/life-style/life/100753803/chris-martin-to-be-best-man-at-gwyneth-paltrows-wedding,Chris Martin 'to be best man at Gwyneth Paltrow's wedding'
gossipcop-1700296100,www.dailymail.co.uk/tvshowbiz/article-6095635/Ryan-Seacrest-looks-lovingly-girlfriend-Shayna-Taylor-enjoy-yacht-time-France.html,Ryan Seacrest looks lovingly at girlfriend Shayna Taylor as they enjoy yacht time in France
gossipcop-1749251349,people.com/celebrity/blac-chyna-request-trademark-kardashian-name-denied/,Blac Chyna's Request to Trademark Kardashian Name Is Officially Denied: Report
gossipcop-486434421,www.intouchweekly.com/posts/alex-rodriguez-cheated-on-jennifer-lopez-153623,Jennifer Lopez Is Questioning Her Future With A-Rod After Cheating Allegations (EXCLUSIVE)
gossipcop-9148983580,hollywoodlife.com/2018/05/24/gwen-stefani-pregnant-blake-shelton-baby-clues/,Gwen Stefani Pregnant With Blake Shelton’s Baby? Why Friends Think She’s Got A Secret
gossipcop-4303427510,player.fm/series/dish-nation/ep-259-083018-kanye-west-tearfully-apologizes-for-saying-slavery-is-a-choice,259: 08/30/18 - KANYE WEST TEARFULLY APOLOGIZES FOR SAYING SLAVERY ‘IS A CHOICE’
gossipcop-8935099630,hollywoodlife.com/2017/11/01/are-kim-kardashian-kanye-west-divorcing-split-break-up-baby-number-3/,Kim Kardashian & Kanye West Reportedly Divorcing Weeks Before Baby #3 Arrives
gossipcop-7955371404,hollywoodlife.com/2018/06/07/is-gwen-stefani-quitting-music-blake-shelton-relationship-settle-down/,Gwen Stefani Admits Vegas Residency Is The ‘End’ Of Her Musical ‘Journey’: Settling Down With Blake?
gossipcop-9857167673,,  Prince Charles Meddling Meddling In Harry  Meghan Markle Wedding Plans 
gossipcop-7270137451,ftw.usatoday.com/2017/01/sage-steele-instagram-airport-espn,Sage Steele slammed for Instagram post about protests at airport
gossipcop-3245048045,jezebel.com/angelina-jolie-and-brad-pitts-divorce-is-a-master-class-1786998912,Angelina Jolie and Brad Pitt's Divorce Is a Master Class in PR Spins
gossipcop-5073779346,www.lifeandstylemag.com/posts/who-is-brad-pitt-dating-today-146596,Brad Pitt's Anger Issues Have Subsided — Is It Because He's Dating Again? (EXCLUSIVE)
gossipcop-1885458697,,Paris Jackson Secret Surgery
gossipcop-3798868176,,Selena Gomez Caught Kissing Mystery Man  Clickbait
gossipcop-1500371630,www.wsj.com/articles/the-examined-life-of-angelina-jolie-pitt-1446687750,The Examined Life of Angelina Jolie Pitt
gossipcop-9227321368,www.huffingtonpost.com/2012/11/15/justin-bieber-selena-gomez-relationship-rumors-proposals-jealousy-too-needy-desperate_n_2136627.html,"Justin Bieber, Selena Gomez Relationship Rumors: Proposals, Jealousy, Bieber Desperate To Reconcile (UPDATE)"
gossipcop-886118982,www.refinery29.com/2018/08/206132/katie-holmes-jamie-foxx-relationship-timeline-explained,Katie Holmes Jamie Fox Mystery Relationship Explained
gossipcop-311472439,www.celebuzz.com/2017-10-16/gwen-stefani-blake-shelton-marriage-prenup-gossip-cop-busts/,Is Gwen Stefani Forcing Blake Shelton to Sign a Prenup?
gossipcop-4064363805,www.broadwayworld.com/board/readmessage.php?thread=1103255&page=2,Lea Michele
gossipcop-2389938114,www.elle.com/culture/celebrities/a22580511/meghan-markle-first-royal-birthday-plans/,Meghan Markle Will Spend Her First Royal Birthday at a Wedding With Prince Harry
gossipcop-3423426596,www.aceshowbiz.com/news/view/00112843.html,Is She Pregnant? Gwen Stefani Sports Suspicious Bump During Outing With Son
gossipcop-4626191117,www.dailystar.co.uk/showbiz-tv/music/534893/Cheryl-Justin-Bieber-collaboration-Chezza-Cheryl-Cole-Fernandez-Versini,'I am finally working with Cheryl' Bieber opens up on track we're all waiting for
gossipcop-6450814559,www.dailymail.co.uk/tvshowbiz/article-5901895/Katie-Holmes-steps-New-York-Jamie-Foxx-performs-Atlantic-City-split-denial.html,Katie Holmes steps out in New York while Jamie Foxx performs at Atlantic City after split denial
gossipcop-9737431196,hollywoodlife.com/2017/03/09/iggy-azalea-warns-khloe-kardashian-tristan-thompson-will-cheat-baby-mama/,Iggy Azeala’s Warning To Khloe Kardashian: Tristan Thompson Will Cheat On You
gossipcop-7198803653,www.independent.co.uk/life-style/fashion/leonardo-dicaprio-eyebrow-artist-oscars-tobey-maguire-flight-la-a7601731.html,"A-listers flew eyebrow artist 7,500 miles to do their brows for the Oscars"
gossipcop-9874240256,,Madonna Snubbed Amy Schumer ’ s Wedding 
gossipcop-8971659272,variety.com/2017/tv/news/kardashians-e-renewed-kuwtk-salary-1202598189/,Kardashians Ink Mega Renewal Deal With E! – Variety
gossipcop-2837118817,www.hollywoodreporter.com/news/marion-cotillard-gets-lip-injections-movie-role-983945,Marion Cotillard Shows Off 'Rock'n Roll' Movie Makeover With 18 Selfies
gossipcop-5389144623,extratv.com/2018/05/26/rumor-bust-robert-pattinson-wasnt-invited-to-royal-wedding/,Rumor Bust! Robert Pattinson Wasn’t Invited to Royal Wedding
gossipcop-4199916818,people.com/celebrity/kylie-jenner-20th-birthday-shares-highlights-favorite-moments-last-year/,A 'Dream Come True' & a 'Dirrty' Halloween: Birthday Girl Kylie Jenner Shares Highlights from Her Last Year
gossipcop-7784040499,metro.co.uk/2018/03/05/jennifer-lawrence-nicholas-hoult-rumoured-rekindling-romance-7363207/,Jennifer Lawrence and Nicholas Hoult are rumoured to be rekindling their romance
gossipcop-2971458461,mashable.com/2018/05/30/kim-kardashian-meeting-donald-trump-prison-reform/,"Kim Kardashian and Donald Trump talked about prison reform, because 2018 is off the rails"
gossipcop-2575033608,www.thelist.com/110590/kate-middleton-meghan-markle-relationship/,The truth about Kate Middleton and Meghan Markle's relationship
gossipcop-8722688809,www.usmagazine.com/celebrity-news/news/teresa-giudice-opens-up-about-her-dinner-with-divorce-lawyer/,Teresa Giudice Opens Up About Her Dinner With Divorce Lawyer
gossipcop-94922652,metro.co.uk/2018/07/13/bieber-selena-gomez-smiles-rumoured-beau-caleb-stevens-ex-justin-announces-engagement-7710708/,Selena Gomez all smiles with Caleb Stevens after Justin Bieber's engagement
gossipcop-8637575241,www.dailymail.co.uk/video/dailymailtv/video-1553669/Jennifer-Aniston-Justin-Theroux-neighbor-war.html,Jennifer Aniston and Justin Theroux's neighbor war
gossipcop-8408694928,www.intouchweekly.com/posts/alex-rodriguez-cheated-on-jennifer-lopez-153623,Jennifer Lopez Is Questioning Her Future With A-Rod After Cheating Allegations (EXCLUSIVE)
gossipcop-6758705496,www.usmagazine.com/celebrity-news/news/angelina-jolie-is-single-not-dating-real-estate-agent/,"Angelina Jolie Is Single, Not Dating Real Estate Agent"
gossipcop-2778253719,www.nbc.com/saturday-night-live/cast/alec-baldwin-57921/impersonation/donald-trump-285097,Watch Donald Trump Sketches From SNL Played By Alec Baldwin
gossipcop-9527038401,hollywoodlife.com/2018/01/21/james-franco-stunned-scarlett-johansson-called-out-womens-march/,James Franco ‘Stunned’ Scarlett Johansson Called Him Out In Women’s March Speech
gossipcop-9901651572,www.justjared.com/2017/01/01/celebs-wish-fans-a-happy-new-year-2017-read-tweets/,Celebs Wish Fans a Happy New Year 2017 - Read Tweets!
gossipcop-289348746,etcanada.com/news/330123/gwen-stefani-admits-im-obviously-at-the-end-of-my-journey-of-being-a-musician/,Gwen Stefani Admits ‘I’m Obviously At The End Of My Journey Of Being A Musician’
gossipcop-3598077128,,About How Katie Holmes Is ‘ Trapped ’ And ‘ ’ t Let Go ’ Of Jamie Foxx Is True
gossipcop-5244144626,,Nicole Kidman Pregnant  Report
gossipcop-8856841965,www.express.co.uk/news/royal/962248/prince-william-royal-wedding-prince-harry-meghan-markle,‘My trousers are too tight!’ Prince William’s shock confession to Prince Harry
gossipcop-4208088113,www.celebsgo.com/watch/9860_3guPF1h8.html,IS WENDY WILLIAMS GOING TO REHAB?! :: CELEBSGO
gossipcop-4109187486,www.nationalenquirer.com/celebrity/lady-gaga-bradley-cooper-diet/,Lady Gaga Swigs Vinegar Diet For Bradley Cooper
gossipcop-5845005391,hollywoodlife.com/2017/12/19/gwen-stefani-proud-blake-shelton-voice-win-or-lose-surprise/,"Gwen Stefani Super Proud Of Blake Shelton & Win Or Lose, Has Romantic Surprise Planned"
gossipcop-4937511661,www.tmz.com/2017/06/18/beyonce-twins-born-minor-issue-hospital-jay-z/,"Beyonce Birth, Twins Still in the Hospital with 'Minor Issue'"
gossipcop-8409023093,kreolmagazine.com/culture/features/did-kim-kardashian-try-to-steal-beyonces-thunder/,Did Kim Kardashian try to steal Beyoncé’s thunder?
gossipcop-8852162770,www.mirror.co.uk/3am/celebrity-news/kim-kardashian-shares-adorable-video-12855805,Kim Kardashian shares adorable video of Saint and Chicago revealing their incredible sibling bond
gossipcop-908359730,www.dailymail.co.uk/tvshowbiz/article-4638124/Russell-Crowe-dating-Love-Child-s-Sophia-Forrest-22.html,Russell Crowe slams claims he's 'dating' Sophia Forrest
gossipcop-1942196966,globalnews.ca/news/4152522/taylor-swifft-stalker-arrested/,"Taylor Swift alleged stalker arrested with knife, rope outside singer’s home"
gossipcop-5835669275,,Jessica Chastain Wedding Photos Shamefully Published In Touch
gossipcop-9785680110,www.eonline.com/shows/kardashians/news/809577/move-over-kris-jenner-kim-kardashian-takes-over-as-kylie-khloe-kourtney-kendall-s-manager-while-their-mom-is-sick,"Move Over, Kris Jenner! Kim Kardashian Takes Over as Kylie, Khloe, Kourtney & Kendall's Manager While Their Mom Is Sick on Kardashians"
gossipcop-3645597267,www.girlfriend.com.au/kourtney-kardashian-blasts-khloe-on-kuwtk,Kourtney Kardashian blasts pregnant sister Khloé in new ep of 'KUWTK'
gossipcop-7813374501,,Jennifer Aniston  Courteney Cox Doing New TV Show Together  Report
gossipcop-9881862952,www.eonline.com/news/964273/how-anna-faris-and-chris-pratt-emerged-from-their-heartbreaking-divorce-unscathed-and-still-the-best-of-friends,How Anna Faris and Chris Pratt Emerged From Their Heartbreaking Divorce Unscathed and Still the Best of Friends
gossipcop-9206113345,,  Blake Shelton  Gwen Stefani Wedding Weeks Away Away 
gossipcop-5897290884,www.news.com.au/entertainment/music/calvins-ultimate-revenge-on-ex-taylor-swift/news-story/3ac88acabf8f09a8b946d2ae4ca9b751,Taylor Swift: Calvin Harris enlists Katy Perry to take revenge on ex
gossipcop-2029753949,en.wikipedia.org/wiki/Kris_Jenner,Kris Jenner
gossipcop-9527596713,hollywoodlife.com/2018/01/02/nicki-minaj-pregnant-nas-father-report/,Is Nicki Minaj Pregnant? New Report Claims She’s Expecting With Nas
gossipcop-4848478073,hollywoodlife.com/2018/06/12/selena-gomez-sing-about-justin-bieber-the-weeknd-new-album-heartfelt/,Will Selena Gomez Sing About Justin Bieber Or The Weeknd On Her Upcoming ‘Heartfelt’ Album?
gossipcop-7293862151,en.wikipedia.org/wiki/Jennifer_Lopez,Jennifer Lopez
gossipcop-7715825946,mashable.com/2018/03/28/dawsons-creek-reunion-katie-holmes-joshua-jackson-love/,Katie Holmes and Joshua Jackson looked VERY lovey dovey at that 'Dawson's Creek' reunion
gossipcop-1349893263,www.pinterest.co.uk/pin/489203578253799054/,Ellen DeGeneres Secretly Records Portia De Rossi Doing a Jane Fonda Workout
gossipcop-3854838751,variety.com/2018/tv/news/michael-strahan-sara-haines-good-morning-america-1202880388/,"Michael Strahan, Sara Haines Will Host ABC’s New ‘GMA’ Hour"
gossipcop-2179388246,www.dailymotion.com/video/x6qwxmu,New couple alert: Rob Pattinson & Suki Waterhouse
gossipcop-5638983400,www.smh.com.au/lifestyle/beauty/who-would-have-thought-kylie-would-be-the-most-successful-kardashian-20180712-p4zqyt.html,Who would have thought Kylie would be the most successful Kardashian?
gossipcop-2210180379,www.pinterest.co.uk/pin/16114511150097866/,"Kristen Stewart NOT Seeing Alicia Cargile Behind Stella Maxwell’s Back, Despite Report"
gossipcop-978739520,hollywoodlife.com/2018/01/12/britney-spears-marriage-kids-wants-baby-girl-boyfriend-sam-asghari/,Britney Spears Is A ‘Hopeless Romantic’ & Would Love To Marry & Have Baby Girl With BF Sam Asghari
gossipcop-7536015585,www.thesun.co.uk/tvandshowbiz/6922995/lamar-odom-turns-down-celebrity-big-brother-2018-khloe-kardashian/,Lamar Odom turns down massive payday to appear on Celebrity Big Brother and spill secrets of the Kardashians
gossipcop-5979697041,metro.co.uk/2018/04/10/paris-hilton-asks-fans-if-the-simple-life-should-return-after-confirming-nicole-richie-is-invited-to-wedding-7456149/,Paris Hilton and Nicole Richie reunite and ask fans if The Simple Life should return
gossipcop-9503033881,www.imdb.com/news/ni61487393,Riley Keough Sold Michael Jackson’s Gifts?
gossipcop-7261132889,www.express.co.uk/news/royal/995722/Thomas-Markle-Meghan-Markle-Prince-Harry-cut-him-off-paparazzi-scandal-Kensington-Palace,Royal silence! Thomas Markle claims Meghan has ‘CUT HIM OFF’ since paparazzi scandal
gossipcop-6537881170,okmagazine.com/photos/selena-gomez-wasting-away/,Wasting Away? Selena Gomez On A Mission To Be A Size Zero!
gossipcop-7445112152,www.theglobeandmail.com/arts/cameron-diaz-jim-carrey-ditch-reunion-movie-plans/article4111740/,"Cameron Diaz, Jim Carrey ditch reunion movie plans"
gossipcop-8686267368,www.etonline.com/cindy-crawford-shows-how-supermodel-swims-morning-dip-gif-91989,Cindy Crawford Shows How a Supermodel Swims With 'Morning Dip' GIF
gossipcop-9989228665,celebrityinsider.org/ben-affleck-divorce-reportedly-pushed-jennifer-garner-to-join-the-church-of-scientology-her-team-denies-it-55740/,Ben Affleck Divorce Reportedly Pushed Jennifer Garner To Join The Church Of Scientology – Her Team Denies It
gossipcop-2111229547,onairwithryan.iheart.com/featured/ryan-seacrest/content/2018-08-23-why-debra-messing-was-nervous-to-star-in-searching/,Why Debra Messing Was Nervous to Star in 'Searching'
gossipcop-8330888256,www.eonline.com/news/945727/the-truth-about-brad-pitt-and-angelina-jolie-s-divorce,The Truth About Brad Pitt and Angelina Jolie's Divorce
gossipcop-7480047450,www.usmagazine.com/celebrity-news/pictures/katie-holmes-and-jamie-foxx-a-timeline-of-their-relationship-w482707/,Katie Holmes and Jamie Foxx: A Timeline of Their Relationship
gossipcop-8137449994,en.wikipedia.org/wiki/Lisa_Kudrow,Lisa Kudrow
gossipcop-1131624656,www.upi.com/Entertainment_News/2014/07/14/Portia-de-Rossi-reportedly-recorded-fights-with-wife-Ellen-DeGeneres/4381405372425/,Portia de Rossi reportedly recorded fights with wife Ellen DeGeneres
gossipcop-4139011424,variety.com/2018/tv/news/michael-strahan-sara-haines-good-morning-america-1202880388/,"Michael Strahan, Sara Haines Will Host ABC’s New ‘GMA’ Hour"
gossipcop-2182023698,www.huffingtonpost.com/entry/chrissy-teigen-john-legend-phone-chargers_us_5a7c63e9e4b044b3821a25b5,Chrissy Teigen's Complaint About John Legend 'Is Marriage Summed Up In One Tweet'
gossipcop-3258225095,people.com/music/katy-perry-orlando-bloom-tokyo-tour-nickname/,Orlando Bloom Heads to Tokyo for Katy Perry's Tour Launch
gossipcop-5071479335,www.intouchweekly.com/posts/emma-watson-robert-pattinson-dating-149532,New Couple Emma Watson and Robert Pattinson Seemingly Go Public at 2018 Golden Globes (EXCLUSIVE)
gossipcop-8272133353,www.dailymail.co.uk/tvshowbiz/article-3946954/Andy-Cohen-recalls-Jennifer-Aniston-John-Mayer-s-awkward-run-claims-Friends-star-t-stand-ex-seven-years-split.html,Andy Cohen recalls Jennifer Aniston and John Mayer's 'awkward' run-in
gossipcop-2719250900,en.wikipedia.org/wiki/Courteney_Cox,Courteney Cox
gossipcop-5296746287,,Caitlyn Jenner Mom Dad
gossipcop-7827605676,www.ticketmaster.com/Jennifer-Lopez-tickets/artist/714748,Jennifer Lopez Tickets
gossipcop-5140770301,www.usmagazine.com/celebrity-news/pictures/kylie-jenner-and-travis-scott-relationship-timeline-w505074/,Kylie Jenner and Travis Scott: A Timeline of Their Relationship
gossipcop-2674343561,www.dailymail.co.uk/tvshowbiz/article-2738327/Orlando-Bloom-fans-pay-450-gain-exclusive-access-actor.html,Orlando Bloom fans can pay $450 to gain exclusive access to the actor
gossipcop-4647631061,www.salon.com/2015/07/22/the_inevitable_taylor_swift_backlash_begins_watching_the_critical_mad_love_crumble_right_on_schedule/,"The inevitable Taylor Swift backlash begins: Watching the critical mad love crumble, right on schedule"
gossipcop-3406705608,www.scmp.com/news/world/europe/article/2146295/meghan-markles-father-says-he-wants-walk-his-daughter-down-aisle,Meghan Markle’s father now says he will walk his daughter down the aisle – if he can make it to the UK
gossipcop-3118119197,www.usmagazine.com/celebrity-news/news/ozzy-osbourne-opens-up-about-cheating-on-sharon-osbourne-w503444/,Ozzy Osbourne Opens Up About Cheating on Sharon Osbourne
gossipcop-6033353322,www.newidea.com.au/meghan-markle-prince-harry-twins-confirmed,"Confirmed: Meghan & Harry - Yes, it's twins"
gossipcop-784370815,hollywoodlife.com/2016/11/23/ben-affleck-jennifer-garner-renew-vows-secret-ceremony/,Ben Affleck & Jennifer Garner Renew Their Vows In Intimate Ceremony With Kids
gossipcop-2315745010,hollywoodlife.com/2018/08/09/wilmer-valderrama-demi-lovato-engagement-rumors-overdose-marriage-proposal-truth/,Does Wilmer Valderrama Really Want To Marry Demi Lovato After Her Overdose? — The Truth
gossipcop-1656652339,www.nationalenquirer.com/photos/angelina-jolie-brad-pitt-child-custody/,Angelina Fleeing The Country With Brad’s Kids
gossipcop-7503120079,,Howard Stern Slams RadarOnline For Calling His Mom – Listen To Audio
gossipcop-9446264931,hollywoodlife.com/2017/07/30/george-clooney-magic-touch-twins-amal-parenting/,George Clooney Has A Magic Touch With Twins — He Sweetly Calms Them When Crying
gossipcop-1313702744,en.wikipedia.org/wiki/Margot_Robbie,Margot Robbie
gossipcop-2064470814,www.chicagotribune.com/entertainment/tv/ct-mov-how-we-talk-about-domestic-violence-movies-0216-story.html,When women are abused on screen — and how that shapes opinions about whose stories we believe in real life
gossipcop-75397952,www.elle.com/culture/celebrities/a19479151/miley-cyrus-liam-hemsworth-secret-wedding-planning/,Miley Cyrus Planning the Most Secret Wedding to Liam Hemsworth
gossipcop-9347617334,www.usmagazine.com/celebrity-news/news/tom-cruise-reportedly-hasnt-seen-daughter-suri-in-years-w434605/,Tom Cruise Reportedly Hasn’t Seen Daughter Suri in ‘About Three Years’
gossipcop-6615909910,marriedbiography.com/dating-affair-kristen-stewart-stella-still-happening-despite-rumors-split/,"Dating affair between Kristen Stewart and Stella are still happening, despite a Rumors of them about the split – Married Biography"
gossipcop-3614016027,thehill.com/blogs/blog-briefing-room/news/343915-caitlyn-jenner-to-trump-what-happened-to-your-promise-to-fight,Caitlyn Jenner to Trump: What happened to your promise to fight for LGBT Americans?
gossipcop-718593344,www.eonline.com/news/898058/inside-ben-affleck-and-matt-damon-s-enduring-friendship-how-they-survived-scandal-heartbreak-and-tabloid-fodder,"Inside Ben Affleck and Matt Damon’s Enduring Friendship: How They Survived Scandal, Heartbreak and Tabloid Fodder"
gossipcop-7970106197,hollywoodlife.com/2018/07/31/are-justin-bieber-hailey-baldwin-married-wedding-band-photo-engagement-ring/,Are Justin Bieber & Hailey Baldwin Already Married?: Is She Wearing A Wedding Band?
gossipcop-3507938806,www.foxnews.com/entertainment/2017/07/12/donald-trump-jr-releases-email-exchange-celebrities-on-twitter-react.html,Donald Trump Jr. releases email exchange: Celebrities on Twitter react
gossipcop-4778714585,gulfnews.com/life-style/celebrity/hollywood/selena-gomez-terrified-of-recording-new-album-1.2220091,Selena Gomez ‘terrified’ of recording new album
gossipcop-5783906469,www.imdb.com/title/tt0112461/,The Basketball Diaries (1995)
gossipcop-165933944,www.telegraph.co.uk/news/2017/08/22/hollywood-bollywood-gender-pay-gap-revealed-highest-paid-actress/,Hollywood gender pay gap revealed: Find out who are the highest paid stars
gossipcop-8959991452,www.thesun.co.uk/tvandshowbiz/3375378/kourtney-kardashian-boyfriend-younes-bendjima-children/,"How old is Kourtney Kardashian, has she split from Younes Bendjima and how many children does she have?"
gossipcop-9978570585,metro.co.uk/2018/01/15/pregnant-kylie-jenner-travis-scott-spending-much-needed-quality-time-together-birth-first-baby-7229715/,Kylie Jenner and Travis Scott spending quality time together 'before birth of first baby'
gossipcop-3244395235,www.eonline.com/videos/238500/rebecca-ferguson-reveals-her-teenage-crush,Rebecca Ferguson Reveals Her Teenage Crush
gossipcop-8046229859,www.harpersbazaar.com/uk/celebrities/news/a19871290/rachel-weisz-daniel-craig-marriage/,Rachel Weisz and Daniel Craig have the most interesting love story
gossipcop-3393869597,en.wikipedia.org/wiki/Everything_Is_Love,Everything Is Love
gossipcop-2731725465,www.hollywoodreporter.com/live-feed/reese-witherspoon-jennifer-aniston-apple-drama-replaces-showrunners-1099570,Reese Witherspoon-Jennifer Aniston Apple Drama Replaces Showrunners
gossipcop-3096296376,www.kinggossip.com/gossip-rumors/celebrities-react-donald-trump-press-conference-speech-bashing-media-bragging-about-administration-gossip-cop/,"Celebrities React: Donald Trump Press Conference Speech Bashing Media, Bragging About Administration – Gossip Cop"
gossipcop-3826226036,people.com/tv/leah-remini-scientology-accused-me-of-ruining-tom-cruises-wedding/,Leah Remini Says Scientology Accused Her of 'Ruining' Tom Cruise's Wedding with Her 'Horrible Behavior'
gossipcop-9628489698,www.usmagazine.com/celebrity-news/news/prince-harry-meghan-markle-were-exhausted-in-this-wedding-photo/,"Prince Harry, Meghan Markle Were ‘Exhausted’ in This Wedding Photo"
gossipcop-7525078846,www.clipzui.com/video/q2m4o4b3n445y30406l5s4.html,Beyonce & Jay-Z Betrayed By Solange Knowles After Modelling With Kanye West?
gossipcop-7499447250,www.tmz.com/person/tarek-el-moussa/,"Tarek El Moussa News, Pictures, and Videos"
gossipcop-5525957899,radaronline.com/exclusives/2018/05/tristan-thompson-controlling-demands-khloe-kardashian-cheating-scandal/,Tristan Slaps Khloe With Nasty List Of Demands As She Decides To Stay In Toxic Relationship
gossipcop-6653006581,marriedbiography.com/caitlyn-jenner-dating-someone-name-linked/,"Is Caitlyn Jenner dating someone; Fake story of affair of Caitlyn Jenner and Boxer Yusaf Mack, Scroll to read the spicy story of these two – Married Biography"
gossipcop-7694435947,ew.com/movies/2017/07/22/john-heard-dead-celebrities-react/,John Heard dead: Celebrities pay tribute
gossipcop-8249025638,pagesix.com/2016/10/25/taylor-kinney-has-a-new-girlfriend-post-lady-gaga-split/,Taylor Kinney has a new girlfriend after Lady Gaga split
gossipcop-301946773,www.imdb.com/news/ni61467805,Kim Kardashian Having Plastic Surgery To Cure Cankles?
gossipcop-1241528475,www.nationalenquirer.com/celebrity/david-letterman-retired-host-risks-fortune-gambling-obsession/,David Letterman: Retired Host Risks Fortune On Gambling Obsession
gossipcop-6317178702,,Celebrity Reactions  Ralphie May Dead
gossipcop-1714394663,www.ibtimes.co.in/kate-middletons-pregnancy-spoiled-prince-harry-meghan-markle-engagement-wedding-plans-742788,Kate Middleton's pregnancy spoiled Prince Harry Meghan Markle engagement and wedding plans?
gossipcop-1105344661,www.ibtimes.com/truth-about-jennifer-garner-ben-affleck-planning-renew-wedding-vows-2712787,"Truth About Jennifer Garner, Ben Affleck Planning To Renew Wedding Vows"
gossipcop-4709511106,www.wattpad.com/92882628-nicki-minaj%27s-daughter-again,Nicki Minaj's Daughter
gossipcop-3168065451,www.usmagazine.com/celebrity-news/news/gwen-stefani-and-blake-shelton-put-baby-wedding-plans-on-hold/,"Gwen Stefani and Blake Shelton Put Baby, Wedding Plans on Hold"
gossipcop-4569239268,people.com/music/kim-kardashian-absolutely-worried-kanye-west-defend-him-publicly/,Kim Kardashian West Will Publicly Defend Kanye West 'to the End': Source
gossipcop-1385937069,en.wikipedia.org/wiki/Liam_Hemsworth,Liam Hemsworth
gossipcop-141965938,www.thehollywoodgossip.com/2017/07/brad-pitt-partying-at-nightclubs-as-friends-fear-relapse/,Brad Pitt: Partying at Nightclubs as Friends Fear Relapse
gossipcop-9512010965,www.celebitchy.com/534331/beyonces_rep_slams_reports_that_beyonces_lips_are_not_all-natural_preggo-lips/,Beyonce’s rep slams reports that Beyonce’s lips are not all-natural preggo-lips
gossipcop-573344559,stylecaster.com/beyonce-pregnant-fourth-child-video/,This Video Is Making Fans Think Beyoncé Is Pregnant with Her Fourth Child
gossipcop-9976380247,www.cheatsheet.com/entertainment/why-jamie-foxx-and-katie-holmes-still-refuse-to-talk-about-their-relationship.html/,Why Jamie Foxx and Katie Holmes Still Refuse to Talk About Their Relationship
gossipcop-6445971890,,Celebrities React  Anthony Rapp Reveals Kevin Spacey Made Sexual Advance On Him At 14
gossipcop-1994380875,celebrityinsider.org/did-amal-clooney-really-ban-george-from-their-bedroom-69046/,Did Amal Clooney Really Ban George From Their Bedroom?
gossipcop-6331772162,www.tmz.com/2017/09/15/rosie-odonnell-ex-wife-michelle-rounds-dead-suicide/,Rosie O'Donnell's Ex-Wife Michelle Rounds Dead at 46 of Apparent Suicide
gossipcop-5977786433,radaronline.com/photos/ben-affleck-feud-jennifer-garner-son-basketball-game-blowout/,Ben Affleck & Jennifer Garner Breakout Into Blowout Fight At Son's Game
gossipcop-5354457854,www.cynopsis.com/051917-industry-reacts-to-death-of-roger-ailes-snl-vet-heads-for-earlier-pastures-catherine-zeta-jones-turns-to-drugs-for-lifetime-movie/,05/19/17: Industry weighs in on shocking death of former Fox News chief
gossipcop-3387627768,marriedbiography.com/ashton-kutcher-and-mila-kunis-announce-their-divorce-reason-jealousy-in-their-married-life-career/,"Ashton Kutcher and Mila Kunis Announce Their Divorce, Reason: Jealousy in their married life, career… – Married Biography"
gossipcop-9858685459,www.pinterest.co.uk/pin/78179743515812316/,Ashley Benson steps out for stroll with pal Kristen Stewart in NYC
gossipcop-2817863987,abcnews.go.com/Primetime/story?id=132445&page=1,Paltrow Not Surprised at J.Lo-Affleck Drama
gossipcop-9616140776,hollywoodlife.com/2018/03/08/are-katy-perry-orlando-bloom-married-eloped-prague-secret-wedding/,Did Katy Perry & Orlando Bloom Elope In Prague? Friends Reportedly Buzzing That They’re Married
gossipcop-7233490383,www.newidea.com.au/meghan-markle-prince-harry-twins-confirmed,"Confirmed: Meghan & Harry - Yes, it's twins"
gossipcop-5005089195,www.hotnewhiphop.com/jamie-foxx-and-katie-holmes-are-still-together-despite-breakup-rumors-news.53894.html,Jamie Foxx & Katie Holmes Are Still Together Despite Breakup Rumors
gossipcop-9014768558,www.celebdirtylaundry.com/2017/jamie-dornan-dakota-johnson-fifty-shades-darker-sex-scenes-horrible-reshoot-film-bad-in-bed/,"Jamie Dornan, Dakota Johnson Horrible In Bed: Forced To Reshoot Entire ‘Fifty Shades Darker’ – Sex Scenes Were Catastrophic!"
gossipcop-9180203998,www.bravotv.com/personal-space/prince-harry-and-meghan-markle-want-babies-right-away,Prince Harry and Meghan Markle Want Babies “Right Away”
gossipcop-5763931301,www.msn.com/en-us/movies/celebrity/morgan-freeman-said-hillary-clinton-e2-80-9cbelongs-in-prison-e2-80-9d/ar-AAueJWK,Morgan Freeman Said Hillary Clinton “Belongs In Prison”?
gossipcop-2705852570,www.nydailynews.com/news/national/kim-kardashian-bound-begging-life-paris-robbery-article-1.2815551,"Kim Kardashian was bound, gagged and begging for life during Paris jewelry robbery"
gossipcop-4901134976,en.wikipedia.org/wiki/Joel_Madden,Joel Madden
gossipcop-9241303470,www.elle.com/culture/celebrities/a22329804/kourtney-kardashian-younes-bendjimas-instagram-comment-reaction-report/,How Kourtney Kardashian Really Felt About Younes Bendjima's 'Impulsive' Instagram Comment
gossipcop-6437882281,www.wonderwall.com/news/pregnant-miranda-kerr-has-reportedly-already-spent-250k-nursery-3010942.article,Pregnant Miranda Kerr has reportedly already spent $250k on nursery
gossipcop-4885635669,www.newidea.com.au/inside-brad-pitt-and-jennifer-aniston-romantic-honeymoon,Inside Brad and Jen’s romantic honeymoon
gossipcop-7023055459,www.elle.com/culture/celebrities/a12115489/selena-gomez-and-the-weeknd-relationship-timeline/,Everything That Happened in Selena and Abel Tesfaye's Dating Relationship
gossipcop-1529722227,www.harpersbazaar.com/celebrity/latest/a20094731/meghan-markle-engagement-ring-cost/,How Much Does Meghan Markle's Engagement Ring Cost?
gossipcop-3836297244,www.newidea.com.au/jennifer-aniston-confronts-justin-theroux-lover-emma-stone,US REPORT: Jennifer Aniston confronts Justin Theroux's lover Emma Stone
gossipcop-6519223126,www.usmagazine.com/celebrity-news/news/jennifer-lawrence-says-mother-led-to-darren-aronofsky-split/,Jennifer Lawrence Says ‘Mother!’ Led to Darren Aronofsky Split
gossipcop-3448636303,time.com/5040781/megyn-kelly-matt-lauer-fired/,Megyn Kelly Reacts to NBC Firing Today Show's Matt Lauer
gossipcop-2019733185,metro.co.uk/2018/02/17/brad-pitt-hasnt-reached-jennifer-aniston-amid-marriage-breakdown-justin-theroux-7320748/,Brad Pitt 'hasn't reached out to Jennifer Aniston' about marriage woes
gossipcop-6036776411,,Barbra Streisand NOT Mentoring Justin Bieber  Despite Report
gossipcop-4074882984,radaronline.com/exclusives/2018/06/ben-affleck-sells-mansion-pay-divorce-jennifer-garner/,Sold! Ben Dumps Assets To Pay Off Jen
gossipcop-4541624536,www.newson6.com/story/20998327/police-arrest-2-brothers-for-fairmont-terrace-quadruple-murder,Police Arrest 2 Brothers For Murders Of 4 Women At Fairmont Terrace Apartments
gossipcop-5728083464,hollywoodlife.com/2018/03/13/ariana-grande-big-sean-cheating-rumors-jhene-aiko/,Ariana Grande Wasn’t ‘Surprised’ To Hear Big Sean Cheating Rumors
gossipcop-20216430,www.nj.com/sports/index.ssf/2017/07/trouble_in_paradise_yankees_alex_rodriguez_jennife.html,"Trouble in paradise? Ex-Yankee Alex Rodriguez, Jennifer Lopez wedding on the rocks, report says"
gossipcop-8142169539,babe.net/2017/11/17/justin-bieber-apparently-wrote-a-love-bible-about-selena-gomez-and-its-sweet-but-super-weird-21596,"Justin Bieber apparently wrote a ‘Love Bible’ about Selena Gomez, and it’s sweet but super weird"
gossipcop-7787641977,radaronline.com/exclusives/2017/06/ben-stiller-paranoia-leads-to-divorce/,Insecure Ben Stiller’s Extreme Paranoia Leads To Divorce
gossipcop-1680756957,hollywoodlife.com/2017/09/14/justin-bieber-selena-gomez-kidney-transplant-surgery/,Why Justin Bieber Had No Idea Selena Gomez Had A Kidney Transplant
gossipcop-4930780559,radaronline.com/photos/justin-theroux-steals-jennifer-aniston-best-friend-chris-mcmillan/,Ultimate Betrayal! Jennifer Aniston’s BFF Is Still Hanging With Justin Theroux
gossipcop-2088192726,people.com/celebrity/nina-agdal-christie-brinkley-son-jack/,Are Nina Agdal and Jack Brinkley Cook Dating?
gossipcop-2343200806,hollywoodlife.com/2018/03/22/jennifer-aniston-brad-pitt-secret-meetings-planned-george-clooney-relationship/,Jennifer Aniston & Brad Pitt Reportedly Have Secret Late-Night Meetings Set Up By George Clooney
gossipcop-9363320839,hollywoodlife.com/2018/03/09/sofia-richie-scott-disick-obsession-kourtney-kardashian-younges-bendjima/,Sofia Richie Fed Up with Scott Disick’s Obsession With Kourtney: Can’t Take Much More – Source
gossipcop-1860207757,www.thewrap.com/caitlyn-jenner-experienced-sex-change-regret-might-de-transition-biographer-says/,"Caitlyn Jenner Experienced ‘Sex Change Regret,’ Might De-Transition, Biographer Says"
gossipcop-4475669420,www.washingtonpost.com/lifestyle/inside-melania-trumps-complicated-white-house-life-separate-schedules-different-priorities/2018/05/06/60f6f07e-4703-11e8-9072-f6d4bc32f223_story.html,"Inside Melania Trump’s complicated White House life: Separate schedule, different priorities"
gossipcop-3967904178,www.yahoo.com/entertainment/gwen-stefanis-instagram-shuts-blake-shelton-breakup-rumors-165608305.html,How Gwen Stefani's Instagram shuts down Blake Shelton breakup rumors — over and over again
gossipcop-1788272839,www.forbes.com/sites/natalierobehmed/2017/01/08/golden-globes-2017-full-list-of-winners/,Golden Globes 2017: Full List Of Winners
gossipcop-5729276364,people.com/movies/jamie-foxx-not-worried-katie-holmes-relationship-rumors-source/,Jamie Foxx 'Doesn’t Seem Worried' by Katie Holmes Relationship Rumors on 'Guys' Weekend': Source
gossipcop-5011920383,www.parentstv.org/PTC/news/release/2008/1217.asp,PTC Analysis of YouTube Finds Explicit Content is One Click Away from Children
gossipcop-9569985999,people.com/movies/harvey-weinstein-concerned-about-family-ahead-of-arrest/,Harvey Weinstein 'More Concerned' About His Family Than Himself Ahead of Arrest: Source
gossipcop-3633673086,www.journalpost.com/entertainment/celeb/jennifer-lopez-marriage/,"Jennifer Lopez speaks out about the future, marriage and the very real impact of positive mantras"
gossipcop-2903554487,www.dailymail.co.uk/wires/afp/article-6109843/Myanmar-dam-overflow-floods-100-villages.html,Myanmar dam overflow displaces thousands
gossipcop-8165397612,www.etonline.com/jennifer-aniston-is-casually-dating-after-split-from-justin-theroux-105601,Jennifer Aniston Is 'Casually Dating' After Split From Justin Theroux
gossipcop-1188816168,www.eonline.com/news/907230/justin-bieber-s-mom-defends-him-in-light-of-disapproval-from-selena-gomez-s-mother,Justin Bieber's Mom Defends Him in Light of Disapproval From Selena Gomez's Mother
gossipcop-2862456586,perezhilton.com/2018-02-21-taylor-swift-joe-alwyn-home-five-star-restaurants/,Taylor Swift Has Supposedly Set Up Five-Star Restaurants In Her Homes For Romantic Dinners With BF Joe Alwyn!
gossipcop-4221051764,,  Justin Bieber   Selena Gomez NOT Talking Marriage Talking Marriage Or Starting Family Despite Report
gossipcop-3029477153,www.pinkvilla.com/entertainment/news/angelina-jolie-has-dirt-diary-about-brad-pitt-s-boozingviolent-rages-and-volatile-behavior-source-claims-418805,"Angelina Jolie has a ‘dirt diary’ about Brad Pitt’s boozing,violent rages and volatile behavior, source claims"
gossipcop-3178847561,www.foxnews.com/entertainment/2017/04/22/2020-recap-caitlyn-jenner-confirms-underwent-final-surgery-in-gender-reassignment.html,'20/20' Recap: Caitlyn Jenner confirms she underwent 'final surgery' in gender reassignment
gossipcop-2874033235,www.dailymail.co.uk/tvshowbiz/article-5465943/Kourtney-Kardashian-deletes-Insta-unfollowing-toy-boy-Younes.html,Kourtney Kardashian deletes Instagram after unfollowing Younes
gossipcop-3212605742,www.dailymail.co.uk/femail/article-5651287/Will-Harry-Meghan-JOINT-stag-hen-do.html,Prince Harry and Meghan Markle planning joint stag and hen do
gossipcop-5631139432,1037theq.iheart.com/featured/iheartradio-countdown/content/2017-06-05-miley-cyrus-thanks-mike-will-made-it-on-fourth-anniversary-of-we-cant-stop/,Miley Cyrus Thanks Mike Will Made-It On Fourth Anniversary Of 'We Can’t Stop'
gossipcop-3072780736,,Kelsey Grammer Off Wagon Food Binge Fiction
gossipcop-1260669047,,Taylor Swift About Career  Losing Fans 
gossipcop-8357440556,extratv.com/2017/10/03/pics-o-j-simpsons-kids-spotted-in-the-days-following-his-release-from-prison/,O.J. Simpson’s Kids Spotted in the Days Following His Release from Prison
gossipcop-3098346462,people.com/tv/ellen-degeneres-portia-de-rossi-nine-year-wedding-anniversary-tribute/,Ellen DeGeneres and Portia de Rossi Exchange Loving Anniversary Tributes in Celebration of Nine Years of Marriage
gossipcop-6813792423,www.complex.com/music/2018/01/joey-fatone-shuts-down-rumors-nsync-reunion,Joey Fatone Denies Rumors of *NSYNC Reunion at Super Bowl
gossipcop-6899501174,tenor.com/view/selena-gomez-excited-what-gif-7520471,Selena Gomez Excited GIF
gossipcop-7083026464,,Noah Cyrus  Austin Mahone Dating  Report
gossipcop-2326214787,hollywoodlife.com/2017/08/08/the-weeknd-wants-have-babies-selena-gomez-girl/,"The Weeknd Would Love To Have Babies With Selena Gomez, Especially A Little Girl"
gossipcop-8193984199,www.newidea.com.au/jennifer-aniston-dodges-question-about-justin-theroux-during-interview-with-ellen-degeneres,Jennifer Aniston’s emotional interview after split from Justin
gossipcop-4156583912,www.happylandings.club/beyonce-gave-jay-z-marriage-five-rules/,Did Beyonce Gave Jay-Z Marriage five Rules?
gossipcop-1836357490,www.msn.com/en-my/news/other/new-channing-tatum-mermaid-story-is-fishy/ar-AAt5rrg,New Channing Tatum Mermaid Story Is Fishy
gossipcop-2595922573,people.com/movies/channing-tatum-having-hard-time-jenna-dewan-split-big-adjustment/,Channing Tatum Having a 'Hard' Time with Jenna Dewan Split: It's a 'Big Adjustment'
gossipcop-5627872766,comicbook.com/dc/2017/08/19/wonder-woman-2-cast-charlize-theron/,Could Charlize Theron Get A Role In 'Wonder Woman 2'?
gossipcop-4088675113,dlisted.com/tag/justin_theroux/page/2/,Be Very Afraid
gossipcop-8559275084,nypost.com/2000/07/24/mom-bares-her-soul-on-meg-of-her-heart-hopes-rift-is-healed-by-actress-split-with-quaid/,MOM BARES HER SOUL ON MEG OF HER HEART – HOPES RIFT IS HEALED BY ACTRESS’ SPLIT WITH QUAID
gossipcop-9848045916,www.bravotv.com/the-daily-dish/kim-kardashian-kanye-west-holiday-photo-2016,Kanye West's Holiday Photo with Kim Kardashian and Their Kids Looks More Somber Than Joyful
gossipcop-868767427,hollywoodlife.com/2018/03/15/josh-duhamel-responds-jennifer-garner-dating-rumors-relationship-divorce-interview/,Josh Duhamel Gushes Over Jennifer Garner After Dating Rumors: ‘She’s An Incredible Woman’
gossipcop-1670598693,people.com/tv/kylie-jenner-and-travis-scott-relationship-timeline/,From Welcoming a Baby Together to Their Joint GQ Cover: Inside Kylie Jenner & Travis Scott's Whirlwind Romance
gossipcop-5358942275,www.bet.com/music/2017/04/04/beyonce-jay-z-rumors-anniversary.html,"9 Years, Stop It: The Craziest Rumors About Beyoncé and Jay Z Over the Years"
gossipcop-5744952795,www.womansday.com/life/entertainment/news/a60990/who-does-ryan-seacrest-date/,Ryan Seacrest Opens Up About Why He's Never Been Engaged
gossipcop-248661844,radaronline.com/videos/caitlyn-jenner-desperate-attempt-to-see-grandkids/,Baby Gifts Galore! Inside Caitlyn’s Desperate Attempt To Woo Back Kim & See Grandkids
gossipcop-9833718266,www.usmagazine.com/celebrity-news/news/kourtney-kardashian-and-younes-bendjima-split-after-nearly-two-years/,Kourtney Kardashian and Younes Bendjima Split After Nearly Two Years
gossipcop-4501631899,www.naughtygossip.com/goodbye/tom-cruise-has-become-a-recluse,Tom Cruise has become a recluse! - Naughty Gossip
gossipcop-9208934379,www.dailymail.co.uk/news/article-4746916/Kris-Jenner-s-fiance-says-sleeping-OJ-Simpson.html,Kris Jenner's fiance says she was sleeping with OJ Simpson
gossipcop-2964421045,pagesix.com/2018/05/11/alex-rodriguez-responds-to-jennifer-lopezs-proposal-hints/,Alex Rodriguez responds to Jennifer Lopez’s proposal hints
gossipcop-3776508422,www.nme.com/news/music/justin-bieber-selena-gomez-back-together-2246433,"It looks like Justin Bieber and Selena Gomez are back together, and their fans are losing it"
gossipcop-3999881528,www.dianalegacy.com/kate-middleton-had-pickles-delivered-to-kensington-palace-to-satisfy-pregnancy-craving/,Kate Had Pickles Delivered To Kensington Palace To Satisfy Pregnancy
gossipcop-9008626082,www.brides.com/story/demi-lovato-wilmer-valderrama-secret-wedding-engagement-rumors,Demi Lovato Finally Addresses Those Secret Marriage Rumors
gossipcop-7736049618,www.theguardian.com/tv-and-radio/2017/jan/28/gavin-rossdale-the-voice-gwen-stefani,"Gavin Rossdale: ‘If you divorce America's sweetheart, you're in trouble’"
gossipcop-8759074840,news.abs-cbn.com/entertainment/07/29/17/clooney-to-sue-french-magazine-over-images-of-twins,Clooney to sue French magazine over images of twins
gossipcop-8997245819,nypost.com/2018/04/08/how-tina-fey-messed-up-mean-girls-musical/,How Tina Fey messed up ‘Mean Girls’ musical
gossipcop-2490475291,hollywoodlife.com/2017/09/20/jessica-simpson-falls-down-heels-husband-catches-her-pics/,Jessica Simpson Stumbles & Nearly Falls Before Being Saved By Husband On Night Out — Pics
gossipcop-1589096459,hollywoodlife.com/2018/02/06/justin-bieber-selena-gomez-valentines-day-vacation-romantic-trip/,Justin Bieber & Selena Gomez Spotted Leaving For Romantic Pre-Valentine’s Day Vacation
gossipcop-8497150446,books.google.com/books?id=zCo2DgAAQBAJ&pg=PA123&lpg=PA123&dq=Celebrity+Pregnancies+Dominate+Covers&source=bl&ots=LChOEu5Kvq&sig=Bvj9mR0kGSRTPVnhIH_JypfHXOU&hl=en&sa=X&ved=2ahUKEwiJi56MgpjdAhXBjlQKHV1ZDZM4ChDoATAAegQIBBAB,From Happy Homemaker to Desperate Housewives: Motherhood and Popular Television
gossipcop-5939824224,ew.com/news/2017/09/05/celebrity-reactions-trump-ending-daca/,"Celebrities slam Trump decision to end DACA as 'callous,' 'disgusting,' and a 'grave mistake'"
gossipcop-8059550357,www.cosmopolitan.com/entertainment/celebs/a22625830/khloe-kardashian-boycotting-facetime-true/,Khloé Kardashian Is Boycotting FaceTime Because of Baby True and the Explanation Is Hilarious
gossipcop-5354396924,www.highsnobiety.com/2017/08/29/taylor-swift-game-of-thrones/,Has Taylor Swift Become the Cersei Lannister of Pop Music?
gossipcop-9332178798,latestgossipsite.125sites.com/brad-pitt-neri-oxman-designing-love-nest-together/,"» Brad Pitt, Neri Oxman Designing “Love Nest” Together?Gossip Site"
gossipcop-308867914,people.com/movies/brad-pitt-visited-his-genius-and-gorgeous-new-friend-professor-neri-oxman-at-mit-last-fall/,Brad Pitt Visited His 'Genius and Gorgeous' New Friend Professor Neri Oxman at MIT Last Fall
gossipcop-129798707,ew.com/movies/2017/02/26/bill-paxton-dead-celebrities-react/,"Tom Hanks, Charlize Theron, more stars pay tribute to Bill Paxton"
gossipcop-9489003614,perezhilton.com/2015-07-16-kylie-jenner-caitlyn-jenner-sad-emotional-difficult-time-transition-transgender,Kylie Jenner Reportedly An Emotional Wreck Following Caitlyn Jenner’s Transition
gossipcop-7319293593,www.digitalspy.com/showbiz/star-wars/news/a831049/star-wars-mark-hamill-mocks-death-hoax/,"Star Wars' Mark Hamill mocks his own death hoax: ""Truly a legend in his own mind"""
gossipcop-7283158323,www.newidea.com.au/jennifer-aniston-furious-as-friend-emma-stone-spotted-getting-cozy-with-justin-theroux,Jen's fury as Justin commits the ultimate betrayal
gossipcop-1475623156,www.imdb.com/news/ni61415859,Aaron Carter Worried About Past Gay Lovers Revealing Secrets Is Fake News
gossipcop-3060519673,www.dailymail.co.uk/tvshowbiz/article-3594019/Ryan-Gosling-says-quit-smokin-filming-Nice-Guys.html,Ryan Gosling says he quit smokin after filming The Nice Guys
gossipcop-6605956680,okmagazine.com/videos/jennifer-lopez-relationship-with-alex-rodriguez-is-over-if-he-does-this-video/,Jennifer Lopez Says Her Relationship With Alex Rodriguez 'Is Over' If He Does This One Thing
gossipcop-2658883454,people.com/politics/politicians-celebrities-react-to-trumps-supreme-court-justice-nominee/,Politicians and Celebrities React to Trump's Supreme Court Justice Nominee
gossipcop-4156673922,www.nova969.com.au/entertainment/comment-jlaw-has-fans-convinced-she-and-joel-edgerton-are-item,The comment from JLaw that has fans convinced she and Joel Edgerton are an item
gossipcop-5818928266,deadline.com/2018/06/johnny-depp-fraud-lawsuit-no-delay-rolling-stone-interview-1202415951/,Johnny Depp Loses Bid To Delay $25M Fraud Trial On Heels Of Train Wreck Rolling Stone Profile
gossipcop-4162142270,hollywoodlife.com/2018/07/10/blake-shelton-gwen-stefani-putting-off-engagement-reason-careers/,Blake Shelton & Gwen Stefani: Why They’re Putting Off An Engagement Despite Being In Love
gossipcop-8554430402,tasteofreality.com/is-heather-locklear-joining-rhobh/,Is Heather Locklear Joining RHOBH?!
gossipcop-8624257636,www.glamour.com/story/ryan-reynolds-responded-again-to-rumors-of-blake-lively-split,Ryan Reynolds Responded to Rumors He and Blake Lively Are Splitting With a Mom Joke
gossipcop-8221428510,people.com/tv/alec-baldwin-hilaria-anniversary-vow-renewal/,Alec Baldwin Accidentally Reveals Vow Renewal Plans with Wife Hilaria: 'I See What I Have and I'm Very Lucky'
gossipcop-3044409396,www.complex.com/music/2017/11/usher-20-million-lawsuit-dismissed-for-now,$20 Million Herpes Lawsuit Against Usher Has Been Dismissed
gossipcop-9612053767,www.irishmirror.ie/showbiz/celebrity-news/casey-afflecks-wife-summer-phoenix-10909320,"Casey Affleck's wife, Summer Phoenix, officially files for divorce from the Oscar winner"
gossipcop-4084135030,www.yogaesoteric.net/content.aspx?lang=EN&item=14910,YogaEsoteric :: Macaulay Culkin: ‘Satanic’ Hollywood Execs Ritually Murder Child Actors ::
gossipcop-9549141292,people.com/parents/jessica-alba-cash-warren-welcome-third-child-son-hayes/,Jessica Alba and Cash Warren Welcome Son Hayes Alba
gossipcop-6739447295,www.aceshowbiz.com/news/view/00097746.html,Kylie Jenner and PARTYNEXTDOOR Spotted 'Making Out' at Drake's Party
gossipcop-9286575789,screencrush.com/boondock-saints-tv-series-norman-reedus/,'Boondock Saints' TV Series on Norman Reedus Appearance
gossipcop-554917639,comicbook.com/dc/2018/06/14/aquaman-movie-nicole-kidman-jason-momoa-amber-heard/,'Aquaman' Movie Reveals First Look at Nicole Kidman as Atlanna
gossipcop-8734448038,celebrityinsider.org/blake-shelton-and-miranda-lambert-at-war-their-feud-is-nastier-than-fans-even-know-144114/,Blake Shelton And Miranda Lambert At War! Their Feud Is Nastier Than Fans Even Know
gossipcop-8801917000,www.latimes.com/entertainment/la-et-entertainment-news-updates-july-robert-pattinson-fka-1501088351-htmlstory.html,Robert Pattinson confirms he's 'kind of' engaged to singer FKA Twigs
gossipcop-4772953023,www.ok.co.uk/celebrity-news/1263478/scott-disick-desperate-kardashians-accept-girlfriend-sofia-richie-kourtney-kardashian-kuwtk,Scott Disick 'desperate for the Kardashians to accept Sofia Richie'
gossipcop-3824236400,en.wikipedia.org/wiki/Charles_Manson,Charles Manson
gossipcop-2599271422,people.com/music/carrie-underwood-mike-fisher-hits-back-split-rumors-never-better/,Carrie Underwood's Husband Mike Fisher Hits Back at Split Rumors: 'We've Never Been Better'
gossipcop-5823896005,pagesix.com/2018/03/23/christina-aguilera-outs-ex-boyfriend/,Christina Aguilera outs ex-boyfriend
gossipcop-9959829645,www.eonline.com/news/922233/inside-prince-harry-s-desperate-search-to-find-love,Inside Prince Harry's Desperate Search to Find Love
gossipcop-3071314990,www.inquisitr.com/4653927/angelina-jolie-the-shock-diet-causing-actress-to-lose-weight-amid-brad-pitt-divorce-drama/,Angelina Jolie: The Shock Diet Causing Actress To Lose Weight Amid Brad Pitt Divorce Drama
gossipcop-6516122558,fortune.com/2018/03/11/ryan-seacrest-sexual-harassment-allegations-american-idol/,How 'American Idol' Host Ryan Seacrest Escaped His Sexual Harassment Allegations Unscathed
gossipcop-1712346836,www.eonline.com/news/945772/kylie-jenner-travis-scott-and-stormi-take-family-trip-to-france,"Kylie Jenner, Travis Scott and Stormi Take Family Trip to France"
gossipcop-5772010660,www.msn.com/en-us/movies/celebrity/angelina-jolie-getting-%E2%80%9Crevenge%E2%80%9D-on-brad-pitt-jennifer-aniston/ar-BBJFvnT,"Angelina Jolie Getting “Revenge” On Brad Pitt, Jennifer Aniston?"
gossipcop-6817471718,www.mirror.co.uk/3am/celebrity-news/weird-marriage-rules-tom-cruise-11126495,Weird marriage rules Tom Cruise imposed on Katie Holmes: 'Silence during labour' and 'no public dating' after their split
gossipcop-5618846968,www.harpersbazaar.com/celebrity/latest/a22007333/katie-holmes-and-jamie-foxx-relationship-timeline/,A Complete Timeline of Katie Holmes and Jamie Foxx’s Rumored Relationship
gossipcop-3793457990,www.nytimes.com/interactive/2017/12/13/opinion/contributors/salma-hayek-harvey-weinstein.html,Opinion | Harvey Weinstein Is My Monster Too
gossipcop-5144752389,us.hola.com/en/celebrities/2018050711934/jennifer-lopez-alex-rodriguez-marc-anthony-miami-brunch/,Jennifer Lopez and Alex Rodriguez join Marc Anthony for brunch in Miami
gossipcop-8702463823,okmagazine.com/videos/angelina-jolie-divorce-party-brad-pitt/,"Bye, Brad! Angelina Jolie Throws A Divorce Party Post-Pitt"
gossipcop-7921077990,www.bravotv.com/watch-what-happens-live-with-andy-cohen/season-14/episode-84/videos/patti-lupone-on-glenn-close,"Watch Patti LuPone on Glenn Close, ‘Sunset Boulevard’"
gossipcop-8230458539,news.google.com/stories/CAAqYQgKIltDQklTUGpvSmMzUnZjbmt0TXpZd1NqRUtFUWlwM29uRmpJQU1FWjdZU3hoV0tRdDJFaHhMWVc1NVpTQlhaWE4wSjNNZ1dXVWdhWE1nWlc1cWIzbGhZbXhsS0FBUAE,Kanye West's Ye is enjoyable
gossipcop-7637947489,www.elitedaily.com/p/kendall-jenners-instagram-comment-about-scott-disick-sofia-richie-is-so-shady-8038538,Kendall Jenner’s Instagram Comment About Scott Disick & Sofia Richie Is So Shady
gossipcop-6634025418,www.plasticsurgerypeople.com/beyonce-plastic-surgery/,Beyonce's Plastic Surgery SECRETS? (Before & After Photos 2018)
gossipcop-6578816195,www.foxnews.com/entertainment/2018/06/26/nicole-kidman-on-one-thing-and-keith-urban-wont-do.html,Nicole Kidman on the one thing she and Keith Urban won't do
gossipcop-5130254143,www.intouchweekly.com/posts/julia-roberts-danny-moder-marriage-139676,Julia Roberts Makes a Desperate — and Expensive! — Move to Save Her Marriage With Danny Moder (EXCLUSIVE)
gossipcop-8258455486,www.elitedaily.com/p/kim-kardashians-tweet-about-kylie-jenners-forbes-cover-proves-shes-far-from-jealous-9739386,Kim Kardashian's Tweet About Kylie Jenner's 'Forbes' Cover Proves She's Far From Jealous
gossipcop-9938144731,www.cheatsheet.com/entertainment/jennifer-aniston-and-justin-theroux-the-real-reason-this-celebrity-couple-split-up.html/,Jennifer Aniston and Justin Theroux: The Real Reason This Celebrity Couple Split Up
gossipcop-1575659892,www.celebitchy.com/570385/enquirer_jennifer_garner_is_dating_a_lawyer_she_introduced_him_to_her_family/,"Enquirer: Jennifer Garner is dating a lawyer, she introduced him to her family"
gossipcop-4717531742,www.clipzui.com/video/d4r4t4o4z226h4o376k4e3.html,"Why Selena Gomez's Mom Called Justin Bieber ""Satan"""
gossipcop-2893204024,hollywoodlife.com/2018/03/14/khloe-kardashian-hospital-pregnancy-complications-baby-delivery-scare/,Khloe Kardashian Reportedly Rushed To Hospital With Pregnancy Complications — Is She Ok?
gossipcop-5334339357,abcnews.go.com/culture/story/prince-harry-meghan-markles-royal-wedding-53312776,Everything you need to know about Prince Harry and Meghan Markle's royal wedding
gossipcop-2267083763,www.newidea.com.au/us-report-claims-meghan-markle-and-kate-middleton-are-both-expecting-a-baby,US report claims Meghan Markle and Kate Middleton are both expecting a baby
gossipcop-7001874858,www.newsweek.com/video-barack-and-michelle-obama-cut-loose-beyonce-and-jay-z-concert-1047800,Video: Barack and Michelle Obama Cut Loose At Beyonce and Jay-Z Concert
gossipcop-9927326157,www.newidea.com.au/jennifer-aniston-dumped-by-justin-theroux,US report: Jennifer Aniston 'dumped on her 49th birthday'
gossipcop-3009176447,www.intouchweekly.com/posts/alex-rodriguez-cheated-on-jennifer-lopez-153623,Jennifer Lopez Is Questioning Her Future With A-Rod After Cheating Allegations (EXCLUSIVE)
gossipcop-7891219893,radaronline.com/exclusives/2017/01/bobby-brown-medical-crisis-drug-use/,Whitney’s Ex Bobby Brown Cheats Death — Loses 80% Of His Blood In Harrowing Medical Crisis!
gossipcop-8960795420,hollywoodlife.com/2018/01/17/scott-disick-sofia-richie-sex-life-adventurous-kourtney-kardashian/,Scott Disick & Sofia Richie Enjoy ‘Adventurous’ Sex: More Chemistry Than He Had With Kourtney
gossipcop-8673453390,www.kimkardashianwest.com/,Kim Kardashian Brand
gossipcop-3014483144,www.wetpaint.com/life-of-kylie-season-1-ratings-kris-jenner-kardashians-1615024/,Kris Jenner Asks Kardashian Sisters to Save Failing ‘Life of Kylie’ — Report
gossipcop-180345132,www.click2houston.com/entertainment-tonight/jennifer-lopez-and-alex-rodriguez-visit-his-old-stomping-ground-at-yankee-stadium-see-the-pic,Jennifer Lopez and Alex Rodriguez Visit His Old Stomping Ground at Yankee Stadium -- See the Pic!
gossipcop-5816677908,www.hollywoodreporter.com/news/kate-hudson-is-expecting-a-third-child-shes-a-girl-1100541,Kate Hudson Reveals She Is Pregnant With Third Child
gossipcop-9632959693,radaronline.com/photos/david-foster-katharine-mcphee-dating-relationship-romance-fake-photos/,"Desperate Showmance! David Foster & Katharine McPhee ‘Staging’ Romance, Source Claims"
gossipcop-4084108386,hollywoodlife.com/2018/02/01/selena-gomez-pissed-charlie-puth-public-dating/,Selena Gomez Pissed Charlie Puth Went Public With Romance: She Wants Dating Life ‘Under Wraps’
gossipcop-8860079359,www.intouchweekly.com/posts/robert-pattinson-dating-multiple-women-153350,"Sorry, Katy Perry — Robert Pattinson Is Dating Multiple Women (EXCLUSIVE)"
gossipcop-166090243,www.nowtolove.com.au/celebrity/celeb-news/keith-urban-angry-over-nicole-kidman-emmys-kiss-41222,Keith Urban angry over Nicole Kidman Emmys kiss
gossipcop-2679027715,www.rollingstone.com/music/music-news/ed-sheeran-weighs-in-on-taylor-swift-katy-perry-feud-193568/,"Ed Sheeran Weighs In on Taylor Swift, Katy Perry Feud"
gossipcop-3893905315,books.google.com/books?id=Bl4EAAAAMBAJ&pg=PA66&lpg=PA66&dq=Chris+Martin+Racing+Gwyneth+Paltrow+To+The+Altar+?&source=bl&ots=omptgNKtWG&sig=I249KNBVygCP5KDplY42KLbV_bs&hl=en&sa=X&ved=2ahUKEwiSm8u7tJbdAhVjMXwKHSbrCPY4ChDoATABegQICRAB,Los Angeles Magazine
gossipcop-5880399600,people.com/music/mariah-carey-bryan-tanaka-kiss-date-back-together/,Back On? Mariah Carey Spotted Kissing Bryan Tanaka After Posting Sweet Flashback Photo
gossipcop-8370550947,www.dailymail.co.uk/tvshowbiz/article-4265366/Liev-Schreiber-hugs-Minnie-Driver-s-sister-Oscars-party.html,Liev Schreiber hugs Minnie Driver’s sister at Oscars party
gossipcop-2758755086,www.intouchweekly.com/tags/miley-cyrus-11730,"Miley Cyrus - Latest News, Photos and Videos"
gossipcop-3599406074,people.com/movies/brad-pitt-angelina-jolie-what-new-ruling-means/,What the New Ruling Means in the Brad Pitt and Angelina Jolie Custody Case
gossipcop-1266666545,www.irishtimes.com/culture/film/dwayne-johnson-can-the-rock-save-hollywood-1.3561533,Dwayne Johnson: Can ‘The Rock’ save Hollywood?
gossipcop-7015125430,www.girlfriend.com.au/gigi-hadid-warns-anwar-hadid-about-kendall-jenner,Gigi Hadid warns Anwar Hadid about Kendall Jenner
gossipcop-8433113131,www.ibtimes.com/meghan-marke-prince-harrys-marriage-not-rocks-after-royal-wedding-2693453,"Meghan Marke, Prince Harry's Marriage Not On The Rocks After Royal Wedding"
gossipcop-4990044405,www.irishmirror.ie/showbiz/celebrity-news/cara-delevingne-deleted-storm-models-5986712,Cara Delevingne DELETED from Storm Models website after 'ditching the agency to focus on acting'
gossipcop-6650664760,radaronline.com/photos/the-voice-blake-shelton-kelly-clarkson-feud-fighting-backstage-photos/,‘The Voice’ War! Inside Blake Shelton & Kelly Clarkson’s Explosive Backstage Feud
gossipcop-3625228468,www.newidea.com.au/brad-and-ange-back-together,Brad and Ange back together
gossipcop-1363170506,pagesix.com/2017/10/31/the-text-that-changed-everything-between-j-lo-and-a-rod/,The text that changed everything for J.Lo and A-Rod
gossipcop-6286005813,en.wikipedia.org/wiki/Tyga,Are Travis Scott And Kylie Jenner Married 
gossipcop-3596540830,www.thewrap.com/seth-rogen-tried-to-make-kim-jong-un-adorable-in-the-interview/,Seth Rogen Tried to Make Kim Jong-un ‘Adorable’ in ‘The Interview’
gossipcop-8391326682,www.imdb.com/news/ni61438976,"Jennifer Lopez Did Not Get Boob Job, Despite Report"
gossipcop-2303457681,ew.com/tv/2018/01/29/shannen-doherty-charmed-reboots/,"Shannen Doherty on Charmed reboot's 'terrible, offensive' description"
gossipcop-5280362505,news.google.com/stories/CAAqWQgKIlNDQklTT0RvSmMzUnZjbmt0TXpZd1Npc0tFUWl6M3BQQmpJQU1FWGYxZ2E1bFU3WENFaFpDY205a2VTQktaVzV1WlhJbmN5QjNaV1JrYVc1bktBQVAB,Brody Jenner's wedding
gossipcop-6060999047,xxlmag.com/sitemap.xml.gz,Kim Kardashian  Kanye West Buying Bigger Mansion To Outdo Beyonce  JayZ 
gossipcop-59586871,fortune.com/2018/07/13/meghan-markle-aritzia-earnings/,Aritzia Says Meghan Markle Boosted Earnings; Will It Last?
gossipcop-5832793600,www.imdb.com/news/ni61470409,"Robert Pattinson, Kristen Stewart Buzz Cuts Pit Against Each Other In HollywoodLife Clickbait"
gossipcop-5177801843,hollywoodlife.com/2018/06/29/gwen-stefani-blake-shelton-kissing-las-vegas-show-pics/,Gwen Stefani & Blake Shelton Kiss On The Lips In Their Most PDA-Filled Pics Ever
gossipcop-7619515750,people.com/movies/katie-holmes-jamie-foxx-nyc-date-night-tao/,N.Y.C. Night Out! Jamie Foxx and Katie Holmes Grab Dinner in the Big Apple After Split Rumors
gossipcop-6143577855,www.womansworld.com/posts/meghan-markle-baby-shower-163579,Why Meghan Markle Won't Be Able to Have a Baby Shower
gossipcop-9472969256,www.celebdirtylaundry.com/2017/kelly-ripa-jealous-of-michael-strahans-ratings-success-on-the-100000-pyramid-game-show/,"Kelly Ripa Jealous Of Michael Strahan’s Ratings Success On The $100,000 Pyramid Game Show?"
gossipcop-1769520881,www.businessinsider.com/trump-relationship-with-oprah-winfrey-2018-1,Trump has a long and warm relationship with Oprah that helped springboard his presidential ambitions
gossipcop-3083904320,us.blastingnews.com/showbiz-tv/2017/06/is-drake-jealous-of-rihannas-new-beau-hassan-jameel-001813377.html,Is Drake jealous of Rihanna's new beau Hassan Jameel?
gossipcop-1594778479,www.huffingtonpost.ca/2016/10/04/kim-karashian-robbery-response_n_12331742.html,Paris Fashion Week Attendees Blame Kim Kardashian For Her Robbery
gossipcop-5722761061,www.newidea.com.au/brad-and-ange-back-together,Brad and Ange back together
gossipcop-7702629638,,Carrie Underwood Mike Fisher Break Silence Divorce
gossipcop-3617487539,www.billboard.com/articles/news/bbma/8343598/billboard-music-awards-2018-nominations-list,Billboard Music Awards 2018 Nominations: See the Full List
gossipcop-1249049450,www.onecountry.com/entertainment/gwen-stefani-tells-blake-shelton-she-loves-him-ish/,Gwen Stefani Tells Blake Shelton She Loves Him (Ish)
gossipcop-5428560010,hollywoodlife.com/2018/03/02/travis-scott-helping-kylie-jenner-feud-wendy-williams-relationship-stormi/,Kylie Jenner Vs Wendy Williams: How Travis Scott Is Helping Her Get Revenge In Their Feud
gossipcop-4689707405,hollywoodlife.com/2018/06/25/khloe-kardashian-tristan-thompson-baby-number-two-trainer-speaks/,Are Khloe & Tristan Having ‘Another Baby’? Why Her Trainer Says Workouts Might Lead To That
gossipcop-4765459213,www.thehollywoodgossip.com/videos/scott-disick-freaks-out-at-kourtney-over-younes-bendjima/,Scott Disick Freaks Out at Kourtney Kardashian Over Younes Bendjima!
gossipcop-9165953962,pagesix.com/2018/07/05/vanessa-kirby-shoots-down-tom-cruise-marriage-rumors/,Vanessa Kirby shoots down Tom Cruise marriage rumors
gossipcop-4412102684,,Did Charlize Theron Join ‘ Wonder Woman 2 ’ Cast 
gossipcop-3352031744,hollywoodlife.com/2017/08/10/taylor-swift-testifies-groping-case-dj-court-definite-ass-grab/,Taylor Swift Takes The Stand In Alleged Groping Trial: ‘It Was A Definite Grab’
gossipcop-6857021229,en.wikipedia.org/wiki/Angelina_Jolie,Angelina Jolie
gossipcop-3795651880,www.j-14.com/posts/taylor-lautner-billie-lourd-breakup-136259,Why Taylor Lautner and Billie Lourd's Breakup Hurts the Most
gossipcop-7894684433,people.com/celebrity/justin-bieber-explains-why-hes-not-in-a-relationship-i-got-my-heart-broken/,Justin Bieber Explains Why He's Not in a Relationship: 'I Got My Heart Broken'
gossipcop-222305674,www.etonline.com/kendall-jenner-shades-scott-disick-over-photo-sofia-richie-and-his-kids-95201,Kendall Jenner Shades Scott Disick Over Photo With Sofia Richie and His Kids
gossipcop-8886918041,www.eonline.com/news/839356/brad-pitt-secretly-joined-angelina-jolie-and-kids-on-recent-trip-to-cambodia,Brad Pitt Secretly Joined Angelina Jolie and Kids on Recent Trip to Cambodia
gossipcop-138407761,www.intouchweekly.com/posts/khloe-kardashian-tristan-thompson-affair-another-woman-158321,New Intimate Details of Tristan Thompson's Affair Prove It's Worse Than Khloé Kardashian Knows (EXCLUSIVE)
gossipcop-246415674,www.ibtimes.com/howie-mandel-wants-invitation-meghan-markle-prince-harry-royal-wedding-2632936,"Howie Mandel Wants An Invitation To Meghan Markle, Prince Harry Royal Wedding?"
gossipcop-4294323822,people.com/music/the-weeknd-selena-gomez-kidney-transplant-support/,How the Weeknd Helped Selena Gomez Recover from Her Kidney Transplant: ‘One of Her Biggest Supports' Says Source
gossipcop-6237865101,www.usmagazine.com/celebrity-moms/news/fans-speculate-kylie-jenner-is-surrogate-for-kim-kardashian-kanye-west-w505139/,"Fans Speculate Kylie Jenner Is Surrogate for Kim Kardashian, Kanye West"
gossipcop-5864896208,www.yahoo.com/entertainment/jennifer-aniston-says-apos-stop-165050097.html,Jennifer Aniston Says We Need to 'Stop Thinking Beauty Is in the Shape of a Size 4'
gossipcop-8916783957,www.bbc.com/sport/tennis/40408799,Serena Williams: John McEnroe believes she would struggle on men's circuit
gossipcop-3561336443,www.mercurynews.com/2018/06/05/kristen-stewart-and-robert-pattison-spark-reconciliation-rumors-with-l-a-sighting/,Kristen Stewart and Robert Pattinson spark reconciliation rumors with L.A. sighting
gossipcop-8865163539,www.newidea.com.au/kim-kardashian-has-rib-removed,Kim Kardashian 'has rib removed' to look thinner
gossipcop-4127035030,www.mirror.co.uk/3am/celebrity-news/gwen-stefani-shuts-down-rumours-12194615,Gwen Stefani shuts down rumours she was 'dumped' by Blake Shelton over 'jealousy and drama' with loved-up snap
gossipcop-1982854556,www.jasonmomoanews.com/2017/12/jason-momoa-adorns-the-cover-of-american-ways-november-issue/,Jason Momoa Adorns the Cover of American Way’s November Issue
gossipcop-3211553428,www.thehollywoodgossip.com/2017/08/katy-perry-disastrous-vmas-hosting-has-american-idol-producers-i/,Katy Perry: Disastrous VMAs Hosting Has American Idol Producers in a PANIC!
gossipcop-8666163098,www.wmagazine.com/story/kylie-jenner-spotted-pregnancy-rumors-photo,Kylie Jenner Has Finally Been Spotted Out In Public
gossipcop-1315164180,hollywoodlife.com/2016/04/20/perrie-edwards-zayn-malik-texting-ex-cheating-gigi-hadid/,Zayn Malik: How He Explained New Text Messages From Ex Perrie To Gigi Hadid
gossipcop-3065017427,www.mercurynews.com/2018/03/14/after-everything-ben-affleck-wishes-he-could-win-jennifer-garner-back-new-report-says/,"After everything, Ben Affleck wishes he could win Jennifer Garner back, new report says"
gossipcop-7720297178,www.ebony.com/entertainment-culture/report-jamie-foxx-soon-marry-katie-holmes,Report: Jamie Foxx Soon to Marry Katie Holmes
gossipcop-4888252474,www.intouchweekly.com/posts/selena-gomez-the-weeknd-problems-124971/photos/selena-weeknd-album-it-227135,Selena Gomez and The Weeknd Are Already in Trouble (EXCLUSIVE)
gossipcop-173381532,www.washingtonpost.com/news/the-fix/wp/2017/02/04/trump-lashes-out-at-federal-judge-who-temporarily-blocked-travel-ban/,Trump lashes out at ‘so-called judge’ who temporarily blocked travel ban
gossipcop-5883886565,www.wmagazine.com/story/paris-jackson-cara-delevingne-ashley-benson-caroline-damore-rumors,"Paris Jackson Clarifies Her Dating Status With Cara Delevingne, Ashley Benson, and Caroline D'Amore"
gossipcop-7607762945,www.eonline.com/news/830565/angelina-jolie-opens-up-about-her-divorce-from-brad-pitt-for-the-first-time-we-will-always-be-a-family,Angelina Jolie Opens Up About Her Divorce From Brad Pitt for the First Time: ''We Will Always Be a Family''
gossipcop-8620094827,www.seventeen.com/celebrity/celebrity-couples/a13957810/why-justin-bieber-and-selena-gomez-didnt-spend-thanksgiving-together/,The Real Reason Justin Bieber and Selena Gomez Didn't Spend Thanksgiving Together
gossipcop-201837745,www.vh1.com/news/352418/olivia-munn-justin-theroux-dating-rumors/,Olivia Munn Sets the Record Straight About Justin Theroux Dating Rumors
gossipcop-7400204028,radaronline.com/exclusives/2018/03/rhobh-reunion-secrets-from-the-ladies-explosive-taping/,‘RHOBH’ Blowout: Secrets From The Ladies’ Explosive Reunion!
gossipcop-4970681946,www.celebritynetworth.com/couples/justin-timberlake-jessica-bi-net-worth/,Justin Timberlake and Jessica Biel Net Worth
gossipcop-2287631382,marriedbiography.com/princess-charlotte-recite-great-ancestors-quote-unknowingly-advanced-age-know-truths/,Did Princess Charlotte recite her great ancestor’s quote unknowingly? Is she advanced for her age?-Know the truths here! – Married Biography
gossipcop-4342414679,www.pinterest.co.uk/joanmaresma/bey/,"Beyonce knowles, Beyonce style and African women"
gossipcop-4712654723,,Kristen Stewart Stella Maxwell On The Rocks
gossipcop-8465878879,people.com/movies/jennifer-garner-not-ready-to-date-after-ben-affleck-divorce/,Jennifer Garner Isn't Ready to Date After Divorce: 'Ben Was the Love of Her Life'
gossipcop-3758259794,www.dw.com/en/amal-and-george-clooney-welcome-twins/a-39139204,Amal and George Clooney welcome twins
gossipcop-6049574291,www.nationalenquirer.com/photos/justin-bieber-child-molester-scandal/,Justin Bieber Caught Up In Church Child Molester Scandal
gossipcop-3278265201,www.thehollywoodgossip.com/2018/08/sofia-richie-to-kourtney-kardashian-stay-away-from-scott-disick/,Sofia Richie to Kourtney Kardashian: Stay Away From Scott Disick!
gossipcop-6348526289,www.newidea.com.au/jennifer-aniston-and-brad-pitt-busted-in-aspen,Brad Pitt and Jennifer Aniston 'busted' over Aspen reunion
gossipcop-1905729180,pagesix.com/2018/01/23/princess-eugenies-ring-is-double-the-price-of-meghan-markels/,Princess Eugenie’s ring is double the price of Meghan Markle’s
gossipcop-4159613114,marriedbiography.com/bisexual-drew-barrymore-desperate-romantic-partner-learn-relationships-garlic-allergy/,Is bisexual Drew Barrymore desperate for a romantic partner? Learn about her relationships and garlic allergy! – Married Biography
gossipcop-530315216,,    Kim Kardashian Dethroned Dethroned By Khloe As Hot Hot Sister 
gossipcop-7059935490,www.etonline.com/news/221317_kourtney_kardashian_opens_up_about_restricting_her_kids_screen_time,Kourtney Kardashian Opens Up About Restricting Her Kids' Screen Time: 'The Kids Don't Really Play With iPads a
gossipcop-5789234276,www.mirror.co.uk/3am/celebrity-news/katie-holmes-jamie-foxx-split-12806431,Katie Holmes and Jamie Foxx 'split and call off wedding' after five years of secret romance
gossipcop-4969454110,charlotterestaurantweek.iheart.com/content/2017-09-12-mariah-carey-french-montana-did-not-flirt-in-recording-studio/,Mariah Carey & French Montana Did NOT Flirt In Recording Studio
gossipcop-3267871613,,Kylie Jenner Would Love To See Kendall Get Pregnant
gossipcop-2497566378,www.imdb.com/news/ni61537290,"Jennifer Garner Not Leaning On Matthew Broderick Amid Divorce, Despite Report"
gossipcop-9487142116,,Beyonce CheapYonce Hotel
gossipcop-4596583214,www.newidea.com.au/jennifer-aniston-and-justin-theroux-trial-separation,Jennifer Aniston and Justin Theroux in 'trial separation'
gossipcop-70792899,www.travelandleisure.com/travel-tips/celebrity-travel/prince-harry-quit-smoking-for-meghan-markle,Meghan Markle Helped Prince Harry Kick a Life-threatening Habit (Video)
gossipcop-5319163677,www.wmagazine.com/story/kim-and-kanye-are-taking-the-rest-of-2016-off-as-we-all-wish-we-could,"Kim and Kanye Are Taking The Rest of 2016 Off, As We All Wish We Could"
gossipcop-1424848077,www.imdb.com/news/ni61555565,Justin Bieber Desperate To Become Friends With Chris Pratt?
gossipcop-3533406629,www.highsnobiety.com/p/kylie-jenner-stormi-memes/,Kylie Jenner Named Her Kid “Stormi” & the Internet Can’t Handle It
gossipcop-9983683681,people.com/tv/kylie-jenner-and-travis-scott-relationship-timeline/,From Welcoming a Baby Together to Their Joint GQ Cover: Inside Kylie Jenner & Travis Scott's Whirlwind Romance
gossipcop-7805804542,www.justjared.com/2018/08/07/younes-bendjima-fires-back-at-rebound-rumors-after-kourtney-kardashian-split/,Younes Bendjima Fires Back at 'Rebound' Rumors After Kourtney Kardashian Split
gossipcop-869318083,hollywoodlife.com/2017/02/21/the-weeknd-tour-selena-gomez-special-guests-rae-sremmurd-6lack-belly/,The Weeknd Announces Opening Acts For Fall Tour — Is Selena Gomez Joining Him?
gossipcop-7562432036,pagesix.com/2017/06/26/brad-pitt-and-sienna-miller-romance-rumors-heat-up/,Brad Pitt and Sienna Miller romance rumors heat up
gossipcop-3582172448,www.today.com/popculture/blake-shelton-understands-why-people-are-surprised-he-s-gwen-t110718,Blake Shelton understands why people are surprised he's with Gwen Stefani
gossipcop-4197372614,www.latimes.com/world/la-fg-britain-royal-wedding-20180519-htmlstory.html,A royal wedding for the 21st century: Prince Harry weds Meghan Markle amid calls for social justice
gossipcop-9948331567,www.brides.com/story/prince-harry-kate-middleton-seal-of-approval-before-proposing,"Prince Harry Reportedly Sought Kate Middleton's ""Seal of Approval"" Before Proposing to Meghan Markle"
gossipcop-4612345264,www.inquisitr.com/4767404/angelina-jolie-reportedly-has-secret-plan-to-woo-thor-star-chris-hemsworth-rumors/,Angelina Jolie Reportedly Has ‘Secret Plan’ To Woo ‘Thor’ Star Chris Hemsworth [Rumors]
gossipcop-6602611188,www.newidea.com.au/prince-harry-and-meghan-markle-baby-joy,Meghan and Harry: Our baby joy
gossipcop-6355820328,www.vox.com/culture/2018/1/7/16853820/golden-globes-2018-winners-list,Golden Globes 2018 winners: the complete list
gossipcop-1536008610,www.goodhousekeeping.com/life/a20265472/lea-michele-fiance-zandy-reich-engagement-party/,Lea Michele Celebrated Her Engagement to Zandy Reich With a Star-Studded Party
gossipcop-1450195626,people.com/music/selena-gomez-talks-weeknd-split-justin-bieber-reunion-billboard/,Selena Gomez on The Weeknd Split and Reuniting with justin bieber
gossipcop-7469467549,hollywoodlife.com/2017/08/08/barbara-cook-dead-broadway-star-dies/,Barbara Cook Dead: Broadway Mourns The Passing Of A Legend — See Tweets
gossipcop-2786562171,hollywoodlife.com/2018/01/28/robert-pattinson-crush-katy-perry-relationship/,Robert Pattinson ‘Crazy’ About Katy Perry: He’s Been ‘Majorly Crushing On Her’ For Ages
gossipcop-3968227653,people.com/tv/khloe-kardashian-probably-wont-leave-tristan-thompson/,"Khloé Kardashian Probably Won't Leave Tristan Thompson, Source Says: 'She's a Hopeless Romantic'"
gossipcop-865326152,www.intouchweekly.com/posts/ryan-gosling-emma-stone-flirting-eva-mendes-fight-124454,"Ryan Gosling and Emma Stone's Flirting Leaves Eva Mendes ""Fed Up"" (REPORT)"
gossipcop-9463346213,thestir.cafemom.com/celebrities/213455/jennifer-garner-ben-affleck-girlfriend-near-kids,New Report About Jennifer Garner & Ben Affleck Sparks Debate
gossipcop-8793541744,globalnews.ca/news/4120293/justin-bieber-religion/,Justin Bieber says religion ‘set me free from bondage and shame’
gossipcop-8380675168,entertainment.inquirer.net/273098/chris-martin-planning-play-argentina-global-citizen-campaign,Chris Martin planning to play Argentina for Global Citizen campaign
gossipcop-8963237866,www.msn.com/en-us/tv/celebrity/ariel-winter-slams-media-body-shamers-in-twitter-rant/ar-AAscESa,"Ariel Winter Slams Media, Body Shamers In Twitter Rant"
gossipcop-5800943860,hollywoodlife.com/2018/01/31/rihanna-hassan-jameel-moving-paris-house-hunting-together/,Are Rihanna & Hassan Jameel Moving In Together? Reportedly House Hunting In Paris Together
gossipcop-4032059288,www.entertainmentdaily.co.uk/news/fans-praise-live-with-kelly-and-ryan-stand-in-host-jenna-dewan-tatum/,Fans Praise 'Live With Kelly And Ryan' Stand-In Host Jenna Dewan Tatum
gossipcop-4740628819,pagesix.com/2018/05/10/jennifer-lopez-jokes-theres-no-pressure-for-alex-rodriguez-to-propose/,Jennifer Lopez jokes there’s ‘no pressure’ for Alex Rodriguez to propose
gossipcop-5924693724,ew.com/article/2016/07/29/crazy-stupid-love-ryan-gosling-emma-stone-chemistry/,"Crazy, Stupid, Love director on Ryan Gosling, Emma Stone chemistry"
gossipcop-7856786886,www.thisisinsider.com/kylie-jenner-travis-scott-relationship-timeline-2018-7,Kylie Jenner and Travis Scott became parents just 10 months after meeting — here's a complete timeline of their relationship
gossipcop-3740362597,www.irishexaminer.com/ireland/liam-neeson-im-scared-of-public-speaking-465714.html,Liam Neeson: I’m scared of public speaking
gossipcop-468781588,www.harpersbazaar.com/celebrity/latest/a19596644/who-is-meghan-markle-maid-of-honor/,Who Will Be Meghan Markle's Maid of Honor?
gossipcop-9326465416,www.dailymail.co.uk/tvshowbiz/article-6046545/Caitlyn-Jenner-joins-girlfriend-Sophia-Hutchins-celebrate-daughter-Kylies-21st-birthday.html,Caitlyn Jenner joins 'girlfriend' Sophia Hutchins at Kylie's birthday
gossipcop-3612883910,people.com/country/blake-shelton-friends-shocked-dating-gwen-stefani/,"Blake Shelton's Friends Were Shocked He Snagged Gwen Stefani: 'They Were Like, ""What in the Hell?""'"
gossipcop-6717418060,www.newidea.com.au/jennifer-aniston-reportedly-pregnant-with-brad-pitts-baby,US report: Jennifer Aniston pregnant with Brad Pitt's baby
gossipcop-6429927553,www.etonline.com/people/sophie-bush,Entertainment Tonight
gossipcop-1012123555,hollywoodlife.com/2017/04/26/chris-soules-statement-fatal-accident-breaks-silence/,Chris Soules Breaks Silence On Fatal Accident: I’m ‘Overwhelmed With This Tragedy’
gossipcop-3055958328,www.eonline.com/news/950285/why-selena-gomez-wasn-t-the-woman-for-justin-bieber-after-all,Why Selena Gomez Wasn't the Woman for Justin Bieber After All
gossipcop-7819119595,www.newidea.com.au/ellen-degeneres-and-portia-divorce,Ellen Degeneres and wife Portia's $400 million divorce
gossipcop-869522289,www.billboard.com/articles/columns/pop/8015200/selena-gomez-justin-bieber-relationship-timeline,Selena Gomez & Justin Bieber: A Timeline of Their Relationship
gossipcop-3316922141,www.ibtimes.co.in/pregnant-kate-middleton-vows-protect-meghan-markle-camilla-752692,Pregnant Kate Middleton vows to protect Meghan Markle from Camilla?
gossipcop-4306912907,www.vanityfair.com/style/2017/07/gwyneth-paltrow-goop-jade-egg-statement,Gwyneth Paltrow’s Goop Issues a Rare Response to a Critic
gossipcop-8944413001,,  Taylor Swift NOT Spending Millions Of Dollars Millions Of Dollars On Boyfriend Joe Alwyn  Despite Report
gossipcop-6348556752,thehill.com/homenews/media/361544-cbs-this-morning-wants-oprah-to-fill-in-for-charlie-rose-after-firing-report,'CBS This Morning' wants Oprah to fill in for fired Charlie Rose: report
gossipcop-8482372890,www.inquisitr.com/4307067/is-brad-pitts-body-odor-becoming-a-problem-for-friends-helping-him-through-angelina-jolie-divorce/,Is Brad Pitt’s Body Odor Becoming A Problem For Friends Helping Him Through Angelina Jolie Divorce Aftermath
gossipcop-8279082430,,Joe Alwyn Surprising Taylor Swift Romantic Dinner
gossipcop-7941858029,handphone-blackmarket.tk/cambridge-university-online-dating.html,HollywoodLife FlipFlops On Brad Pitt Dating Ella Purnell
gossipcop-755837836,www.ellentube.com/video/french-canadian-mother-finds-a-weird-solution-to-save-ellen-degeneres-and-portia-de-rossi-marriage.html,French-Canadian mother finds a weird solution to save Ellen Degeneres and Portia de Rossi marriage
gossipcop-2093750108,news.google.com/stories/CAAqaggKImRDQklTUlRvSmMzUnZjbmt0TXpZd1NqZ0tFUWpjdEpMWGpJQU1FZExrSWdJRFhuRlZFaU5MYVcwZ1MyRnlaR0Z6YUdsaGJpQmtaV1psYm1SeklFdDViR2xsSUVwbGJtNWxjaWdBUAE,Kim Kardashian defends Kylie Jenner
gossipcop-4323436110,www.dailymail.co.uk/video/tvshowbiz/video-100/Jessica-Simpson-opens-babies-marriage-The-Tonight-Show-Jay-Leno.html,Jessica Simpson opens up about babies and marriage on The Tonight Show with Jay Leno
gossipcop-8387711520,www.celebritynetworth.com/couples/sarah-jessica-parker-matthew-broderick-net-worth/,Sarah Jessica Parker and Matthew Broderick Net Worth
gossipcop-5667202198,www.newidea.com.au/jennifer-aniston-and-brad-pitt-busted-in-aspen,Brad Pitt and Jennifer Aniston 'busted' over Aspen reunion
gossipcop-2695882297,www.thehollywoodgossip.com/2018/06/johnny-depp-hiding-deadly-disease-from-fans/,Johnny Depp: Hiding Deadly Disease From Fans?
gossipcop-5886871112,au.be.yahoo.com/brad-pitt-and-jennifer-anistons-mexico-wedding-plans-39219030.html,Brad Pitt and Jen Aniston's 'Mexico wedding' plans
gossipcop-2772637599,www.wonderwall.com/news/teresa-giudice-dating-businessman-report-claims-3007432.article,"Teresa Giudice is dating businessman, report claims"
gossipcop-8435638081,www.usmagazine.com/celebrity-news/news/fergie-cries-while-talking-about-josh-duhamel-divorce/,Fergie Cries While Talking About Josh Duhamel Divorce
gossipcop-8460897439,www.imdb.com/news/ni61545515,Justin Bieber Starring In ‘Despacito’ Movie?
gossipcop-6504249629,hollywoodlife.com/2018/01/24/kristen-stewart-robert-pattinson-new-movie-together-in-talks-twilight/,Robert Pattinson & Kristen Stewart Reportedly In Talks For 1st Movie Together Since ‘Twilight’
gossipcop-6277141203,www.usmagazine.com/celebrity-news/news/selena-gomez-on-friendship-with-jennifer-aniston-she-gives-me-advice-2015256/,Selena Gomez on Friendship With Jennifer Aniston: She Gives Me Advice
gossipcop-7821539381,www.refinery29.com/2018/06/200647/oceans-8-female-cast-sandra-bullock-interview,The Ocean's 8 Cast Kindly Requests You Stop Asking This Question
gossipcop-7371687331,people.com/movies/jennifer-garner-confronted-lindsay-shookus-about-ben-affleck-relationship-sources-say/,"Jennifer Garner Confronted Lindsay Shookus About Ben Affleck Relationship, Sources Say"
gossipcop-4860103814,hollywoodlife.com/2018/02/26/selena-gomez-plan-justin-bieber-birthday-romance/,Selena Gomez’s Plan For Justin Bieber’s Birthday Includes ‘Romance’ – Hollywood Life
gossipcop-5475659487,www.elle.com.au/celebrity/kylie-jenner-travis-scott-proposal-rejection-16048,Kylie Jenner Reportedly Turned Down A Proposal From Travis Scott
gossipcop-2881365356,okmagazine.com/photos/kim-kardashian-kanye-west-marriage-issues/,Kanye West Has Been 'Withdrawn' & Kim Kardashian Is Tired Of Ignoring Their Issues
gossipcop-1204805620,people.com/tv/everything-we-know-kendall-jenner-ben-simmons/,Everything We Know about Kendall Jenner’s Rumored New Beau Ben Simmons
gossipcop-8357945561,www.dailymail.co.uk/tvshowbiz/article-2337235/Prince-Jackson-shops-girlfriend--claimed-feuded-sister-Paris-suicide-attempt.html,Prince Jackson shops with his girlfriend...as it is claimed he 'feuded with sister Paris' before her suicide attempt
gossipcop-6433924881,hollywoodlife.com/2017/03/15/orlando-bloom-calling-selena-gomez-breakup-katy-perry/,Selena Gomez & Orlando Bloom: Is He Chasing Her After Split From Katy Perry?
gossipcop-4095185860,people.com/movies/brad-pitt-fathers-day-in-london-custody-dispute-angelina-jolie/,Brad Pitt Spends Father’s Day in London with His Kids Amid Custody Dispute
gossipcop-5407461289,www.cosmopolitan.com/entertainment/celebs/a21288807/why-kylie-jenner-wont-share-pictures-of-stormi/,Here's Why Kylie Jenner Decided to Stop Sharing Pictures of Stormi
gossipcop-43231215,people.com/music/rihanna-responds-feuding-boyfriend-photos-lion-meme/,Rihanna Responds to Photos of Her Feuding with Boyfriend Hassan Jameel with Lion Meme
gossipcop-3076671450,people.com/celebrity/kim-kardashian-kanye-west-getting-counseling/,"Kim Kardashian, Kanye West Aren't in Couples Therapy: Source"
gossipcop-6311252532,time.com/4676698/lindsay-lohan-airport-headscarf/,Lindsay Lohan: I Was 'Racially Profiled' at the Airport for Wearing a Headscarf
gossipcop-4669515780,www.elle.com/uk/life-and-culture/culture/a20880463/jenna-dewan-dance-off-jlo-world-of-dance-trailer-nick-jonas/,Watch Jenna Dewan Sizzle In Dance Off With J.Lo In 'World Of Dance' Trailer
gossipcop-8068302468,,Naomi Watts  Liam Neeson Dating  Report
gossipcop-6873856770,www.news.com.au/entertainment/celebrity-life/hook-ups-break-ups/how-did-jolie-the-tattooed-and-outspoken-actress-fit-into-the-all-american-pitt-clan/news-story/083b539f0317f3f0029676e6ef3c88e8,Angelina Jolie and Brad Pitt divorce: how actress fit into the clan
gossipcop-7353474743,www.allure.com/story/chloe-grace-moretz-red-shoes-and-the-7-dwarfs-ad,Chloë Grace Moretz Speaks Out About Body-Shaming 'Red Shoes And The 7 Dwarfs' Ad
gossipcop-3423888997,thestir.cafemom.com/beauty_style/145317/demi_moore_v_mila_kunis,Demi Moore v. Mila Kunis: Who Looks Hotter Now? (PHOTOS)
gossipcop-1655240353,www.eonline.com/news/941636/inside-the-fabulous-first-year-of-george-and-amal-clooney-s-twins,Inside the Fabulous First Year of George and Amal Clooney's Twins
gossipcop-8370008544,,Kris Jenner Top Rumor Of 2017  Hooking Up With Caitlyn Jenner
gossipcop-9136458380,www.eonline.com/news/921750/blake-shelton-shares-more-proof-that-kelly-clarkson-could-be-gwen-stefani-s-biggest-fan,Blake Shelton Shares More Proof That Kelly Clarkson Could Be Gwen Stefani's Biggest Fan
gossipcop-8372874438,en.wikipedia.org/wiki/Caitlyn_Jenner,Caitlyn Jenner
gossipcop-5310842420,www.hellomagazine.com/tags/brad-pitt/,Brad Pitt: News & Updates From Award Winning Fight Club Actor
gossipcop-9811720113,www.nytimes.com/2016/07/04/movies/in-the-shallows-blake-lively-surfs-in-kate-hudsons-wake.html,How I Learned to Tolerate Blake Lively
gossipcop-6159926993,www.emirates247.com/entertainment/kuwtk-kim-kardashian-west-goes-blonde-for-kanye-west-on-anniversary-2018-05-25-1.665367,KUWTK: Kim Kardashian West 'goes blonde' for Kanye West on anniversary
gossipcop-1823945424,www.digitalspy.com/music/news/a829640/noel-gallagher-slams-harry-styles-solo-debut-my-cat-couldve-written-that-in-10-minutes/,Noel Gallagher slams Harry Styles' solo debut: 'My cat could've written that in 10 minutes'
gossipcop-7655750807,www.imdb.com/news/ni61558977,Kelly Clarkson Clogged Toilet At Victorian Mansion?
gossipcop-9972057370,www.inquisitr.com/4578952/fergie-reportedly-crushing-hard-on-kendall-jenner-singer-wants-to-explore-fantasies-after-split-rumors/,"Fergie Reportedly Crushing Hard On Kendall Jenner, Singer Wants To ‘Explore Fantasies’ After Split [Rumors]"
gossipcop-7120665185,www.tmz.com/2018/08/10/miley-cyrus-liam-hemsworth-relationship-lunch/,Miley Cyrus and Liam Hemsworth Chumming It Up at Lunch
gossipcop-8181948121,www.telegraph.co.uk/fashion/events/hollywood-film-awards-2017-best-dressed-red-carpet/,"Hollywood Film Awards: See what Angelina Jolie, Margot Robbie and more were wearing"
gossipcop-9762976980,people.com/tv/kylie-jenner-travis-scott-arent-making-huge-plans-for-future/,New Parents Kylie Jenner and Travis Scott Aren't 'Making Any Huge Plans for the Future'
gossipcop-9880808244,www.washingtonpost.com/news/morning-mix/wp/2017/01/13/nicole-kidman-on-trump-we-as-a-country-need-to-support-whoevers-the-president/,Nicole Kidman on Trump: ‘We as a country need to support whoever’s the president’
gossipcop-8136601878,www.imdb.com/news/ni61559348,"Eric Johnson Not Divorcing Jessica Simpson Over Her Drinking, Despite Claim"
gossipcop-8641048055,showtodaytv.com/ztags/Dakota-Johnson-Dating-Jon-Hamm-And-Chris-Martin,Category Dakota Johnson Dating Jon Hamm And Chris Martin
gossipcop-3203418099,www.intouchweekly.com/posts/kanye-west-donald-trump-godfather-158787,Kanye West Wants Donald Trump to Be Chicago's Godfather (EXCLUSIVE)
gossipcop-3817786461,people.com/tv/kim-kardashian-insisted-kanye-west-go-hospital/,Kim Kardashian Insisted a Sick Kanye West Go to Hospital After Saint's Pneumonia Scare: Source
gossipcop-901966021,www.cosmopolitan.com/uk/entertainment/a13450106/kardashians-caitlyn-jenner-feud-timeline/,All the times Caitlyn Jenner has shaded the Kardashians and they've shaded her right back
gossipcop-3294774733,www.travelerstoday.com/articles/45288/20170411/kim-kardashian-kanye-west-snubbed-kate-middleton-prince-william-report.htm,"Kim Kardashian, Kanye West Snubbed By Kate Middleton And Prince William Report Debunked"
gossipcop-7186631410,www.hollywoodreporter.com/news/alec-baldwin-stepping-away-twitter-criticism-weinstein-payoff-comments-1055005,Alec Baldwin Stepping Away From Twitter Following Criticism Over Weinstein Payoff Comments
gossipcop-8806633639,hollywoodlife.com/2017/10/30/justin-bieber-selena-gomez-soulmates-relationship-destined-to-be-together/,Selena Gomez Believes Justin Bieber Is Her ‘Soulmate’ & They’re Destined To Be Together
gossipcop-9742496952,www.imdb.com/news/ni61367664,"Ben Affleck Ignored Questions, Texted During ‘Justice League’ Comic-Con Panel?"
gossipcop-9060112801,,Renee Zellweger Begging Doyle Bramhall II To Elope  Report
gossipcop-1718137654,www.newidea.com.au/the-truth-about-jennifer-aniston-justin-theroux-divorce,Jennifer Aniston reveals the truth about her divorce from Justin Theroux
gossipcop-7310476796,www.rollingstone.com/music/music-news/ed-sheeran-weighs-in-on-taylor-swift-katy-perry-feud-193568/,"Ed Sheeran Weighs In on Taylor Swift, Katy Perry Feud"
gossipcop-9331027077,deadline.com/2017/12/minnie-driver-matt-damon-alyssa-milano-sexual-harassment-1202228942/,"Minnie Driver, Alyssa Milano Call Out Matt Damon For “Tone Deaf” Comments About Sexual Assault"
gossipcop-5095960133,hollywoodlife.com/2018/02/07/kanye-west-changing-diapers-kim-kardashian-fight-baby-chicago/,Kanye West Reportedly Refuses To Change Chicago’s Diapers & Kim Is Furious With Him
gossipcop-5154947333,www.newidea.com.au/nicole-kidman-and-reese-witherspoon-in-bitter-feud,Nicole Kidman and Reese Witherspoon in bitter feud
gossipcop-1560439096,www.msn.com/en-us/movies/celebrity/julia-roberts-%E2%80%9Cdivorce-shock%E2%80%9D-story-is-untrue/ar-BBIZIhf,Julia Roberts “Divorce Shock” Story Is Untrue
gossipcop-7082219813,hollywoodlife.com/2018/02/07/caitlyn-jenner-plans-baby-kim-kardashian-surrogate/,Caitlyn Jenner Reportedly Wants Kim Kardashian’s Surrogate To Carry A Baby For Her
gossipcop-2172181860,www.independent.co.uk/topic/AngelinaJolie,Angelina Jolie
gossipcop-6441385292,en.wikipedia.org/wiki/Stedman_Graham,Stedman Graham
gossipcop-700157068,www.inquisitr.com/4929733/is-amal-clooney-pregnant-fans-spot-maybe-baby-bump-in-new-pic/,Is Amal Clooney Pregnant? Fans Spot Maybe Baby Bump In New Pic
gossipcop-5201022547,www.intouchweekly.com/posts/gwen-stefani-dumped-156076,"Gwen Stefani Got Dumped by Blake Shelton Over ""Jealousy and Drama"" (EXCLUSIVE)"
gossipcop-5793792268,www.ibtimes.co.in/angelina-jolie-headed-physical-meltdown-actress-going-without-food-sleep-754758,Angelina Jolie headed for a 'physical meltdown' as actress 'going without food or sleep'?
gossipcop-3798959319,hollywoodlife.com/2017/09/29/rihanna-hassan-jameel-romance-boyfriend-booty-call-crush/,Rihanna On Her Romance With Hassan Jameel — She Yearns To Be ‘More Than A Booty Call’
gossipcop-4274245097,www.abc.net.au/news/2018-05-17/meghan-markle-american-tv-actresses-prince-harry-windsor-castle/9766742,Meghan Markle: Six reasons why she divides people — even Americans
gossipcop-8376426933,www.dailyedge.ie/the-dredge-32-4133863-Jul2018/,Tyga is pissed off over Kylie Jenner's GQ cover with Travis Scott... it's The Dredge
gossipcop-3778804574,www.newsx.com/entertainment/page/292?start=117&page=15%2C0,"Entertainment news, latest Bollywood movie review, entertainment news headlines"
gossipcop-5336404261,www.usmagazine.com/celebrity-news/news/heidi-klums-bf-vito-schnabel-responds-to-cheating-rumors-w489604/,Heidi Klum's BF Vito Schnabel Responds to Cheating Rumors
gossipcop-3880050168,hollywoodlife.com/2017/07/14/angelina-jolie-worried-brad-pitt-reunion-quentin-tarantino/,Angelina Jolie: She’s Worried About Brad Pitt & Quentin Tarantino’s Potential Team Up On New Film
gossipcop-870740908,www.nationalenquirer.com/celebrity/scarlett-johansson-snl-colin-jost/,Scarlett Johansson Wants Quickie Divorce To Get Going With ‘SNL’ Stud
gossipcop-5048928733,www.instyle.com/news/robert-pattinson-age-birthday-transformation,See Birthday Boy Robert Pattinson Transform Through the Years
gossipcop-8436977031,www.ibtimes.co.in/brad-pitt-jennifer-aniston-reunion-movie-truth-behind-rumoured-rom-com-film-776639,"Brad Pitt, Jennifer Aniston reunion movie: Truth behind the rumoured rom-com film"
gossipcop-8598730691,www.eonline.com/news/951480/amy-schumer-clarifies-those-pregnancy-rumors-with-a-cocktail-in-hand,Amy Schumer Clarifies Those Pregnancy Rumors With a Cocktail in Hand
gossipcop-5756911495,www.thewrap.com/cate-blanchett-agnes-varda-cannes-protest/,Cate Blanchett Calls for ‘Parity and Transparency’ in Red Carpet Protest of Gender Inequity in Cannes
gossipcop-4865507097,www.dailymotion.com/video/x6h2jmm,Kourtney Kardashian Furious AS Scott Disick Took Kids On Vacation With Sofia Richie
gossipcop-9666581710,www.thehollywoodgossip.com/2016/10/brad-pitt-and-marion-cotillard-spotted-nearly-kissing/,Brad Pitt and Marion Cotillard: Spotted Nearly Kissing!!!!!!
gossipcop-1154955596,www.newidea.com.au/meghan-markle-kate-middleton-due-to-give-birth-on-the-same-day,Meghan and Kate’s double baby joy: Due on the same day!
gossipcop-5630814357,www.lifeandstylemag.com/posts/blake-shelton-miranda-lambert-luke-bryan-clap-back-152450,Blake Shelton Subtly Claps Back at Ex-Wife Miranda Lambert With Help From Buddy Luke Bryan
gossipcop-2836480555,okmagazine.com/photos/pink-lady-gaga-write-anti-madonna-anthem/,Pink & Lady Gaga Are ‘Working Together’ To Write An Anti-Madonna Anthem
gossipcop-9275979993,www.cheatsheet.com/health-fitness/revealing-details-about-prince-william-prince-harrys-royal-feud-camilla.html/,Revealing Details About Prince William and Prince Harry’s Royal Feud With Camilla
gossipcop-9124851665,www.imdb.com/news/ni61452671,"Jennifer Aniston Does Not Hate Matthew Perry, Despite Report"
gossipcop-690037397,radaronline.com/videos/ariel-winter-trying-to-get-pregnant/,Desperate Ariel Winter Begging Boyfriend Levi To Get Her Pregnant ‘ASAP’!
gossipcop-4950703770,www.aceshowbiz.com/news/view/00106738.html,"Jennifer Lopez and Alex Rodriguez's Relationship Is Fake, Insider Reveals"
gossipcop-2253480981,www.msn.com/en-gb/video/other/kylie-jenner-jealous-of-ariana-grande-wants-travis-to-propose-immediately/vi-AAyB4M2,Kylie Jenner JEALOUS Of Ariana Grande! Wants Travis To Propose IMMEDIATELY!
gossipcop-6096757093,people.com/style/how-much-does-a-woman-spend-on-makeup/,Can You Guess How Much a Woman Spends on Makeup in Her Liftetime? (We Were Way Off!)
gossipcop-4753941767,www.foxnews.com/entertainment/2018/04/30/miranda-lambert-and-blake-had-affair-her-ex-claims.html,"Miranda Lambert and Blake Shelton had an affair, her ex claims"
gossipcop-4953287452,www.usmagazine.com/celebrity-news/news/meghan-markle-has-lost-sleep-over-relatives-as-wedding-nears/,Meghan Markle Has ‘Lost Sleep Over Relatives’ As Wedding Nears
gossipcop-7264126859,people.com/celebrity/julianne-hough-derek-hough-talks-watching-sister-marry-brooks-laich-dream-man/,Derek Hough on Julianne's Wedding: I Witnessed My Baby Sister Marry the Man of Her Dreams
gossipcop-9010461723,graziadaily.co.uk/celebrity/news/questions-re-asking-robert-pattison-s-new-wife/,A Few Questions We’re Asking About Robert Pattinson’s New Wife
gossipcop-6337200571,variety.com/2017/tv/news/matt-lauer-fired-celebrities-react-1202625889/,Hollywood Reacts to Matt Lauer’s Firing: ‘Don’t Let the Door Hit You on the Way Out’
gossipcop-7218622338,www.etonline.com/luke-bryan-says-katy-perrys-american-idol-kiss-was-just-fun-tv-98712,Luke Bryan Says Katy Perry's 'American Idol' Kiss Was Just 'Fun TV'
gossipcop-7808487578,abcnews.go.com/Entertainment/khloe-kardashian-im-angry-confused-irritated-life/story?id=21610067,Khloe Kardashian: 'I'm Really Angry and Confused and Irritated at Life'
gossipcop-9124480502,www.inquisitr.com/4777312/brad-pitt-reportedly-locked-out-by-shiloh-jolie-pitt-after-angelina-jolie-split-says-radar/,"Brad Pitt Reportedly ‘Locked Out’ By Shiloh Jolie-Pitt After Angelina Jolie Split, Says ‘Radar Online’"
gossipcop-7941474889,www.newidea.com.au/brad-pitt-jennifer-aniston-wedding-and-a-baby,Brad Pitt and Jennifer Aniston reunite with a wedding a baby
gossipcop-651286924,www.townandcountrymag.com/society/tradition/a13090749/meghan-markle-engagement-ring/,Photos of Meghan Markle's Gorgeous Wedding Ring
gossipcop-3316099372,economictimes.indiatimes.com/magazines/panache/eva-mendes-ryan-gosling-on-the-verge-of-split/articleshow/45629023.cms,"Eva Mendes, Ryan Gosling on the verge of split?"
gossipcop-1366889953,variety.com/2017/film/news/harry-dean-stanton-dead-celebrities-react-1202560766/,Hollywood Mourns Death of ‘Legendary’ Harry Dean Stanton: ‘The Definition of Cool’
gossipcop-3099325290,www.nydailynews.com/entertainment/tv/omarosa-responds-real-housewives-atlanta-rumors-article-1.3048551,Omarosa responds to rumors she's joining 'Real Housewives of Atlanta'
gossipcop-6780720672,www.hellomagazine.com/healthandbeauty/mother-and-baby/2017042238319/Beyonce-stuns-pregnancy-photo-defies-internet-trolls/,Beyonce looks amazing in Instagram snap: defiant against online trolls
gossipcop-6662472887,www.bustle.com/p/is-lady-gaga-engaged-she-christian-carino-are-definitely-serious-8010475,Is Lady Gaga Engaged? She & Christian Carino Are Definitely Serious
gossipcop-1014383679,www.x17online.com/2018/07/selena_gomez_barefoot_hotel_transylvania_3_premiere_fans_hoodie_photos_video_070118,Selena Gomez Goes Barefoot On The Street After Hotel Transylvania 3 Premiere
gossipcop-9289462538,www.cosmopolitan.com/uk/entertainment/news/a45792/taylor-swift-tom-hiddleston-relationship-timeline/,a timeline of their relationship
gossipcop-3941312971,mashable.com/2016/07/19/lindsay-lohan-terrorism-instagram/,Lindsay Lohan went full-on Mischa Barton with tribute to terrorism victims
gossipcop-4673499095,metro.co.uk/2018/02/07/rachel-weisz-rocks-thigh-high-slit-red-carpet-claiming-marriage-daniel-craig-isnt-exceptional-7292947/,Rachel Weisz rocks thigh-high split at The Mercy premiere
gossipcop-3885312119,www.news.com.au/entertainment/celebrity-life/hook-ups-break-ups/katy-perry-and-orlando-bloom-back-together-11-months-after-split-claim-friends/news-story/f313544bb55ce6a38f84703c8d10e868,"Katy Perry and Orlando Bloom ‘back together’ 11 months after split, claim friends"
gossipcop-5456601771,www.imdb.com/news/ni61583898,Beyonce Dancers ‘Les Twins’ Not Aging Well?
gossipcop-8836111057,www.elle.com/culture/celebrities/a19600845/angelina-jolie-is-secretly-dating-real-estate-agent-report/,Angelina Jolie Is Secretly Dating Real Estate Agent
gossipcop-3385599744,extratv.com/2018/07/14/rumor-bust-kate-middleton-and-meghan-markle-not-pregnant-and-due-the-same-day/,Rumor Bust! Kate Middleton & Meghan Markle Not Pregnant and Due the Same Day
gossipcop-8729551711,en.wikipedia.org/wiki/Keith_Urban,Keith Urban
gossipcop-3564327541,www.ibtimes.com/angelina-jolies-unhealthy-eating-sleeping-habits-not-true-report-says-2633872,"Angelina Jolie's Unhealthy Eating, Sleeping Habits Not True, Report Says"
gossipcop-1908732473,www.thesun.co.uk/tvandshowbiz/4373157/brad-pitt-apologises-to-jennifer-aniston-for-leaving-her-for-angelina-jolie/,Brad Pitt apologises to Jennifer Aniston for leaving her for Angelina Jolie
gossipcop-6488638301,www.celebuzz.com/2014-09-29/brad-pitt-calls-himself-a-miserable-bastard-and-loner-in-british-gq/,Brad Pitt Calls Himself a ‘Miserable Bastard’ and ‘Loner’ in British ‘GQ’
gossipcop-1210617536,www.dailymail.co.uk/tvshowbiz/article-5524665/Blake-Shelton-reveals-missed-having-kids-own.html,Blake Shelton reveals that he 'missed out' on having kids of his own
gossipcop-3724278164,www.nme.com/news/music/justin-bieber-starting-church-2116040,Is Justin Bieber starting up his own church?
gossipcop-4933573304,tasteofcountry.com/miranda-lambert-anderson-east-relationship-timeline/,"Miranda Lambert, Anderson East: A Timeline of Love and Heartbreak"
gossipcop-7671918282,www.thehollywoodgossip.com/2017/09/kendall-jenner-banned-from-clippers-games-due-to-blake-griffin-r/,Kendall Jenner: Banned From Clippers Games Due to Blake Griffin Relationship?
gossipcop-3761702205,www.vogue.com/article/justin-bieber-selena-gomez-relationship-timeline,"A Detailed History of Selena Gomez and Justin Bieber’s On-Again, Off-Again Relationship"
gossipcop-1897931921,www.aol.com/video/playlist/PL10154/5ad8bf7bd9008562c647789f/,Meghan Markle's Brother Blasts Her in Interview
gossipcop-9622956428,www.ibtimes.co.in/triple-kardashian-pregnancy-ploy-25-million-744402,Is the triple Kardashian pregnancy a ploy for $25 million?
gossipcop-3549119927,hollywoodlife.com/2017/05/04/kim-kardashian-kanye-west-drop-tyga-record-label/,Kim Kardashian Wants Kanye To Drop Tyga From His Record Label After Kylie Split
gossipcop-2875496174,www.dailymail.co.uk/tvshowbiz/article-6036423/Angelina-Jolie-accuses-Brad-Pitt-not-paying-child-support-divorce-war-rages-on.html,Angelina Jolie accuses Brad Pitt of not paying enough child support
gossipcop-6337179591,www.elle.com/culture/celebrities/a19651863/ryan-reynolds-rumors-marriage-trouble-blake-lively/,Ryan Reynolds Responds to Rumors His Marriage to Blake Lively Is In Trouble
gossipcop-8443114029,people.com/style/jennifer-lopez-alex-rodriguez-jewelry-shopping-valentines-day/,Jennifer Lopez and Alex Rodriguez Go Jewelry Shopping on Valentine's Day
gossipcop-6582341806,www.syfy.com/syfywire/donald-glover-sounds-off-on-the-lando-spin-off-rumors,Donald Glover sounds off on the Lando spin-off rumors
gossipcop-8566320362,www.dailymail.co.uk/tvshowbiz/article-5086461/Elon-Musk-admits-emotional-pain-split-Amber.html,Elon Musk admits pain since split from Amber Heard
gossipcop-3591540285,www.vh1.com/news/286418/dating-a-guy-with-pregnant-ex/,What Would You Do If Your New Man Has a Baby on the Way?
gossipcop-161502525,,Beyonce Did Reject Kim Kardashian ’ s Baby Gifts  Report
gossipcop-7052175110,www.usmagazine.com/celebrity-news/news/charlie-hunnam-and-robert-pattinson-barely-spoke-on-the-lost-city-of-z-set-w474504/,Charlie Hunnam and Robert Pattinson Barely Spoke on 'The Lost City of Z' Set
gossipcop-7078632828,www.imdb.com/news/ni61258145,‘Jumanji’ Trailer Backlash: Twitter Slams Sequel To Robin Williams Classic
gossipcop-8609057553,www.cosmopolitan.com/uk/reports/a22112279/is-meghan-markle-pregnant/,The picture that proves Meghan Markle and Prince Harry aren't having children quite yet
gossipcop-7177802545,www.justjared.com/2018/04/15/jennifer-aniston-reese-witherspoon-arrive-for-gwyneth-paltrows-big-event/,Jennifer Aniston & Reese Witherspoon Arrive for Gwyneth Paltrow's Big Event!
gossipcop-4483964574,www.washingtonpost.com/news/the-fix/wp/2018/01/09/oprah-might-run-for-president-we-did-the-opposition-research-for-you/,Oprah Winfrey 2020? These scandals might work against her.
gossipcop-3719239565,www.gobankingrates.com/net-worth/celebrities/no-escape-movie-boost-pierce-brosnans-net-worth-owen-wilsons-net-worth/,‘No Escape’ Movie: How Will It Boost Pierce Brosnan’s Net Worth and Owen Wilson’s Net Worth?
gossipcop-5011578652,www.elle.com/uk/life-and-culture/culture/a20880463/jenna-dewan-dance-off-jlo-world-of-dance-trailer-nick-jonas/,Watch Jenna Dewan Sizzle In Dance Off With J.Lo In 'World Of Dance' Trailer
gossipcop-2123350375,tasteofcountry.com/miley-cyrus-billy-ray-the-voice-advisor-season-13/,Miley Cyrus Asks Her Dad to Be ‘The Voice’ Advisor
gossipcop-5141610439,www.newidea.com.au/angelina-jolie-hell-as-custody-battle-against-brad-pitt-backfires,Angelina's hell as custody battle backfires
gossipcop-4769457532,www.vanityfair.com/style/2018/07/jamie-foxx-and-katie-holmes-find-best-way-to-battle-breakup-rumors,Jamie Foxx and Katie Holmes Find the Best Way to Battle Breakup Rumors
gossipcop-3364701700,hollywoodlife.com/2017/09/13/george-amal-clooney-pregnant-again-baby-3rd-child-twins-birth/,Are George & Amal Clooney Pregnant With Baby #3 Less Than A Year After Twins’ Birth?
gossipcop-387775590,www.inquisitr.com/4790472/angelina-jolie-reportedly-has-shocking-effect-on-brad-pitt-jennifer-aniston-turns-to-ex-reports-express/,"Angelina Jolie’s Alleged Shocking Impact On Brad Pitt Makes Jennifer Aniston Turn To Ex, Reports ‘Express’"
gossipcop-2265581126,www.pinterest.co.uk/pin/814447913834620020/,Kate Middleton Frustrated Pregnancy Overshadowed By Prince Harry and M...
gossipcop-1563620722,www.dailymail.co.uk/video/tvshowbiz/video-1564056/Justin-Bieber-drives-Selena-Gomez-s-house-amidst-rumors.html,Justin Bieber drives up to Selena Gomez's house amidst rumors
gossipcop-7474503005,onairwithryan.iheart.com/,On Air with Ryan Seacrest
gossipcop-2758817682,www.lifeandstylemag.com/posts/miranda-lambert-blake-shelton-gwen-stefani-blessing-158417,Miranda Lambert Sent Blake Shelton and Gwen Stefani Her Blessing Before Their Cringeworthy Run-In (EXCLUSIVE)
gossipcop-1488759008,hollywoodlife.com/2018/06/06/are-robert-pattinson-kristen-stewart-back-together/,Rob Pattinson Still ‘Cares Deeply’ For Kristen Stewart — Getting Back Together After Party Reunion?
gossipcop-1463233478,www.usmagazine.com/page/3229/?KSID=607a3bab270a0339e615a3b4eb41480b&p=0,Page 3229 – Us Weekly
gossipcop-4678149709,www.intouchweekly.com/posts/channing-tatum-jenna-dewan-divorce-update-165052,Channing Tatum and Jenna Dewan's Divorce Is Getting Ugly (EXCLUSIVE)
gossipcop-4250377443,www.latimes.com/entertainment/la-et-entertainment-news-updates-2018-kanye-west-s-music-banned-by-radio-1525374663-htmlstory.html,Kanye West's music banned by radio station after slavery remarks
gossipcop-4214543640,www.harpersbazaar.com/celebrity/latest/a21083761/prince-george-extra-security-isis-threat/,Prince George Is Reportedly Getting More Security Following an ISIS Threat
gossipcop-8230208122,hollywoodlife.com/2016/10/05/gwen-stefani-blake-shelton-baby-wedding-christmas-marriage-relationship/,Gwen Stefani & Blake Shelton: Baby On The Way As They Plan Christmas Wedding: Report
gossipcop-4888675652,www.cmt.com/cmt-music-awards/winners,Winners & Nominees by Category
gossipcop-9948642977,www.washingtonpost.com/politics/2018/08/26/whether-he-wanted-or-not-john-mccain-played-an-outsized-role-trumps-political-narrative/,"Whether he wanted to or not, John McCain played an outsize role in Trump’s political narrative"
gossipcop-8204219037,www.dailymail.co.uk/tvshowbiz/article-6112329/Drew-Barrymore-Timothy-Olyphant-enjoy-spot-downtime-filming-Santa-Clarita-Diet.html,Drew Barrymore and Timothy Olyphant enjoy a spot of downtime while filming Santa Clarita Diet
gossipcop-6925362148,www.elle.com/uk/life-and-culture/a22671916/rosie-huntington-whiteley-pictures-of-jack/,Rosie Huntington-Whiteley Just Shared Very Rare And Adorable Pictures Of Her Little Family
gossipcop-2723098494,www.mirror.co.uk/3am/celebrity-news/meghan-markle-instagram-deleted-photos-11299580,the intimate snaps from her life before Prince Harry
gossipcop-4328788992,radaronline.com/exclusives/2017/01/sandra-bullock-bryan-randall-wedding-cold-feet/,Sandra Bullock’s Wedding Shocker — Plans To Marry Bryan Randall ‘On Hold’
gossipcop-7473766740,,Jennifer Hudson Diva On ‘ The Voice UK ’ Set  Report
gossipcop-896182376,www.inquisitr.com/4766138/kristen-stewart-robert-pattinson-2018-actress-rumored-to-direct-their-next-film-together-and-quit-acting/,"Kristen Stewart, Robert Pattinson 2018: Actress Rumored To Direct Their Next Film Together And Quit Acting"
gossipcop-6969751557,www.usmagazine.com/celebrity-moms/news/mila-kunis-talks-pregnancy-divorce-rumors/,"Mila Kunis Talks Pregnancy, Divorce Rumors"
gossipcop-511943375,,   Khloe Kardashian Fears She ll Be Dumped In Delivery Room Dumped In Delivery Room By Tristan Thompson 
gossipcop-1541245230,www.justjared.com/2018/04/05/kristen-stewart-steps-out-with-stella-maxwell-amid-bogus-rumors-about-robert-pattinson/,Kristen Stewart Steps Out with Stella Maxwell Amid Bogus Rumors About Robert Pattinson
gossipcop-9362199425,www.etonline.com/brigitte-nielsen-is-pregnant-with-fifth-child-see-her-baby-bump-103223,Brigitte Nielsen Is Pregnant With Fifth Child -- See Her Baby Bump
gossipcop-3436359055,people.com/music/kylie-jenner-denies-kris-jenner-managing-kanye-west-travis-scott/,Kylie Jenner Denies Kris Jenner Is Managing Kanye West and Travis Scott: 'This Isn't True'
gossipcop-5050353652,www.nationalenquirer.com/celebrity/mariah-carey-lionel-richie-feud/,Mariah Carey & Lionel Richie Tour Disaster
gossipcop-2194626931,www.aceshowbiz.com/news/view/00104753.html,Report: Caitlyn Jenner Is Secretly Living Next to Kris Jenner
gossipcop-1607820555,www.vanityfair.com/style/2018/07/jennifer-aniston-latest-dating-rumors,Jennifer Aniston’s Latest Dating Rumors Are Shrouded in Mystery
gossipcop-4180382613,www.dailymotion.com/video/x6idxkn,Khloe Kardashian cutting off family after Tristan Thompson confusion?
gossipcop-9180993020,okmagazine.com/photos/scary-skinny-photos-brad-pitt-weight-loss/,Yikes! These Scary Skinny Photos Of Brad Pitt Are Truly Worrisome
gossipcop-9458505194,www.inquisitr.com/4378189/jennifer-garner-dating-chris-pine-after-affleck-divorce/,Jennifer Garner Dating Chris Pine After Ben Affleck Divorce?
gossipcop-5766393485,www.dailymail.co.uk/tvshowbiz/article-5809707/Kendall-Jenner-making-Gigi-Bella-Hadids-brother-Anwar-CFDAs-NYC.html,Kendall Jenner pictured kissing Gigi and Bella Hadid's brother Anwar
gossipcop-6532581624,www.wonderwall.com/awards-events/grammys/adele-not-panicking-about-entourage-missing-grammys-despite-report-1957865.article,"Adele NOT Panicking About Entourage Missing Grammys, Despite Report"
gossipcop-6935994561,www.imdb.com/news/ni61382716,"Maggie Gyllenhaal, Leah Remini Scientology Feud Made Up By Outlet"
gossipcop-4694169066,hollywoodlife.com/2017/03/08/daniel-radcliffe-engaged-girlfriend-erin-darke-proposed/,Daniel Radcliffe Engaged: ‘Harry Potter’ Star Proposed To Erin Darke — Report
gossipcop-6036532804,www.mirror.co.uk/3am/celebrity-news/taylor-swift-tom-hiddleston-obvious-8205027,Taylor Swift and Tom Hiddleston had 'obvious chemistry' during flirty Met Ball dance-off BEFORE Calvin Harris split
gossipcop-3942119395,www.eonline.com/news/819355/have-we-noticed-that-every-time-drake-dates-a-woman-he-s-not-really-dating-her,Have We Noticed That Every Time Drake Dates a Woman He's Not Really Dating Her?
gossipcop-9412456850,,Jessica Chastain Molly’s Game
gossipcop-4869757856,www.usmagazine.com/celebrity-news/news/angelina-jolie-is-single-not-dating-real-estate-agent/,"Angelina Jolie Is Single, Not Dating Real Estate Agent"
gossipcop-7637238101,urbanislandz.com/2014/12/09/rihanna-laughing-karrueche-tran-chris-brown-drama/,Rihanna Laughing At Karrueche Tran and Chris Brown Drama
gossipcop-5658990975,www.celebdirtylaundry.com/2017/daniel-craig-fighting-to-save-marriage-to-rachel-weisz-as-he-returns-to-james-bond/,Daniel Craig Fighting To Save Marriage To Rachel Weisz As He Returns To James Bond
gossipcop-7969619165,www.dailymail.co.uk/tvshowbiz/article-357949/Jen-pours-heart-Brad-Angelina.html,Jen pours her heart out over Brad and Angelina
gossipcop-6061450135,www.tmz.com/person/brad-pitt/,"Brad Pitt News, Pictures, and Videos"
gossipcop-9879691081,forward.com/schmooze/406999/mila-kunis-and-ashton-kutcher-s-love-story-is-straight-out-of-a-romantic-comedy/,Mila Kunis And Ashton Kutcher’s Love Story Is Straight Out Of A Romantic Comedy
gossipcop-6038714010,radaronline.com/videos/kaley-cuoco-mayim-bialik-hate-each-other/,‘Big Bang Theory’ Catfight! Inside Kaley & Mayim’s Icy Backstage Relationship
gossipcop-5860151409,www.dailymail.co.uk/tvshowbiz/article-5778163/Caitlyn-Jenner-escorts-constant-companion-Sophia-Hutchins-Nobu-Malibu-200K-purple-Porsche.html,"Caitlyn Jenner, 68, escorts gal pal Sophia Hutchins, 21, to Nobu Malibu in her $200K purple Porsche"
gossipcop-82682055,hollywoodlife.com/2017/03/17/ben-affleck-jennifer-lopez-romance-alex-rodriguez-secretly-hates-it/,Ben Affleck ‘Secretly Hates’ That Ex Jennifer Lopez Is With Alex Rodriguez — Is He Jealous?
gossipcop-1548429285,starmagazine.com/videos/selena-gomez-spies-the-weeknd-abel-tesafaye-trust-issues-video/,Selena Gomez Spies On The Weeknd
gossipcop-7845205572,www.pinterest.co.uk/pin/605523112373055712/,Brad Pitt Jennifer Aniston Secret Hideout Hills
gossipcop-7262259263,www.westcoastsurrogacy.com/become-a-surrogate-mother/surrogate-mother-compensation,Surrogate Mother Compensation
gossipcop-9666073770,variety.com/2017/biz/news/celebrities-react-to-paris-accord-withdraw-1202450934/,Celebrities Respond as President Trump Backs Out of Paris Accord – Variety
gossipcop-1000240645,www.newidea.com.au/woman-claims-to-be-pregnant-with-brad-pitt-child,US REPORT: Brad Pitt's 'secret lover pregnant'
gossipcop-3207658967,,Gwen Stefani Call Off Blake Shelton
gossipcop-951660346,www.elle.com/culture/celebrities/news/a47246/taylor-swift-is-countersuing-for-1-in-mueller-trial/,Taylor Swift Is Countersuing for Just $1 in Her Sexual Assault Trial
gossipcop-1594116936,www.businessinsider.com/meghan-markle-prince-harry-honeymoon-in-namibia-possible-itinerary-2018-5,"What Prince Harry and Meghan Markle's honeymoon itinerary in Namibia could look like, including a moonlit dinner and hot air balloon ride"
gossipcop-2540748672,radaronline.com/videos/julia-roberts-divorce-danny-moder-cheating-scandal-richard-gere/,Julia’s $225 Million Divorce Drama! Danny Explodes Over Hot Hookup With Richard Gere
gossipcop-5993488783,radaronline.com/exclusives/2017/08/apology-sarah-ferguson/,Apology To Sarah Ferguson
gossipcop-5539650615,,Kardashians Jealous Of Jennifer Lawrence ’ s Relationship With Kris Jenner 
gossipcop-6859685462,www.dailymail.co.uk/tvshowbiz/article-4957996/Amal-Clooney-displays-post-baby-body-tight-tank-top.html,Amal Clooney displays her post-baby body in tight tank top
gossipcop-3669640770,en.wikipedia.org/wiki/Tobey_Maguire,Tobey Maguire
gossipcop-7887456921,www.yourtango.com/2018312939/why-wont-tom-cruise-see-his-daughter-new-details-suri-cruise-misses-skips-birthday-party,New Report Reveals How Suri Cruise Is Desperate To See Tom Cruise After He Missed Her 12th Birthday Party
gossipcop-1432833690,www.eonline.com/news/912949/chris-brown-says-he-wants-to-tour-with-rihanna-beyonce-and-bruno-mars,"Chris Brown Says He Wants to Tour With Rihanna, Beyoncé and Bruno Mars"
gossipcop-5590516976,www.today.com/popculture/rip-jack-mandy-moore-shares-cast-reaction-tragic-us-episode-t122251,"RIP, Jack: Mandy Moore shares cast reaction to tragic 'This Is Us' episode"
gossipcop-7646322922,www.her.ie/celeb/beyonces-twins-birth-certificates-show-link-kim-kardashian-355828,Beyoncé's twins birth certificates show link to Kim Kardashian
gossipcop-6621065312,www.foxnews.com/entertainment/2017/12/05/terry-crews-slams-former-national-enquirer-editor-accused-sexual-assault-for-threatening-him-with-false-story.html,Terry Crews slams former National Enquirer editor accused of sexual assault for threatening him with false story
gossipcop-3114445948,www.therichest.com/lifestyles/15-reasons-why-jennifer-lawrence-cant-find-a-celeb-partner/,15 Reasons Why Jennifer Lawrence Is A Lot To Handle
gossipcop-9048421746,knowyourmeme.com/memes/internet-death-hoaxes,Internet Death Hoaxes
gossipcop-2079600940,theblast.com/jennifer-lopez-denies-engagement-rumors-alex-rodriguez/,Jennifer Lopez Shoots Down Alex Rodriguez Engagement Rumors
gossipcop-2183908850,www.imdb.com/news/ni61413672,"Will Ferrell, Mel Gibson Feuded On ‘Daddy’s Home 2’ Set?"
gossipcop-6548314707,variety.com/2017/biz/news/hannibal-buress-arrested-miami-disorderly-intoxication-1202635416/,Hannibal Buress Arrested in Miami for Disorderly Intoxication
gossipcop-7921561941,www.puredwts.com/tag/rachel-lindsay/,Pure Dancing with the Stars
gossipcop-5111151830,www.eonline.com/photos/3758/dancing-with-the-stars-special-guests/148152,Blake Shelton from Dancing With the Stars: Special Guests!
gossipcop-2723724780,hollywoodlife.com/2017/02/01/nick-jonas-dating-sara-sampaio-la-bowling-alley-date/,Nick Jonas Dating ‘Victoria Secret’ Model Sara Sampaio? He Was ‘All Over Her’
gossipcop-6318265526,www.radiotimes.com/news/2018-08-24/the-crown-season-2-prince-charles/,The Crown season 2: What was Prince Charles really like as young boy? – and why did he hate Gordonstoun?
gossipcop-4886092747,www.harpersbazaar.com/uk/fashion/fashion-news/longform/a43015/kristen-stewart-september-issue-cover/,"Kristen Stewart: ""I've been deeply in love with everyone I've dated"""
gossipcop-3520799043,www.imdb.com/title/tt2713180/,Fury (2014)
gossipcop-9424432182,celebrityinsider.org/kanye-west-is-reportedly-heading-for-another-breakdown-and-relapse-173090/,Kanye West Is Reportedly Heading For Another Breakdown And Relapse
gossipcop-6159229395,variety.com/2017/dirt/real-estalker/keith-urban-nicole-kidman-manhattan-townhouse-1202623916/,Keith Urban Buys Nicole Kidman Manhattan Townhouse – Variety
gossipcop-6119648970,radaronline.com/videos/kim-kardashian-kanye-west-spending-spree-kuwtk-contract/,Kashing In! Kim & Kanye Go On INSANE Shopping Spree After Signing Million Dollar Deal
gossipcop-4543366058,www.wattpad.com/374935964-harry-styles-one-shots-blurbs-imagines-baby-fever,"Harry Styles One Shots, Blurbs & Imagines"
gossipcop-8262257490,heavy.com/news/2016/09/angelina-jolie-lesbian-lover-girlfriend-jenny-shimizu-divorce-brad-pitt/,"Jenny Shimizu, Angelina Jolie’s Ex-Girlfriend: 5 Facts"
gossipcop-4618345996,www.usatoday.com/story/sports/ftw/2018/05/10/jennifer-lopez-says-theres-no-pressure-on-alex-rodriguez-to-propose/111162282/,J-Lo: 'No pressure' on A-Rod to propose
gossipcop-6653733083,radionowhouston.com/75546/katy-perry-furious-over-taylor-swifts-video-for-look-what-you-made-me-do/,Katy Perry Furious Over Taylor Swift’s Video for “Look What You Made Me Do”
gossipcop-976889623,www.elle.com/uk/life-and-culture/a22428656/miley-cyrus-liam-hemsworth-break-up/,Miley Cyrus And Liam Hemsworth Have Reportedly Broken Up Again
gossipcop-1375570271,theriver973.iheart.com/content/2017-12-07-katie-holmes-not-pregnant-and-planning-wedding-with-jamie-foxx/,Katie Holmes NOT Pregnant And Planning Wedding With Jamie Foxx
gossipcop-5347539203,ew.com/movies/2017/04/26/jonathan-demme-dead-celebs-react/,Celebrities react to the death of Jonathan Demme: 'He could do anything'
gossipcop-3117082249,hollywoodlife.com/2018/01/29/justin-bieber-skips-grammys-partying-in-la-watch/,Justin Bieber Caught Partying On Grammys Night After Skipping ‘Despacito’ Performance
gossipcop-1863545463,time.com/4903006/donald-trump-charloteesville-press-conference-celebrity-reactions/,Celebrities React Donald Trump Defending White Nationalists
gossipcop-3407099223,www.celebitchy.com/290869/charlize_theron_seth_mcfarlane_had_a_sushi_date_last_night_cute_or_terrible/,Charlize Theron & Seth McFarlane had a sushi date last night: cute or terrible?
gossipcop-6061862691,variety.com/2017/music/news/tom-petty-dead-dies-celebrities-react-1202578242/,Tom Petty Dead: Celebrities React on Social Media – Variety
gossipcop-2469835068,countryrebel.com/blogs/videos/truth-surfaces-behind-rumors-of-blake-shelton-miranda-lambert-reunion/,Truth Surfaces Behind Rumors Of Blake Shelton & Miranda Lambert Reunion
gossipcop-3186592026,www.foxnews.com/entertainment/2018/07/24/jennifer-lopezs-boyfriend-alex-rodriguez-marks-stars-birthday-with-series-personal-photos.html,Jennifer Lopez's boyfriend Alex Rodriguez marks star's birthday with series of personal photos
gossipcop-1920823190,hollywoodlife.com/2017/08/04/rob-kardashian-blac-chyna-rapping-laughed/,Rob Kardashian ‘Laughing’ At Blac Chyna Trying To Rap: She’ll ‘Embarrass’ Herself
gossipcop-5581882868,www.quora.com/Can-a-blind-person-see-again-through-an-eye-surgery,Can a blind person see again through an eye surgery?
gossipcop-8850208522,teach2066.rssing.com/m./iwhp/zt2blt:anookYt,PAD Library - New Releases and Updates in All Categories
gossipcop-6018339028,www.nationalenquirer.com/gossip/giuliana-rancic-maria-menounos-feud-2/,Giuliana Rancic’s E! Network Power Play
gossipcop-5262783712,www.newidea.com.au/jennifer-aniston-and-brad-pitt-busted-in-aspen,Brad Pitt and Jennifer Aniston 'busted' over Aspen reunion
gossipcop-2851107288,calgarysun.com/entertainment/celebrity/robert-pattinson-in-new-relationship-report/wcm/c2d6c217-561c-4c74-9851-a4a98021ecb3,Robert Pattinson in new relationship: Report
gossipcop-9974066324,www.thenational.ae/arts-culture/film/chadwick-boseman-why-black-panther-needed-african-accent-1.700499,Chadwick Boseman: why 'Black Panther' needed African accent
gossipcop-745443119,www.instylemag.com.au/new-reports-claim-kendall-jenner-is-quitting-keeping-up-with-the-kardashians-to-move-to-paris,New Reports Claim Kendall Jenner Is Quitting 'Keeping Up With The Kardashians' To Move To Paris
gossipcop-2120490422,radaronline.com/videos/pink-sees-red-over-husband-carey-harts-boozing/,Not ‘Sober!’ Pink Sees Red Over Husband Carey Hart’s Boozing
gossipcop-4051111882,hollywoodlife.com/2017/11/15/justin-bieber-selena-gomez-tlc-help-prepare-american-music-awards/,Justin Bieber’s Showering Selena Gomez With TLC To Help Her Prepare For AMAs
gossipcop-439252914,www.harpersbazaar.com/celebrity/latest/a20729198/selena-gomez-justin-theroux-dating-rumors/,Selena Gomez & Justin Theroux May Be More Than Just Friends
gossipcop-392954107,www.dailymail.co.uk/femail/article-4795198/Man-35-spends-fortune-making-look-OLDER.html,Pawelw Ladziak spends fortune making himself look older
gossipcop-6223301313,hollywoodlife.com/2018/02/13/alex-rodriguez-jennifer-lopez-kids-babies-pregnant-getting-married-family/,Are Jennifer Lopez & Alex Rodriguez Getting Married & Having Kids Together? The Truth
gossipcop-3263817971,www.mcarchives.com/index.asp?id=14327,Mariah worried ex-manager will leak secrets after split?
gossipcop-2681102737,www.hotnewhiphop.com/kylie-jenner-and-travis-scott-are-hands-on-parents-despite-busy-schedules-news.56783.html,"Kylie Jenner & Travis Scott Are ""Hands-On Parents"" Despite Busy Schedules"
gossipcop-9202757081,www.usmagazine.com/celebrity-news/news/meghan-markle-finally-meets-queen-elizabeth-w502551/,Meghan Markle Finally Meets Queen Elizabeth
gossipcop-4478164034,www.ranker.com/list/famous-friends-of-brad-pitt/abbey-grantham,List of Brad Pitt's Best Friends
gossipcop-8365481521,radaronline.com/exclusives/2017/08/jennifer-aniston-furious-friends-parody/,"Jen Aniston Furious Over ‘Friends’ Off-Broadway Parody, Hires Lawyers To Check Script"
gossipcop-2689700497,www.hollywoodreporter.com/lists/espy-awards-2017-complete-winners-list-1019813,ESPY Awards 2017: Complete Winners List
gossipcop-1640600260,en.wikipedia.org/wiki/American_Idol_(season_16),American Idol (season 16)
gossipcop-8244925051,www.popsugar.com/celebrity/Photos-Katie-Holmes-Suri-Cruise-American-Girl-Store-Grove-LA-2992160,Photos of Katie Holmes and Suri Cruise at the American Girl Store at The Grove in LA
gossipcop-9938984303,www.eonline.com/news/930270/everything-miranda-lambert-and-blake-shelton-have-said-about-their-divorce,Everything Miranda Lambert and Blake Shelton Have Said About Their Divorce
gossipcop-4151438384,www.imdb.com/news/ni61324150,‘SNL’ Cast And Crew Hookups With Celebrity Hosts Angering Boss Lorne Michaels?
gossipcop-6181345214,calgarysun.com/entertainment/celebrity/are-darren-aronofsky-and-suki-waterhouse-dating/wcm/1f68e88e-54c7-4a47-bee4-f278dd20f8ef,Are Darren Aronofsky and Suki Waterhouse dating?
gossipcop-4133406519,hollywoodlife.com/2018/06/06/are-robert-pattinson-kristen-stewart-back-together/,Rob Pattinson Still ‘Cares Deeply’ For Kristen Stewart — Getting Back Together After Party Reunion?
gossipcop-1603411545,tribune.com.pk/story/1568901/4-leaving-jennifer-aniston-angelina-jolie-one-biggest-mistakes-brad-pitt/,Leaving Jennifer Aniston for Angelina Jolie was one of my biggest mistakes: Brad Pitt
gossipcop-8742809668,www.nationalenquirer.com/photos/bruce-willis-heart-attack-health-fears/,Bruce Willis Heart Attack Worries After Public Collapse
gossipcop-7339131842,www.inquisitr.com/3859342/kendall-jenner-not-the-boss-from-hell-who-mistreats-her-employees-debunked/,Kendall Jenner Not The ‘Boss From Hell’ Who Mistreats Her Employees [Debunked]
gossipcop-8346794076,www.imdb.com/news/ni61541502,Jim Carrey Thinks Alien Reptiles “Rule” The Earth?!
gossipcop-2836486240,www.tmz.com/2017/03/10/jennifer-garner-ben-affleck-divorce-ring-reconciliation/,Jennifer Garner -- No Ring of Truth to Reconciliation with Ben Affleck
gossipcop-7314608543,www.inquisitr.com/4947310/britney-spears-family-afraid-shell-have-second-meltdown-over-kevin-federline-drama/,Britney Spears Family ‘Afraid’ She’ll Have Second Meltdown Over Kevin Federline Drama
gossipcop-3077932694,www.yahoo.com/entertainment/mel-b-making-statement-her-004718025.html,Is Mel B Making a Statement About Her Divorce With Her MTV VMAs Dress?
gossipcop-562105988,www.eonline.com/news/930270/everything-miranda-lambert-and-blake-shelton-have-said-about-their-divorce,Everything Miranda Lambert and Blake Shelton Have Said About Their Divorce
gossipcop-7302775949,www.femalefirst.co.uk/celebrity/kylie-jenners-pregnancy-brought-closer-kourtney-kardashian-1126062.html,Kylie Jenner's pregnancy brought her closer to Kourtney Kardashian
gossipcop-1727573767,celebrityinsider.org/jennifer-aniston-will-always-be-brad-pitts-greatest-love-104413/,Jennifer Aniston Will Always Be Brad Pitt’s ‘Greatest Love’
gossipcop-6841684601,www.cheatsheet.com/entertainment/the-voice-things-we-know-about-gwen-stefani-and-blake-sheltons-relationship.html/,'The Voice': 10 Things We Know About Gwen Stefani and Blake Shelton's Relationship
gossipcop-9655844991,fashionmagazine.com/culture/selena-gomez-justin-bieber-relationship/,A Complete Timeline of Selena Gomez and Justin Bieber's Relationship
gossipcop-2568949699,www.usmagazine.com/celebrity-news/news/nbc-accused-of-whitewashing-after-tamron-halls-exit-w464849/,NBC Accused of 'Whitewashing' After Tamron Hall's Exit
gossipcop-1764765812,,John Travolta ’ t Allow Daughter Ella To Become An Actress 
gossipcop-2160787427,radaronline.com/videos/brad-pitt-dinner-sienna-miller/,Brad Pitt CAUGHT At Intimate Dinner With Sienna Miller
gossipcop-4919075720,en.wikipedia.org/wiki/Harry_Styles,Harry Styles
gossipcop-1679060929,www.dailymail.co.uk/news/article-4961318/Angelina-Jolie-s-honeytrap-plot-seize-Kony.html,Angelina Jolie's honeytrap plot to seize Uganda's Kony
gossipcop-6409267399,www.etonline.com/news/209157_brad_pitt_did_not_go_to_rehab_despite_reports_claiming_he_has,"Brad Pitt Did Not Go to Rehab Despite Tabloid Reports, Source Says"
gossipcop-5994484144,www.bramptonguardian.com/whatson-story/8038293-robert-pattinson-was-a-dork-growing-up/,Robert Pattinson was a dork growing up
gossipcop-4567612086,www.girlfriend.com.au/kanye-west-furious-at-taylor-swift,Kanye West Is Reportedly Furious At Taylor Swift For Mocking Kim Kardashian's Robbery
gossipcop-4394939976,yournewswire.com/justin-bieber-hollywood-killed-child/,Justin Bieber: Hollywood Elites Killed My Unborn Child
gossipcop-8480532008,www.nationalenquirer.com/photos/blake-shelton-miranda-gwen-triangle/,Blake Shelton’s Secret Late Night Calls To Miranda
gossipcop-6232251259,hollywoodlife.com/2018/07/18/are-robert-pattinson-sienna-miller-dating-good-match-relationship/,Are Robert Pattinson & Sienna Miller Dating? Why Friends Could Be Turning Romance — Report
gossipcop-3318815015,www.sheknows.com/entertainment/articles/1066651/ridiculous-rumors-about-ariana-grande,Ariana Grande carried like a baby and 6 other ridiculous rumors about her
gossipcop-5656473493,www.etonline.com/gwen-stefani-addresses-rumors-that-she-and-blake-shelton-are-getting-married-100034,Gwen Stefani Addresses Rumors That She and Blake Shelton Are Getting Married
gossipcop-4676785015,www.huffingtonpost.com.au/2018/04/19/chris-pratt-says-divorce-sucks-in-first-interview-about-anna-faris-split_a_23415733/,Chris Pratt Says 'Divorce Sucks' In First Interview About Anna Faris Split
gossipcop-7885025406,people.com/tv/katie-couric-matt-lauer-firing-opens-up-interview/,Katie Couric Opens Up About Matt Lauer's Firing from the Today Show
gossipcop-5642800213,www.lifeandstylemag.com/posts/kim-kardashian-kanye-west-marriage-counseling-134789/photos/kanye-west-kim-kardashian-quote-5-130354,Kanye West's Anger Issues Dominate His Counseling Sessions With Kim Kardashian (EXCLUSIVE)
gossipcop-6100799526,www.newidea.com.au/nicole-kidman-and-reese-witherspoon-in-bitter-feud,Nicole Kidman and Reese Witherspoon in bitter feud
gossipcop-9477146820,www.elle.com/culture/celebrities/news/g27884/leonardo-dicaprio-kate-winslet-oscars/,12 Photos of Leonardo DiCaprio and Kate Winslet Being Absurdly Adorable Together at the Oscars
gossipcop-6899404703,,Angelina Jolie Breaks Her Silence
gossipcop-7205321555,dallasblack.com/entertainment/rihanna-is-pregnant-with-either-drake-or-leos-baby,BABY NEWS! Rihanna is PREGNANT and she's pretty far along — Click to see her baby bump!
gossipcop-660018210,www.eonline.com/videos/233137/jamie-foxx-responds-to-katie-holmes-dating-rumors,Jamie Foxx Responds to Katie Holmes Dating Rumors
gossipcop-9281478920,www.etonline.com/ben-affleck-and-lindsay-shookus-are-still-going-strong-is-marriage-next-exclusive-104699,Ben Affleck and Lindsay Shookus Are Still Going Strong -- Is Marriage Next? (Exclusive)
gossipcop-6706668764,deadline.com/2017/02/nick-cannon-leaving-americas-got-talent-threats-firing-racial-joke-1201910314/,Nick Cannon Says He’s Leaving ‘America’s Got Talent’ After Threats Of Firing Over Racial Joke
gossipcop-361628852,www.usmagazine.com/celebrity-news/news/gwen-stefani-and-blake-shelton-put-baby-wedding-plans-on-hold/,"Gwen Stefani and Blake Shelton Put Baby, Wedding Plans on Hold"
gossipcop-9790680581,www.imdb.com/news/ni61285276,"Kourtney Kardashian, Younes Bendjima Sex Life Details Made Up By Outlet"
gossipcop-6749991746,radaronline.com/exclusives/2018/07/michael-strahan-furious-alex-rodriguez-stole-tv-spotlight/,New Feud! Michael Strahan ‘Furious’ Alex Rodriguez Stole His TV Spotlight
gossipcop-8688894238,entertainment.inquirer.net/156463/chris-nolan-explains-why-he-kept-actors-casting-a-secret,Chris Nolan explains why he kept actor’s casting a secret
gossipcop-4131669926,abc7chicago.com/society/prince-harry-meghan-markle-join-lin-manuel-miranda-at-hamilton/4098175/,"Prince Harry, Meghan Markle join Lin-Manuel Miranda at 'Hamilton'"
gossipcop-2139623414,www.mtv.com/video-clips/8q204f/mariah-carey-s-ice-cream-meltdown,Mariah Carey's Ice Cream Meltdown
gossipcop-5057875170,edayfm.com/video/HL1JzAqWMqM/,Khloe Kardashian Shuts Down Tristan Thompson ‘Couple’s Therapy’ Rumours Made By
gossipcop-6870328467,www.usatoday.com/story/life/people/2018/06/24/david-lynch-trump-guardian-greatest-history/729089002/,David Lynch says Trump won't be a great president if he continues down current path
gossipcop-4643978776,www.mercurynews.com/2017/10/14/is-george-clooney-complicit-e-r-actress-says-he-helped-silence-her-sexual-harassment-charges/,Is George Clooney complicit? ‘E.R.’ actress’ says he helped silence her sexual harassment claims
gossipcop-3946652977,people.com/sports/celebrities-react-to-new-england-patriots-philadelphia-eagles-super-bowl-lii/,Celebs React to Patriots and Eagles Going to Super Bowl LII
gossipcop-3483194758,extratv.com/2018/06/06/jennifer-lawrence-moves-on-from-darren-aronofsky-whos-her-new-man/,Jennifer Lawrence Moves on from Darren Aronofsky — Who’s Her New Man?
gossipcop-4835702276,people.com/movies/channing-tatum-jenna-dewan-split-nearly-nine-years-marriage/,Channing Tatum and Jenna Dewan Split After 9 Years of Marriage
gossipcop-8117477556,www.intouchweekly.com/posts/britney-spears-married-las-vegas-150874,A Moment of Silence for the Forgotten First Husbands of Pop Music Divas
gossipcop-1841563062,www.dailymail.co.uk/tvshowbiz/article-5400355/Ellen-DeGeneres-makes-joke-Jennifer-Aniston-marriage.html,Ellen DeGeneres makes joke about Jennifer Aniston marriage
gossipcop-9540461530,www.pinterest.co.uk/pin/538532067934817839/,"Selena Gomez Top Rumor Of 2017: Pregnant, Marrying The Weeknd"
gossipcop-4717386526,www.thehollywoodgossip.com/2018/06/ben-affleck-and-lindsay-shookus-planning-a-wedding-even-though-h/,Ben Affleck & Lindsay Shookus: Planning a Wedding Even Though He's Still Married?!
gossipcop-8667569415,www.inquisitr.com/4779872/kim-kardashian-steers-clear-from-khloes-decision-to-not-reconcile-with-caitlyn-jenner-during-pregnancy/,Kim Kardashian Supporting Khloe’s Decision Not To Involve Caitlyn In Her Child’s Life Is Fake News [Debunked]
gossipcop-9633211024,people.com/music/aaron-carter-sexuality-men-women-emotional-letter/,Aaron Carter Reveals He Is Attracted to Men and Women in Emotional Letter to Fans: 'This Doesn't Bring Me Shame'
gossipcop-9145020847,www.nationalenquirer.com/mike-walker/josh-gad-jonah-hill-mistaken-identity/,Josh Gad & Jonah Hill Laughing Over Mistaken Identities
gossipcop-5763239731,www.imdb.com/news/ni61436852,LL Cool J Can’t Remember Lines While Filming ‘NCIS: Los Angeles’?
gossipcop-7363616992,ftw.usatoday.com/2018/05/whats-going-on-with-john-cena-nikki-bella-relationship-timeline,What's going on with John Cena and Nikki Bella? A timeline
gossipcop-1928968897,www.thewrap.com/andy-samberg-justin-bieber-popstar-mockumentary-trailer-video/,Andy Samberg Mocks Justin Bieber in 'Popstar' Trailer
gossipcop-6469861699,www.celebdirtylaundry.com/2017/ellen-degeneres-urges-portia-de-rossi-to-attend-counseling-last-effort-to-repair-loveless-marriage/,Ellen DeGeneres Urges Portia De Rossi To Attend Counseling: Last Effort To Repair Loveless Marriage?
gossipcop-9239107991,finance.yahoo.com/news/nina-dobrev-stunned-pretty-pink-200000814.html,Nina Dobrev Stunned in Pretty Pink Bridesmaid Dress at Julianne Hough's Wedding
gossipcop-2486264114,www.newsday.com/sports/baseball/roy-halladay-dead-plane-crash-1.14806071,Roy Halladay dead in plane crash; former MLB pitcher was 40
gossipcop-8536862358,www.cnn.com/2017/06/22/us/bill-cosby-jury/index.html,Bill Cosby jurors give conflicting accounts of deadlock
gossipcop-8126073985,www.eonline.com/news/863870/why-brad-pitt-would-keep-any-new-romance-fiercely-private-after-his-divorce-from-angelina-jolie,Why Brad Pitt Would Keep Any New Romance Fiercely Private After His Divorce From Angelina Jolie
gossipcop-365213355,www.fevermagazine.com/2017/01/13/report-kim-kardashian-and-kanye-west-hire-sex-coach-to-save-their-marriage/,Report: Kim Kardashian and Kanye West Hire Sex Coach to Save Their Marriage
gossipcop-8904858137,www.thehollywoodgossip.com/2018/03/beyonce-blasts-kim-kardashian-with-diss-track-lyrics/,Beyonce Blasts Kim Kardashian with Diss Track Lyrics
gossipcop-9929249128,www.nbc.com/saturday-night-live/cast/cecily-strong-15431/impersonation/megyn-kelly-81376,Watch Megyn Kelly Sketches From SNL Played By Cecily Strong
gossipcop-4322858010,time.com/5017724/taylor-swift-reputation-explained/,Analyzing Every Song on Taylor Swift's Reputation
gossipcop-8287261872,www.usmagazine.com/celebrity-news/news/britney-spears-and-sam-asghari-coud-get-engaged-soon/,Britney Spears and BF Sam Asghari Could Get Engaged Soon
gossipcop-3745915597,hollywoodlife.com/2017/05/26/kendall-jenner-leaving-reality-tv-quitting-kuwtk-show/,Kendall Jenner Limiting Her ‘KUWTK’ Appearances: Why You’ll Barely See Her On TV
gossipcop-3096042623,hollywoodlife.com/2017/04/30/angelina-jolie-brad-pitt-dating-split-divorce/,Angelina Jolie ‘Terrified’ Brad Pitt Will Start Dating Again: She’s ‘Very Jealous’
gossipcop-6075942682,www.intouchweekly.com/posts/justin-timberlake-jessica-biel-fighting-baby-no-2-148876,Justin Timberlake and Jessica Biel’s Fight Over Baby No. 2 Is “Causing Problems” (EXCLUSIVE)
gossipcop-6757528747,hollywoodlife.com/2017/11/20/taylor-swift-selena-gomez-amas-performance-blown-away/,Taylor Swift ‘Blown Away’ By Selena Gomez’s Performance At AMAs After Kidney Surgery
gossipcop-6204853205,www.etonline.com/news/212684_billy_ray_cyrus_tells_fans_don_t_jump_the_gun_after_miley_marriage_speculation,Billy Ray Cyrus Tells Fans 'Don't Jump the Gun' After Miley Marriage Speculation
gossipcop-1549735722,www.lifeandstylemag.com/posts/brad-pitt-angelina-jolie-interview-126618/photos/brad-pitt-angelina-jolie-quote-9-191004,Brad Pitt Calls Angelina Jolie a Phony During Her First Sit-Down Interview (EXCLUSIVE)
gossipcop-1381944265,www.aceshowbiz.com/news/view/00104923.html,Anna Faris Is 'Furious' After Finding Half-Naked Chris Pratt With a Costume Girl
gossipcop-2179600480,www.newidea.com.au/pink-marriage-to-carey-hart-in-crisis,Very sad news about Pink’s marriage
gossipcop-7108136861,www.yourtango.com/2018313302/5-awkward-details-about-blake-shelton-and-gwen-stefanis-relationship-and-rumors-about,"5 Awkward Details About Blake Shelton And Gwen Stefani's Relationship, Including What She's Said About Marrying Him"
gossipcop-9926120474,www.usmagazine.com/celebrity-moms/news/north-west-wears-bulletproof-vest-kanye-wests-adidas-pics-2015172/,North West Wears Bulletproof Vest to Kanye West’s Adidas Show: Pics
gossipcop-887882317,www.thesun.co.uk/tvandshowbiz/4768929/scott-disick-looks-miserable-on-day-out-in-la-after-ex-kourtney-kardashian-banned-sofia-richie-from-meeting-their-kids/,Scott Disick looks miserable on day out in LA after ex Kourtney Kardashian ‘blocked’ Sofia Richie from meeting their kids
gossipcop-5040317304,www.mirror.co.uk/3am/celebrity-news/gwen-stefani-shuts-down-rumours-12194615,Gwen Stefani shuts down rumours she was 'dumped' by Blake Shelton over 'jealousy and drama' with loved-up snap
gossipcop-8379643306,,Selena Gomez Fear Justin Bieber Flirty Texting Kourtney Kardashian
gossipcop-2852717230,celebrityinsider.org/alex-rodriguez-is-reportedly-gunning-to-replace-michael-strahan-at-gma-173104/,Alex Rodriguez Is Reportedly Gunning To Replace Michael Strahan At ‘GMA’
gossipcop-2055017380,www.lifeandstylemag.com/posts/jennifer-aniston-justin-theroux-living-nyc-145758,Jennifer Aniston and Justin Theroux Are Having an East Coast vs. West Coast Battle (EXCLUSIVE)
gossipcop-7808530362,newsbeezer.com/gwen-stefani-blake-shelton-does-not-skip-the-engagement-to-elope-despite-the-report/,"Gwen Stefani, Blake Shelton does not skip the engagement to Elope, despite the report – NewsBeezer"
gossipcop-1470939687,www.foxnews.com/entertainment/2017/12/13/are-brad-pitt-and-jennifer-lawrence-dating.html,Are Brad Pitt and Jennifer Lawrence dating?
gossipcop-3904848154,www.mirror.co.uk/3am/celebrity-news/trivia-game-blunder-suggests-prince-9526773,Trivia game blunder suggests Prince Harry and Kate Middleton had a baby together - what would William say?
gossipcop-4238006644,www.news.com.au/entertainment/celebrity-life/hook-ups-break-ups/stars-who-were-blamed-for-the-end-of-pictureperfect-hollywood-relationships/news-story/dcb4a135010d8ec2e81dbcf3e3e2e586,"Chris Pratt, Anna Faris: Why Jennifer Lawrence and other stars are blamed for Hollywood splits"
gossipcop-9938603260,www.aceshowbiz.com/news/view/00114826.html,Katy Perry Bans Taylor Swift's Songs From 'American Idol'
gossipcop-6702382680,www.cosmopolitan.com.au/celebrity/khloe-kardashian-baby-girl-name-26424,Khloe Kardashian has given birth to a girl and here's what you need to know about her possible name
gossipcop-3810050309,www.tmz.com/2015/02/19/jay-z-paternity-lawsuit-rapper-rymir/,"Jay Z Sued -- I'm Your Son, Just Admit It ... Says Wannabe Rapper"
gossipcop-9016605294,www.cosmopolitan.com/entertainment/celebs/a62812/justin-bieber-selena-gomez-timeline-breakup/,A Timeline of All the Drama Between Justin Bieber and Selena Gomez
gossipcop-1614963098,www.thedailybeast.com/is-taylor-swift-kicking-kanye-and-kim-while-theyre-down,Is Taylor Swift Kicking Kanye and Kim While They’re Down?
gossipcop-775553535,en.wikipedia.org/wiki/Vince_Vaughn,Vince Vaughn
gossipcop-2500579008,www.seventeen.com/celebrity/movies-tv/news/a46484/ariel-winters-fake-baby-voice-will-make-you-instantly-uncomfortable/,Ariel Winter's Fake Baby Voice Will Make You Instantly Uncomfortable
gossipcop-6117155029,www.bravotv.com/the-real-housewives-of-beverly-hills/personal-space/surprise-katharine-mcphee-and-david-foster-engaged,Surprise! Katharine McPhee and David Foster Are Engaged
gossipcop-3032166920,abcnews.go.com/Entertainment/crown-star-vanessa-kirby-addresses-rumors-shes-dating/story?id=55899498,"'The Crown' star Vanessa Kirby addresses rumors she's dating Tom Cruise, discusses how Meghan Markle is changing the royal family,"
gossipcop-4312381022,www.dailymail.co.uk/tvshowbiz/article-3798993/Christina-Applegate-dumped-mid-date-Gwyneth-Paltrow-branded-good-Jennifer-Aniston-world-s-famous-jilted-wife-look-Brad-Pitt-s-true-romances.html,A look back at Brad Pitt's true romances following Angelina Jolie divorce
gossipcop-8827203808,www.tvguide.com/celebrities/matthew-perry/165367/,"Matthew Perry Actor, Producer, Director"
gossipcop-4940004705,www.revelist.com/celebrity/kardashian-rumors-turned-out-true/10306,5 rumors the Kardashians side-eyed that turned out to be true
gossipcop-4550711612,starmagazine.com/photos/kim-kardashian-named-daughter-elle-v-west-heres/,Kim Kardashian & Kanye West Named Their Daughter Elle V. West & Here’s Why
gossipcop-7162581143,www.mercurynews.com/2018/07/12/katie-holmes-just-cant-quit-jamie-foxx-despite-his-publicly-humiliating-her-with-other-women/,Katie Holmes just can’t quit Jamie Foxx — despite his ‘publicly humiliating’ her with other women
gossipcop-5669853662,www.dailystar.co.uk/showbiz/621405/George-Amal-Clooney-hire-baby-bouncers-protect-newborn-twins-Alex-Ella,George and Amal Clooney hire 'baby bouncers' to protect newborn twins
gossipcop-1619644929,www.yahoo.com/lifestyle/sarah-jessica-parker-getting-shamed-looking-old-theres-bigger-problem-225409703.html,Sarah Jessica Parker is being shamed for looking '80 years old' — but there's a bigger problem
gossipcop-8429624812,www.rcarecords.com/artist/christina-aguilera/,Christina Aguilera
gossipcop-3393468009,www.usmagazine.com/celebrity-news/news/jennifer-lopez-talks-marriage-and-alex-rodriguez/,Jennifer Lopez Talks Marriage and Alex Rodriguez
gossipcop-9427551247,www.harpersbazaar.com/celebrity/latest/a20976513/emma-stone-dating-justin-theroux-rumors/,Emma Stone Is on Vacation with Justin Theroux in the South of France
gossipcop-4937105424,celebrityinsider.org/the-truth-behind-those-robert-pattinson-and-emma-watson-one-night-stand-rumors-107354/,The Truth Behind Those Robert Pattinson And Emma Watson One Night Stand Rumors
gossipcop-8738979052,www.billboard.com/articles/columns/pop/8465069/blake-shelton-gwen-stefani-relationship-timeline,A Timeline of Gwen Stefani & Blake Shelton's Relationship
gossipcop-765389544,www.npr.org/sections/13.7/2011/03/30/134950294/recognizing-the-potential-and-perils-of-a-limitless-mind,Recognizing The Potential And Perils Of A 'Limitless' Mind
gossipcop-639387307,www.mirror.co.uk/3am/celebrity-news/kim-kardashian-sent-panic-kanye-12469057,Kim Kardashian sent into panic as Kanye admits to drug addiction and lipo in jaw-dropping 'meltdown' rant
gossipcop-2896734550,,Kate Middleton  Pippa Feuding Over Meghan Markle 
gossipcop-640447057,hollywoodlife.com/2017/11/24/travis-scott-kylie-jenner-thanksgiving-fight-hiding-pregnancy/,Kylie Jenner & Travis Scott Are Fighting Over Her Decision To Stay in Hiding While Pregnant
gossipcop-7213619134,hollywoodlife.com/2018/04/25/did-amal-clooney-introduce-brad-pitt-neri-oxman-friends/,Brad Pitt & Neri Oxman: Amal Clooney Reportedly Introduced Brad To His New Gal Pal
gossipcop-2499994250,www.newidea.com.au/sarah-jessica-parker-baby-at-52,Sarah Jessica Parker: A baby at 52!
gossipcop-3571366577,meaww.com/jennifer-aniston-furious-over-emma-stone-and-justin-theroux-romance-rumors,Jennifer Aniston is reportedly filled with 'furious rage' over the news of Emma Stone and Justin Theroux's rumored romance
gossipcop-1753721453,www.imdb.com/title/tt7984734/,The Lighthouse (2019)
gossipcop-9855199119,www.ibtimes.com/justin-timberlake-5-other-stars-rumored-perform-super-bowl-2018-2594783,"Justin Timberlake, 5 Other Stars Rumored To Perform At Super Bowl 2018"
gossipcop-8105884993,pagesix.com/2018/03/01/kelly-and-ryans-relationship-may-not-be-as-sunny-as-it-seems/,Kelly and Ryan’s relationship may not be as sunny as it seems
gossipcop-5229507922,,HollywoodLife ’ s Gwen Stefani  Blake Shelton Stories Are Bullsplit
gossipcop-7668970570,www.networthwikibio.com/ellen-degeneres-bio-age-married-husband-daughter-partner-salary-and-net-worth.html,"Ellen DeGeneres Bio, Age, Married, Husband, Daughter, Partner, Salary and Net Worth"
gossipcop-2518380754,www.newidea.com.au/angelina-jolie-dating-cambodian-rap-star-prach-ly,Angelina Jolie: Meet my new man
gossipcop-8079114380,www.thetalko.com/14-reasons-why-you-shouldnt-envy-the-kardashians/,14 Reasons Why You Shouldn't Envy The Kardashians
gossipcop-2981171702,www.newidea.com.au/tom-cruise-and-jane-fonda-spark-romance-rumours,Tom Cruise and Jane Fonda spark romance rumours
gossipcop-8970313893,au.be.yahoo.com/katy-perry-seeking-revenge-on-selena-gomez-with-the-weeknd-rumor-patrol-38127547.html,Katy Perry Seeking REVENGE ON Selena Gomez With The Weeknd?! (Rumor Patrol)
gossipcop-8993161151,kardashiandish.com/2017/10/28/kardashians-hired-private-investigators-dig-dirt-blac-chyna/,The Kardashians hired private investigators to dig up dirt on Blac Chyna
gossipcop-1694402592,www.target.com/b/britney-spears/-/N-5t8vf,Britney Spears : Target
gossipcop-1500346265,nypost.com/2017/04/08/inside-the-rock-and-vin-diesels-furious-feud/,Inside The Rock and Vin Diesel’s ‘Furious’ feud
gossipcop-1042406339,www.yourtango.com/2018313302/5-awkward-details-about-blake-shelton-and-gwen-stefanis-relationship-and-rumors-about,"5 Awkward Details About Blake Shelton And Gwen Stefani's Relationship, Including What She's Said About Marrying Him"
gossipcop-497081980,www.latimes.com/entertainment/la-et-grammys-2018-nominations-live-here-s-why-taylor-swift-was-shut-out-1511879531-htmlstory.html,Here's why Taylor Swift was shut out from the top 2018 Grammy categories
gossipcop-4992887613,www.architecturaldigest.com/story/kim-kardashian-kanye-west-50k-pool,Kim Kardashian and Kanye West Are Reportedly Building a $50K Pool
gossipcop-8897143051,deadline.com/2018/02/robert-pattinson-dishes-on-western-comedy-damsel-as-he-says-he-would-absolutely-return-to-franchise-land-1202291371/,Robert Pattinson Dishes on Western Comedy ‘Damsel’ As He Says He Would “Definitely” Return To Franchise-Land
gossipcop-6991357264,www.usmagazine.com/celebrity-news/news/brad-pitt-girlfriend-neri-oxman-talk-on-the-phone-several-times-a-day/,"Brad Pitt, Girlfriend Neri Oxman ‘Talk on the Phone Several Times a Day’"
gossipcop-6252939830,www.eonline.com/news/958590/how-scott-disick-feels-about-kourtney-kardashian-and-younes-bendjima-s-breakup,How Scott Disick Feels About Kourtney Kardashian and Younes Bendjima's Breakup
gossipcop-275670342,www.vanityfair.com/style/2017/03/kate-middleton-prince-william-ski-trip,Kate Middleton Is “Less than Pleased” with Prince William’s Ski-Trip Behavior
gossipcop-8639851395,hollywoodlife.com/2017/09/07/tom-cruise-katie-holmes-jamie-foxx-relationship-dating-betrayed/,Tom Cruise Feels ‘Betrayed’ By Katie Holmes & Jamie Foxx’s Secret Romance
gossipcop-6199885740,,  Jennifer Aniston Moving On Moving On With Jake Gyllenhaal 
gossipcop-6959854992,,Tom Cruise Extra Renee Bargh
gossipcop-1518320128,www.cairnspost.com.au/entertainment/justin-bieber-jetting-to-coachella-with-another-mystery-girl-who-is-she/video/a7d43063850993f2a142b898d5a35b39,Justin Bieber Jetting To Coachella With ANOTHER Mystery Girl! Who Is She?!
gossipcop-2333766473,www.x17online.com/2018/06/ben_affleck_girlfriend_lindsay_shookus_pregnant_baby_bump_expecting_child_photos_video_061818,Is Ben Affleck's Girlfriend Lindsay Shookus Pregnant?!
gossipcop-4224035489,feminism.trendolizer.com/2018/01/taylor-swift-fck-the-virtue-signalling-left.html,Taylor Swift: F*ck The Virtue Signalling Left
gossipcop-8044555175,www.dailymail.co.uk/news/article-4155186/Is-Kim-Kardashian-s-stolen-jewellery-funding-terrorism.html,Is Kim Kardashian's stolen jewellery funding terrorism?
gossipcop-3576564168,www.cheatsheet.com/entertainment/gwen-stefani-and-blake-shelton-the-real-reason-this-power-couple-isnt-ready-to-get-married.html/,Gwen Stefani and Blake Shelton: The Real Reason This Power Couple Isn’t Ready to Get Married
gossipcop-2711561713,ew.com/movies/2018/05/02/a-simple-favor-trailer-blake-lively-anna-kendrick/,Blake Lively keeps dark secret from Anna Kendrick in A Simple Favor trailer
gossipcop-3242410797,www.aceshowbiz.com/news/view/00105189.html,Joshua Jackson 'Secretly' Dating January Jones
gossipcop-1956991247,www.dnaindia.com/entertainment/report-you-will-not-believe-how-much-george-and-amal-clooney-are-spending-on-the-delivery-of-their-twins-2415692,You will not BELIEVE how much George and Amal Clooney are spending on the delivery of their twins!
gossipcop-7179143698,variety.com/2018/tv/news/big-little-lies-season-2-shailene-woodley-laura-dern-zoe-kravitz-1202702631/,"‘Big Little Lies’ Season 2: Shailene Woodley, Laura Dern, Zoë Kravitz Set to Return"
gossipcop-1477811185,toofab.com/2017/03/31/victoria-beckham-and-james-cordens-carpool-karaoke-with-a-mannequin-twist-video/,Victoria Beckham and James Corden's Carpool Karaoke Has A 'Mannequin' Twist (Video)
gossipcop-4973216770,www.albawaba.com/entertainment/justin-bieber-and-finace-hailey-baldwin-want-tie-knot-next-year-1173066,Justin Bieber and Finace Hailey Baldwin Want to Tie the Knot Next Year
gossipcop-7932521110,thestir.cafemom.com/celebrities/212722/meghan-markle-pregnant-baby-bump,Is Meghan Markle Already Pregnant? The Evidence Speaks for Itself
gossipcop-4294141783,www.etonline.com/caitlyn-jenner-wasnt-happy-first-about-kylie-jenner-becoming-young-mom-source-says-exclusive-94534,"Caitlyn Jenner 'Wasn't Happy at First' About Kylie Jenner Becoming a Young Mom, Source Says (Exclusive)"
gossipcop-3414394050,www.nbcnews.com/storyline/inauguration-2017/jennifer-holliday-backs-out-trump-inaugural-performance-n706931,Jennifer Holliday Backs Out of Trump Inauguration Performance
gossipcop-5163590625,www.dailymail.co.uk/tvshowbiz/article-3220409/Ed-Skrein-blames-scenes-politics-Game-Thrones-departure.html,Transporter star Ed Skrein blames behind the scenes politics for Game Of Thrones departure
gossipcop-1859502594,pagesix.com/2018/01/24/dancing-with-the-stars-is-courting-caitlyn-jenner/,‘Dancing with the Stars’ is courting Caitlyn Jenner
gossipcop-6875376493,www.dailymail.co.uk/tvshowbiz/article-5715933/Keith-Urban-awkward-accepting-praise-Nicole-Kidman.html,Keith Urban awkward on accepting praise for Nicole Kidman
gossipcop-1066584446,www.dailymail.co.uk/femail/article-5032503/White-Witch-warns-Angelina-Jolie-against-using-spells.html,White Witch warns Angelina Jolie against using spells
gossipcop-5188841381,metro.co.uk/2017/10/30/kim-kardashian-disgusted-by-scott-disicks-desperate-revenge-on-sister-kourtney-7037836/,Kim Kardashian disgusted by Scott Disicks ‘desperate revenge’ on sister Kourtney
gossipcop-9691355922,www.theguardian.com/music/2017/jun/11/katy-perry-interview-witness-album-glastonbury,‘I created this character called Katy Perry. I didn’t want to be Katheryn Hudson. It was too scary’
gossipcop-7129453903,hollywoodlife.com/2018/04/26/blake-shelton-gwen-stefani-stronger-miranda-lambert-evan-felker-romance/,Blake Shelton & Gwen Stefani ‘Stronger Than Ever’ After Miranda Lambert’s New Romance
gossipcop-8638680608,www.nytimes.com/2017/06/30/us/mika-brzezinski-trump-tweets.html,‘Morning Joe’ Hosts and Trump Bring National Enquirer Into Their Feud
gossipcop-6147173555,hollywoodlife.com/2017/08/27/would-brad-pitt-get-back-together-with-angelina-jolie-divorce/,Is Brad Pitt Open To Getting Back Together With Angelina After Rumors She’s Into It?
gossipcop-2070684253,okmagazine.com/photos/matt-damon-falling-out-ben-affleck/,Inside Matt Damon's Falling Out With Ben Affleck Over His New Relationship
gossipcop-6037147922,www.huffingtonpost.com/entry/miley-cyrus-leave-country-trump_us_59ccfbd7e4b05063fe0f7b57,Miley Cyrus Has No Plan To Leave The Country In The Era Of Trump
gossipcop-4983115467,www.lifeandstylemag.com/posts/paris-jackson-boyfriend-tyler-green-148370,Paris Jackson’s Family Fears Her New BF Tyler Green Is a Bad Influence (EXCLUSIVE)
gossipcop-8145641972,marriedbiography.com/the-news-of-keith-urban-getting-upset-with-nicole-kidman-how-much-of-it-is-trueknow-more-about-their-relationship/,The News of Keith Urban Getting Upset with Nicole Kidman!! How much of it is true?Know more about their Relationship – Married Biography
gossipcop-658245397,,Celebrity Reactions  Steve Bannon Removed As Donald Trump ’ s Chief Strategist
gossipcop-9639030559,www.imdb.com/news/ni61489703,"Blac Chyna Bentley Not Repossessed, Despite Claims"
gossipcop-8865743828,www.vanityfair.com/style/2017/07/taylor-swift-gym-paparazzi-pictures-laying-low-2017,"Taylor Swift Is Really Committed to This Laying Low Thing, Huh?"
gossipcop-7430281936,www.myz99.com/golden-globes-women-speak-out-in-unity-about-sexual-harassment/,Golden Globes Women Speak Out In Unity About Sexual Harassment
gossipcop-1659503489,people.com/parents/ciara-russell-wilson-welcome-daughter-sienna-princess/,Ciara and Russell Wilson Welcome Sienna Princess
gossipcop-9966731044,www.imdb.com/news/ni61437772,"Russell Crowe Not Pursuing Nicole Kidman, Despite Report"
gossipcop-9931783040,www.imdb.com/news/ni61326077,"Jamie Foxx Not Renting Out Disneyland For Katie Holmes, Despite Fake News"
gossipcop-6523629288,celebrityinsider.org/jennifer-aniston-and-justin-theroux-finally-ready-for-a-baby-inside-the-reports-they-hired-a-surrogate-81482/,Jennifer Aniston And Justin Theroux Finally Ready For A Baby? Inside The Reports They Hired A Surrogate
gossipcop-647321286,news.google.com/stories/CAAqOQgKIjNDQklTSURvSmMzUnZjbmt0TXpZd1NoTUtFUWpjcXBuYmpJQU1FZHVjUHlYOHQxS0tLQUFQAQ,Google News
gossipcop-3323597040,www.harpersbazaar.com.sg/life/selena-gomez-justin-theroux-dating-rumours/,Selena Gomez & Justin Theroux May Be More Than Just Friends
gossipcop-7714793816,radaronline.com/videos/caitlyn-jenner-deaf-hearing-aid-sophia-hutchins/,Caitlyn’s Hearing Hell! Jenner Leans On New Girlfriend For Support As She Goes Deaf
gossipcop-5280849149,www.nationalenquirer.com/celebrity/caitlyn-jenner-dog-puppy-love/,Caitlyn Jenner’s Rich Bitch — Star Is Spoiling Her Pet
gossipcop-1858381621,people.com/books/caitlyn-jenner-confirms-she-underwent-gender-reassignment-surgery-in-new-memoir/,Why Caitlyn Jenner Decided to Undergo Sex Reassignment Surgery
gossipcop-5316990322,www.washingtonpost.com/news/early-lead/wp/2017/07/14/ryan-lochte-cleared-of-false-report-charge-after-incident-at-rio-olympics/,Ryan Lochte cleared of false-report charge after incident at Rio Olympics
gossipcop-7625390960,www.capitalfm.com/artists/one-direction/photos/harry-styles-taylor-swift-relationship/,Harry Styles And Taylor Swift Back Together? Are The Power Couple Of Pop Past Dating Again?
gossipcop-3124466663,hollywoodlife.com/2017/07/14/selena-gomez-the-weeknd-reunion-apart-relationship/,Selena Gomez Eager For ‘Explosive’ Reunion With The Weeknd After Tough Time Apart
gossipcop-9110452054,www.dailymail.co.uk/femail/article-2323892/One-Kardashian-How-Anna-Wintour-banned-Kims-mom-Kris-Jenner-Met-Ball-Real-Housewives-werent-welcome-either.html,'One Kardashian is enough!' How Anna Wintour 'banned' Kim's mom Kris Jenner from the Met Ball (and the Real Housewives weren't welcome either)
gossipcop-6979069951,www.heraldsun.com.au/entertainment/kourtney-kardashian-moving-on-with-travis-barker/video/4e007ce9e0205bcf7e079be68cfff403,Kourtney Kardashian MOVING ON With TRAVIS BARKER!?
gossipcop-3327428153,www.imdb.com/name/nm0000123/bio,George Clooney
gossipcop-8781100192,hollywoodlife.com/2017/10/12/jennifer-garner-heartbroken-ben-affleck-drama-worried-children/,Jennifer Garner ‘Heartbroken’ Over Ben Affleck Drama — ‘Worried For Their Children’
gossipcop-313797932,radaronline.com/videos/megyn-kelly-ticket-trouble-today-show/,Megyn Kelly Struggling To Fill Studio Audience Of Failing Show!
gossipcop-5749702620,people.com/music/kanye-west-explosive-fights-kris-jenner-kim-kardashian-control/,Kanye West Has Had 'Explosive' Fights with Kris Jenner
gossipcop-7837023409,www.msn.com/en-us/movies/celebrity/brad-pitt-bid-120k-to-watch-game-of-thrones-with-emilia-clarke/ar-BBI0uia,Brad Pitt bid $120k to watch 'Game of Thrones' with Emilia Clarke
gossipcop-5166944687,www.hellomagazine.com/celebrities/2018061749497/david-victoria-beckham-romantic-walk-following-split-rumours/,David and Victoria Beckham enjoy romantic walk in the countryside
gossipcop-514547189,www.usatoday.com/story/life/people/2018/08/07/angelina-jolie-accuses-brad-pitt-not-paying-child-support/925643002/,Angelina Jolie accuses Brad Pitt of not paying 'meaningful' child support in court docs
gossipcop-9721791122,,Gwen Stefani NOT Secretly Adopting Baby Girl  Despite Report
gossipcop-4107902809,www.huffingtonpost.com/entry/how-feasible-oceans-8-heist-blow-by-blow-explanation_us_5b0efb3de4b0be10a4881dac,But How Feasible Is The 'Ocean's 8' Heist Really? A Blow-By-Blow Examination
gossipcop-994450447,people.com/chica/jlo-arod-personal-similarities-relationship,J.Lo and A-Rod Have More In Common Than You Think
gossipcop-929011404,hollywoodlife.com/2018/08/15/kris-jenner-reacts-kanye-west-wants-sex-with-kim-kardashian-sisters-xtcy-song/,Kris Jenner Still ‘Loves’ Kanye West… Even If He Wants To Have Sex With Kim’s Sisters — Watch
gossipcop-886177297,abcnewsradioonline.com/entertainment-news/contestant-corinne-olympios-breaks-silence-about-bachelor-in.html,ABC News Radio
gossipcop-5716738084,www.thenational.ae/arts-culture/film/speculation-that-jennifer-lawrence-to-blame-for-faris-pratt-split-1.617843,Speculation that Jennifer Lawrence to blame for Faris Pratt split
gossipcop-4135368856,novom.ru/watch/de34pD6GWPs,Tiffany Haddish Role-Plays Her First Date with Brad Pitt
gossipcop-2415967432,www.popsugar.com/celebrity/Milo-Ventimiglia-Talks-About-Jennifer-Lopez-Movie-2018-45166467,Milo Ventimiglia Talks About Jennifer Lopez Movie 2018
gossipcop-1577558126,www.newidea.com.au/camilla-duchess-of-cornwall-secret-plot-against-meghan-markle-exposed,Camilla’s evil plot exposed
gossipcop-7505137738,people.com/tv/kim-kardashian-kanye-west-anxiety-after-paris/,Kim Kardashian Says She Didn't Realize Kanye West Was Suffering from Anxiety After Paris Attack
gossipcop-7052542773,www.etonline.com/media/videos/katy-perry-rocks-lingerie-look-for-date-night-with-orlando-bloom-105992,Katy Perry Rocks Lingerie Look for Date Night With Orlando Bloom
gossipcop-1797789619,people.com/home/nicole-curtis-fights-for-custody-of-3-year-old-son-as-ex-claims-shes-not-a-fit-mother/,Nicole Curtis Fights for Custody of 3-Year-Old Son as Ex Claims She's 'Not a Fit' Mother
gossipcop-6524959734,www.imdb.com/news/ni61276727,"Brad Pitt Writing Tell-All About Angelina Jolie, Jennifer Aniston Is Made-Up Cover Story"
gossipcop-9746890701,www.dailymail.co.uk/news/article-3373403/Lawyer-defends-bankrupt-Teresa-Giudice-s-90-000-Lexus-gift-photos-arriving-home-jail-reuniting-husband-children.html,"Bankrupt Teresa Giudice's $90,000 Lexus SUV gift 'because she needs a car'"
gossipcop-5379009295,www.celebitchy.com/375880/jennifer_aniston_warns_justin_theroux_stay_away_from_terry_richardson/,Jennifer Aniston warns Justin Theroux: stay away from Terry Richardson!
gossipcop-4845459298,www.express.co.uk/news/royal/989013/Meghan-Markle-Kate-Middleton-Royal-news-Royal-Family-Wimbledon,Meghan Markle 'HERO WORSHIPS' her friend Kate Middleton according to body language expert
gossipcop-9972876875,www.cheatsheet.com/entertainment/the-voice-things-we-know-about-gwen-stefani-and-blake-sheltons-relationship.html/,'The Voice': 10 Things We Know About Gwen Stefani and Blake Shelton's Relationship
gossipcop-2517493842,www.yahoo.com/lifestyle/lea-michele-hannibal-lecter-scream-181933229.html,Lea Michele as Hannibal Lecter is a “Scream Queens” moment to die for
gossipcop-6641093582,www.thisisinsider.com/selena-gomez-justin-bieber-engagement-sexist-reactions-2018-7,People can't stop wondering if Selena Gomez reacted to Justin Bieber's engagement — but everyone's concern is unnecessary and sexist
gossipcop-3953802371,www.dailymail.co.uk/video/tvshowbiz/video-1452309/Sarah-Jessica-Parker-Andy-Cohen-family-Chocolate-Factory.html,Sarah Jessica Parker with Andy Cohen & family for Chocolate Factory
gossipcop-4309555993,www.imdb.com/news/ni61420325,"Robert Downey Jr. Did Not “Blow Whistle On Hollywood Pedophile Ring,” Despite Claim"
gossipcop-109561633,www.etonline.com/biggest-celebrity-feuds-2017-92730,The Biggest Celebrity Feuds of 2017
gossipcop-8139891112,www.magzter.com/article/Celebrity/Star/Jessica-Hits-Rock-Bottom,Jessica Hits Rock Bottom!
gossipcop-4802653039,www.imdb.com/news/ni61378483,Katy Perry Did Not Say “‘Sick’ Pedophiles ‘Control’ The Music Industry”
gossipcop-4886265406,hollywoodlife.com/2018/06/13/khloe-kardashian-tristan-thompson-moving-la-live-separately-los-angeles/,Khloe Kardashian & Tristan Thompson Reportedly Both Moving Back To LA — But Not Together
gossipcop-9030342447,www.sacbee.com/news/nation-world/national/article208328339.html,Hoax claims Joy Behar wished Trump's death on Twitter
gossipcop-716036284,www.msn.com/en-us/movies/celebrity/will-smith-jada-pinkett-not-getting-%E2%80%9Cdollar270-million-divorce%E2%80%9D-despite-report/ar-BBIzKn3,"Will Smith, Jada Pinkett NOT Getting “$270 Million Divorce,” Despite Report"
gossipcop-3535032128,news.jill9.com/gigi-hadid-zayn-malik-never-had-baby-nine-months-after-fake-pregnancy-rumor-9764645/,"Gigi Hadid, Zayn Malik Never Had Baby Nine Months After Fake Pregnancy Rumor"
gossipcop-759972540,okmagazine.com/photos/ben-affleck-cheated-jennifer-garner-nanny-christine-ouzounian-dating/,Ben Affleck Cheated On Jennifer Garner With Nanny Christine Ouzounian: Report
gossipcop-4161797733,ew.com/news/2017/03/24/celebs-react-health-care-bill-fail/,Celebs respond to Trumpcare bill fail
gossipcop-9354604651,metro.co.uk/2018/05/02/kate-middleton-age-birthday-children-net-worth-compares-meghan-markles-7515859/,"Kate Middleton age, children and net worth compared to Meghan Markle"
gossipcop-1784520868,www.wonderwall.com/celebrity/justin-theroux-selena-gomez-not-sending-flirty-texts-following-jennifer-aniston-split-despite-report-3013676.article,"Justin Theroux, Selena Gomez NOT Sending Flirty Texts Following Jennifer Aniston Split, Despite Report"
gossipcop-5220162545,deadline.com/2018/06/legally-blonde-3-reese-witherspoon-mgm-kirsten-smith-karen-mccullah-1202402011/,"Reese Witherspoon, MGM Bringing The Gang Back For ‘Legally Blonde 3’"
gossipcop-807502947,heatworld.com/celebrity/news/miley-cyrus-liam-hemsworth-wedding-pregnant/,Miley Cyrus: from bride-to-be to baby on board
gossipcop-4409997082,www.newidea.com.au/brad-and-ange-back-together,Brad and Ange back together
gossipcop-1858824870,celebrityinsider.org/jennifer-aniston-and-justin-theroux-are-having-major-regrets-over-their-split-140849/,Jennifer Aniston And Justin Theroux Are Having ‘Major Regrets’ Over Their Split
gossipcop-6798466350,okmagazine.com/photos/weeknd-jealous-selena-gomez-new-co-star-jude-law/,"The Weeknd Is Jealous Of Selena Gomez’ New Co-Star, British Hottie Jude Law"
gossipcop-5427306657,,Angelina Jolie About What Her Kids Will Read Online About Her 
gossipcop-3555835496,www.nationalenquirer.com/celebrity/sandra-bullock-bryan-randall-marriage-new-boyfriend/,Sandra Bullock’s Getting Hitched
gossipcop-1032468824,www.newidea.com.au/brad-pitt-crushing-on-margot-robbie,Brad Pitt and Margot Robbie in new scandal
gossipcop-3496321439,www.quora.com/Did-Tom-Hanks-ever-have-plastic-surgery-If-so-what-did-he-have-done,"Did Tom Hanks ever have plastic surgery? If so, what did he have done?"
gossipcop-8557438579,www.foxnews.com/entertainment/2018/04/30/miranda-lambert-and-blake-had-affair-her-ex-claims.html,"Miranda Lambert and Blake Shelton had an affair, her ex claims"
gossipcop-2317778987,hollywoodlife.com/2017/10/30/kate-upton-model-lingerie-justin-verlander-world-series/,Kate Upton Models Lingerie Every Night For Justin Verlander To Inspire Him In World Series
gossipcop-4722031516,www.bustle.com/p/when-are-sophie-turner-joe-jonas-getting-married-because-were-so-ready-for-another-game-of-thrones-wedding-9585454,When Are Sophie Turner & Joe Jonas Getting Married Because We're So Ready For Another 'Game Of Thrones' Wedding
gossipcop-6370587454,radaronline.com/videos/party-prison-chris-soules-heading-nyc-fashion-week-trial/,Party Before Prison? Chris Soules Heading To NYC During Fashion Week Before Trial
gossipcop-3052686673,people.com/style/kris-jenner-retire-family-empire/,Kris Jenner Says She Has No Plans to Retire
gossipcop-2656627439,www.refinery29.com/2018/08/206665/kourtney-kardashian-scott-disick-back-together-clues,All The Signs Kourtney Kardashian & Scott Disick Are Getting Back Together
gossipcop-882459353,www.newsday.com/entertainment/celebrities/katie-holmes-tom-cruise-divorce-deal-lets-her-control-suri-s-upbringing-source-says-1.3829086,"Katie Holmes-Tom Cruise divorce deal lets her control Suri's upbringing, source says"
gossipcop-8828561773,radaronline.com/exclusives/2018/06/brad-pitt-thinks-angelina-jolie-iraq-trip-publicity-stunt/,"War Games? Brad Thinks Angelina’s Iraq Trip A Big Publicity Stunt, Says Source"
gossipcop-1603768996,hollywoodlife.com/2017/12/23/meghan-markle-royal-etiquette-rules-prince-harry-queen/,Meghan Markle ‘Overwhelmed’ By Royal Etiquette — How Harry & The Queen Are Helping
gossipcop-6390349792,marriedbiography.com/caitlyn-jenner-confrontation-kardashians-pay-per-view-tv-special-lonely-mothers-day-new-date-know/,"Caitlyn Jenner: her confrontation with the Kardashians about pay per view TV special, her lonely Mother’s day, and her new date: Know all that here! – Married Biography"
gossipcop-7619619354,www.lifeandstylemag.com/posts/kylie-jenner-spoils-stormi-webster-161217,Travis Scott Thinks Kylie Jenner Needs to Stop Spoiling Stormi Webster (EXCLUSIVE)
gossipcop-3480587019,ew.com/news/2017/06/03/london-terror-attack-ariana-grande-celebs-react/,Ariana Grande leads support for victims of London terror attack
gossipcop-2016231201,cr.adleverage.com/dgwumjc/bmzhvtk.php?pniwotmyk=versace-puns,Versace puns
gossipcop-4861558434,www.thehollywoodgossip.com/2017/09/katie-holmes-pregnant-with-jamie-foxxs-baby/,Katie Holmes: PREGNANT With Jamie Foxx's Baby?!
gossipcop-7718099321,www.eonline.com/news/399668/robert-pattinson-and-kristen-stewart-reunite-in-los-angeles-after-spending-over-two-months-apart,Robert Pattinson and Kristen Stewart Reunite in Los Angeles After Spending Over Two Months Apart
gossipcop-2369722026,norvegiani.xyz/wbfbxwpoawf/dolfzavwxn/zhub2811-karrueche-tran-et-quavo.html,kAqH 30 Karrueche tran et quavo
gossipcop-1526103103,www.eonline.com/news/949431/vanessa-kirby-dismisses-tom-cruise-romance-rumors,Vanessa Kirby Dismisses Tom Cruise Romance Rumors
gossipcop-4170688503,www.dailymail.co.uk/tvshowbiz/article-5488175/Khloe-Kardashian-sisters-Kim-Kourtney-Kylie-Kendall.html,Pregnant Khloe Kardashian enjoys baby shower with sisters and Kris
gossipcop-2526708994,hollywoodlife.com/2017/02/15/angelina-jolie-jared-leto-dating-brad-pitt-divorce/,Angelina Jolie & Jared Leto Dating After Brad Pitt Divorce — Report
gossipcop-648204100,,Beyonce  Jay Z Cashing In On Cheating Scandal With Music 
gossipcop-2163834619,www.eonline.com/news/481483/jamie-lynn-spears-talks-about-her-teenage-pregnancy-and-her-second-baby,"Jamie Lynn Spears Talks About Her Teenage Pregnancy and Her ""Second Baby"""
gossipcop-1615677123,www.nbc.com/saturday-night-live/video/sean-spicer-returns/3518897,Watch Saturday Night Live Highlight: Sean Spicer Returns
gossipcop-3873776486,deadline.com/2017/10/hollywood-celebrates-harvey-weinstein-academy-expulsion-online-1202188577/,Hollywood Celebrates Harvey Weinstein Academy Expulsion With Online Glee
gossipcop-8383689638,www.thisisinsider.com/brad-pitt-dating-ella-purnell-angelina-jolie-maleficent-2017-10,"'Completely made up': Brad Pitt isn't dating the 21-year-old who played a teen version of Angelina Jolie in a movie, says source"
gossipcop-951650153,hollywoodlife.com/2012/11/28/jessica-simpson-pregnant-second-baby-eric-johnson/,Jessica Simpson Is Pregnant Again — Report
gossipcop-4524134287,www.usmagazine.com/celebrity-news/news/jennifer-lopez-talks-marriage-and-alex-rodriguez/,Jennifer Lopez Talks Marriage and Alex Rodriguez
gossipcop-6574515067,www.instyle.com/celebrity/rebecca-romijn-jerry-oconnell,Rebecca Romijn & Jerry O'Connell
gossipcop-6651400003,www.nationalenquirer.com/photos/kanye-west-caitlyn-jenner-scandal/,Kanye West & Caitlyn Jenner Become A Couple
gossipcop-8697625230,okmagazine.com/photos/taylor-swift-new-album-breakup-boyfriend-joe-alwyn/,Taylor Swift Terrified Her Comeback Means A Breakup With Boyfriend Joe Alwyn
gossipcop-5408886782,www.cnn.com/videos/politics/2018/06/08/kim-kardashian-political-pawn-van-jones-ctn.cnn,Van Jones to Kim Kardashian: Is Trump using you?
gossipcop-1720994729,www.chatelaine.com/living/entertainment/meghan-markle-secret-first-husband/,Did Meghan Markle Have A Secret First Husband?
gossipcop-1457963353,www.eurweb.com/2018/05/dwayne-the-rock-johnson-bags-1m-to-promote-new-movie-on-social-media/,‘The Rock’ Bags $1M to Promote New Film on Social Media
gossipcop-9952783842,www.eonline.com/de/news/705311/kanye-west-auditions-for-american-idol-in-san-francisco-brings-kim-kardashian-see-photos,"Kanye West Auditions for American Idol in San Francisco, Brings Kim Kardashian: See Photos!"
gossipcop-3565235075,abcnews.go.com/Entertainment/photos/kim-marries-kanye-florence-23818030,Kim Kardashian and Kanye West's Wedding: All the Best Photos from Paris and Florence Photos
gossipcop-3033097064,pagesix.com/2017/04/23/were-drugs-to-blame-for-erin-morans-death/,Were drugs to blame for Erin Moran’s death?
gossipcop-1603093548,en.wikipedia.org/wiki/The_One_with_the_Rumor,The One with the Rumor
gossipcop-9508067313,radaronline.com/exclusives/2018/03/jamie-foxx-strays-from-katie-holmes-with-baby-mama-kristin-grannis/,Jamie Foxx Strays From Katie Holmes With His Baby Mama!
gossipcop-606633573,www.timesnownews.com/entertainment/news/international-news/article/meghan-markle-prince-harry-wedding-meghan-markle-a-nervous-wreck-before-royal-wedding-rumours-claim/229528,"Meghan Markle Prince Harry Wedding: Meghan Markle a 'nervous wreck' before royal wedding, rumours claim"
gossipcop-3265425144,www.newidea.com.au/nicole-kidman-and-keith-urban-marriage-back-on-track,Nicole Kidman and Keith Urban's marriage back on track
gossipcop-2950727916,celebrityinsider.org/caitlyn-jenner-will-not-watch-kris-and-the-kardashian-family-interview-with-megyn-kelly-35264/,Caitlyn Jenner Will Not Watch Kris and The Kardashian Family Interview With Megyn Kelly
gossipcop-1386564222,www.businessinsider.com/prince-harry-meghan-markle-giving-up-career-2018-5,The most important career decision you can make is who you marry — here's what that means for Meghan Markle
gossipcop-9006620149,www.newidea.com.au/jennifer-aniston-and-brad-pitt-busted-in-aspen,Brad Pitt and Jennifer Aniston 'busted' over Aspen reunion
gossipcop-947881619,pagesix.com/2018/03/21/cara-delevingne-cuddles-up-to-paris-jackson-in-bed/,Cara Delevingne cuddles up to Paris Jackson in bed
gossipcop-638352392,www.foxnews.com/entertainment/2018/03/15/selena-gomez-kidney-donor-francia-raisa-reveals-went-through-depression-after-transplant.html,Selena Gomez kidney donor Francia Raisa reveals she 'went through a depression' after transplant
gossipcop-5483602935,www.usatoday.com/story/life/movies/2017/05/23/review-baywatch-movie-dwayne-johnson-zac-efron/102011794/,Review: Dwayne Johnson's bland 'Baywatch' can't commit to the absurd
gossipcop-2605079092,www.imdb.com/news/ni61435870,"Jennifer Aniston Did Not “Break Down” Over Brad Pitt “Love Confession,” Despite Tabloid Cover Story"
gossipcop-5571667965,en.wikipedia.org/wiki/Angelina_Jolie,Angelina Jolie
gossipcop-580645303,hollywoodlife.com/2018/05/10/katy-perry-taylor-swift-american-idol-feud-over/,Katy Perry Thrilled Taylor Swift Feud Is Over: She Wants Her To Come On ‘American Idol’
gossipcop-2847371632,www.vanityfair.com/style/2016/08/gigi-hadid-body-shame-instagram-comments,Gigi Hadid Is Now Defending Her Leaner Body on Instagram
gossipcop-6415881397,metro.co.uk/2018/06/15/crowns-vanessa-kirby-addresses-embarrassing-rumours-dating-tom-cruise-kiss-7634671/,Vanessa Kirby addresses ‘embarrassing’ rumours she is dating Tom Cruise
gossipcop-7557531640,hollywoodlife.com/2018/02/12/jamie-foxx-katie-holmes-baby-pregnant-want-to-start-family/,Are Katie Holmes & Jamie Foxx Expecting A Baby? New Report Claims They Want To Start A Family
gossipcop-40109120,www.southernliving.com/culture/celebrities/tim-mcgraw-faith-hill-love-story,Tim McGraw Asked Faith Hill Out Over A Bowl Of Chicken And Dumplings
gossipcop-6909849467,www.hollywoodreporter.com/heat-vision/star-wars-episode-ix-takes-a-big-risk-carrie-fishers-leia-1130505,The Promise of Carrie Fisher's Final 'Star Wars' Appearance
gossipcop-2968759787,plasticsurgerylove.com/plastic-surgery-real-reason-keith-urban-never-gets-old/,"Keith Urban plastic surgery: facelift, Botox, dental work, possible nose job"
gossipcop-3616210099,www.nationalenquirer.com/photos/celine-dion-plastic-surgery-disaster-claims/,Celine Dion’s Plastic Surgery Disaster
gossipcop-7156734060,www.looptt.com/content/rihanna-said-have-faith-god-nothing-about-praying-satan-3,"Rihanna said have faith in God, nothing about praying to satan"
gossipcop-3647100996,www.imdb.com/news/ni61482165,"Angelina Jolie Not Revenge Dating Johnny Depp, Despite Report"
gossipcop-3771847066,www.imdb.com/news/ni61471577,Miley Cyrus Is Liam Hemsworth’s “Cash Cow”?
gossipcop-1289487505,people.com/celebrity/robert-pattinson-opens-up-about-keeping-his-life-private-and-going-to-therapy/,Robert Pattinson Opens Up About Keeping His Life Private and Going to Therapy
gossipcop-8483598304,okmagazine.com/photos/brad-pitt-tell-all-book-angelina-jolie-divorce-details/,Brad Pitt Is Writing A Tell-All & THIS Is What's In It!
gossipcop-3100517141,hollywoodlife.com/2017/12/25/scott-disick-younes-bendjimas-meet-kardashian-christmas-party-tension/,Scott Disick & Younes Bendjima’s ‘Awkward’ Run-In At Xmas Party: There Was ‘Definite Tension’
gossipcop-5877863085,hollywoodlife.com/2018/03/08/did-kris-jenner-pay-travis-scott-father-kylie-jenner-baby-millions/,Did Kris Jenner Pay Travis Scott $4 Million To Step Up For Kylie Jenner? New Report Claims Yes
gossipcop-106514171,radaronline.com/exclusives/2017/07/beyonce-jay-z-hire-staff-twins-rumi-sir/,Beyonce & Jay-Z Hire 18 New Employees After Twins Sir and Rumi’s Arrival
gossipcop-9843277966,okmagazine.com/videos/jamie-foxx-katie-holmes-getting-married/,Making It Official? Sources Say Jamie Foxx And Katie Holmes Are Getting Married!
gossipcop-9704751491,popcrush.com/rita-ora-meghan-markle-prince-harry-girlfriend-wendy-williams-shade/,Did Rita Ora Diss Prince Harry's Girlfriend Meghan Markle?
gossipcop-5676936066,metro.co.uk/2018/05/25/brad-pitt-angelina-jolie-still-odds-custody-six-children-two-years-split-7578629/,Brad Pitt and Angelina Jolie 'at odds' over custody of their kids
gossipcop-5583558888,people.com/movies/brad-pitt-dating-mit-professor-theyre-just-friends-report-says/,"Is Brad Pitt Dating a MIT Professor? They’re ‘Just Friends,’ Report Says"
gossipcop-1669884594,,HollywoodLife FlipFlops On Liam Payne Marrying Cheryl Cole
gossipcop-7353474504,en.wikipedia.org/wiki/Robert_Kardashian,Robert Kardashian
gossipcop-5065223711,timesofindia.indiatimes.com/entertainment/english/hollywood/news/has-brad-pitt-proposed-to-jennifer-aniston-again/articleshow/65165375.cms,Has Brad Pitt proposed to Jennifer Aniston again?
gossipcop-7339333471,www.groupeleven.com/News/ScamoftheWeek101316.pdf,Brad Pitt Committed
gossipcop-9188555877,www.newidea.com.au/justin-timberlake-and-jessica-biel-pregnant-with-second-child,Baby number two for Justin Timberlake and Jessica Biel
gossipcop-9446887225,www.theringer.com/2017/5/4/16044794/keeping-up-with-the-kardashians-ratings-season-13-3aa5b249eee7,The Dark Decline of ‘Keeping Up With the Kardashians’
gossipcop-3177810302,www.tmz.com/2018/01/18/kim-kardashian-kris-jenner-rob-and-blac-chyna-reality-show-court/,Kim Kardashian and Kris Jenner Win Big Victory in Blac Chyna's E! Lawsuit
gossipcop-6998565068,www.firstpost.com/entertainment/britney-spears-mobbed-by-fans-on-first-visit-to-israel-cancels-dinner-with-pm-benjamin-netanyahu-3776297.html,"Britney Spears mobbed by fans on first visit to Israel, cancels dinner with PM Benjamin Netanyahu- Entertainment News, Firstpost"
gossipcop-3281154264,www.wccbcharlotte.com/2018/02/15/will-jennifer-aniston-brad-pitt-give-love-second-chance/,Will Jennifer Aniston And Brad Pitt Give Love A Second Chance?
gossipcop-2752276608,www.thelist.com/34890/untold-truth-kendall-jenner/,The untold truth of Kendall Jenner
gossipcop-3754617510,hollywoodlife.com/2012/07/03/jay-z-beyonce-kim-kardashian-feud-hates-kanye-west-relationship/,Jay-Z and Beyonce Don’t Like Kim Kardashian – Will It Ruin Her Relationship with Kanye West?
gossipcop-2054806535,www.thesun.co.uk/tvandshowbiz/4373157/brad-pitt-apologises-to-jennifer-aniston-for-leaving-her-for-angelina-jolie/,Brad Pitt apologises to Jennifer Aniston for leaving her for Angelina Jolie
gossipcop-8410631215,muckrack.com/bella-hadid/articles,British Vogue Journalist
gossipcop-5791506883,www.csmonitor.com/World/Global-News/2015/0923/Angelina-Jolie-Brad-Pitt-appear-ready-to-adopt-Syrian-refugee,"Angelina Jolie, Brad Pitt appear ready to adopt Syrian refugee"
gossipcop-1247316129,en.wikipedia.org/wiki/Justin_Theroux,Justin Theroux
gossipcop-1658391416,www.refinery29.com/2018/01/188257/kim-kardashian-shut-down-kylie-surrogate-rumors,Kim Kardashian Just Trashed All Your Kylie Surrogate Theories
gossipcop-5934747636,www.washingtonpost.com/wp-dyn/content/article/2005/06/17/AR2005061700138.html,Actor Tom Cruise Proposes to Girlfriend Katie Holmes at Eiffel Tower
gossipcop-1380729469,en.wikipedia.org/wiki/Dennis_Quaid,Dennis Quaid
gossipcop-7152751147,hollywoodlife.com/2018/04/09/khloe-kardashian-baby-name-joke-andy-cohen-twitter-tweet/,Did Khloe Kardashian Reveal Her Baby’s Name?: See The Hilarious Tweet That Has Fans Shook
gossipcop-6973925657,www.dailymail.co.uk/tvshowbiz/article-5468887/Katy-Perry-slams-Lionel-Richie-Jimmy-Kimmel-Live.html,Katy Perry slams Lionel Richie on Jimmy Kimmel Live!
gossipcop-1628359937,www.cnn.com/2016/01/05/entertainment/kanye-west-american-idol-rs-feat/index.html,Watch Kanye West's 'American Idol' audition
gossipcop-770251638,www.thisisinsider.com/khloe-kardashian-tristan-thompson-cheating-scandal-timeline-2018-4,Khloe Kardashian finally opened up about Tristan Thompson after his alleged infidelity — here's a complete timeline of the cheating scandal
gossipcop-9186072396,radaronline.com/videos/the-voice-blake-shelton-feud-producers-over-gwen-stefani/,Blake Wants Out! How Gwen Came Between Shelton & ‘The Voice’ Execs
gossipcop-9950069387,www.cosmopolitan.com/sex-love/a14428006/kate-and-william-body-language/,An Expert Reveals What Kate Middleton and Prince William's Body Language Says About Their Relationship
gossipcop-9562033469,www.inquisitr.com/4780146/miranda-lambert-blake-shelton-hate-each-other/,"Miranda Lambert And Blake Shelton Reportedly Still Hate Each Other, According To ‘OK!’"
gossipcop-1871620468,www.wonderwall.com/celebrity/couples/camila-alves-lost-temper-over-matthew-mcconaughey-questions-1956224.article,Camila Alves Lost Temper Over Matthew McConaughey Questions?
gossipcop-3687579132,www.justjared.com/2017/08/22/celebs-slam-donald-trumps-speech-at-arizona-rally-read-tweets/,Celebs Slam Donald Trump's Speech at Arizona Rally - Read Tweets!
gossipcop-9120825843,www.eonline.com/news/924721/bella-hadid-claps-back-at-instagram-troll-who-came-for-her-and-kendall-jenner,Bella Hadid Claps Back at Instagram Troll Who Came for Her and Kendall Jenner
gossipcop-4597248571,heatworld.com/celebrity/news/caitlyn-jenner-celebrity-big-brother/,Is CAITLYN JENNER going into Celebrity Big Brother?
gossipcop-2169490620,abcnews.go.com/GMA/Culture/celebrities-react-donald-trumps-state-union-speech/story?id=52738754,Celebrities react to Donald Trump's State of the Union speech
gossipcop-7708196079,www.imdb.com/news/ni61514771,Lily-Rose Depp Turned Down ‘Pretty Woman’ Remake?
gossipcop-1687971687,www.popsugar.com/celebrity/Kelly-Ripa-Michael-Strahan-Feud-Details-41025255,Kelly Ripa and Michael Strahan Feud Details
gossipcop-2727285145,www.usatoday.com/story/life/entertainthis/2016/09/28/courteney-cox-justin-theroux-jennifer-aniston-brad-pitt-angelina-jolie-divorce/91213298/,"Courteney Cox, Justin Theroux want you to leave Jennifer Aniston out of the Brangelina split"
gossipcop-3339827367,www.wmagazine.com/story/caitlyn-jenner-memoir-kardashian-controversy,Caitlyn Jenner's Memoir Is Tearing the House Kardashian Asunder
gossipcop-78450242,hollywoodlife.com/2018/07/18/are-robert-pattinson-sienna-miller-dating-good-match-relationship/,Are Robert Pattinson & Sienna Miller Dating? Why Friends Could Be Turning Romance — Report
gossipcop-6062748853,www.ibtimes.co.uk/kristen-stewart-opens-dating-robert-pattinson-coming-out-gay-says-public-was-enemy-1610340,"Kristen Stewart opens up on dating Robert Pattinson and coming out as gay, says 'public was the enemy'"
gossipcop-1014616559,en.wikipedia.org/wiki/Caitlyn_Jenner,Caitlyn Jenner
gossipcop-7115040847,www.eonline.com/news/957753/kourtney-kim-and-khloe-kardashian-battle-it-out-on-twitter-after-kuwtk-fight,"Kourtney, Kim and Khloe Kardashian Battle It Out on Twitter After KUWTK Fight"
gossipcop-4537850377,www.bet.com/celebrities/news/2017/11/07/chris-rock.html,Twitter Is Ready To Cancel Chris Rock Over This Reported Rape Joke
gossipcop-7207848573,en.wikipedia.org/wiki/Liam_Hemsworth,Liam Hemsworth
gossipcop-7798039260,radaronline.com/exclusives/2018/01/kim-kardashian-kanye-west-panic-room/,Kim & Kanye Install At-Home Panic Room After Paris Robbery
gossipcop-7340330703,www.yahoo.com/entertainment/adam-sandler-joins-safdie-brothers-183846878.html,"Adam Sandler Joins the Safdie Brothers’ New A24 Film, Uncut Gems"
gossipcop-9967416540,www.eonline.com/news/843781/newly-single-mariah-carey-and-nick-cannon-come-together-to-celebrate-easter-with-their-twins,Newly Single Mariah Carey and Nick Cannon Come Together to Celebrate Easter With Their Twins
gossipcop-8699882806,ew.com/music/2017/08/08/glen-campbell-dead-celebrities-react/,Celebrities react to superstar Glen Campbell's death
gossipcop-2825394838,ayresearch.com/naomi-watts-has-an-affair-with-64-year-old-liam-neeson/,Liev Schreiber Of Naomi Watts  Liam Neeson 
gossipcop-1271062242,en.wikipedia.org/wiki/Angelina_Jolie,Angelina Jolie
gossipcop-5875692446,okmagazine.com/photos/ben-stiller-christine-taylor-arguments-another-woman/,The Secret Life! Ben Stiller & Christine Taylor Had Arguments Over ANOTHER Woman
gossipcop-8772209248,www.dailymail.co.uk/tvshowbiz/article-5741367/Jennifer-Aniston-furious-Selena-Gomez-Justin-Theroux-dating-rumors.html,Jennifer Aniston is 'furious' over Selena Gomez and Justin Theroux dating rumors
gossipcop-9628268223,madamenoire.com/832253/rihanna-pregnancy-rumors/,These Pictures Have People Speculating About A Rihanna Pregnancy
gossipcop-4697280665,en.wikipedia.org/wiki/Charlie_Murphy,Charlie Murphy
gossipcop-12007541,www.elle.com/culture/celebrities/a19037296/kendall-jenner-fizzling-out-with-blake-griffin-report/,Kendall Jenner and Blake Griffin Close to Break Up
gossipcop-966836914,,BAFTAS Winners List 2017 
gossipcop-774156320,www.newidea.com.au/jennifer-anistons-close-bond-brad-pitts-kids,Shiloh’s plea to Jennifer Aniston: Can I call you Mummy?
gossipcop-6088782958,www.wetpaint.com/kendall-kylie-jenner-golden-globes-2017-parties-1553857/,Kendall & Kylie Jenner Rejected From Multiple Golden Globes After Parties — Report
gossipcop-6043500630,,Meghan Markle Already Pregnant Month After Royal Wedding 
gossipcop-8432391122,www.intouchweekly.com/posts/kim-kardashian-kanye-west-fourth-baby-158346,Kim Kardashian and Kanye West Reportedly Want Baby No. 4 by the End of This Year
gossipcop-6330867980,hollywoodlife.com/2017/05/16/christina-aguilera-american-idol-judge-the-voice/,Christina Aguilera Joining ‘American Idol’?: ABC Hoping To Steal Her From ‘The Voice’
gossipcop-514192286,www.wonderwall.com/celebrity/princess-eugenie-frustrated-over-lack-of-attention-is-made-up-story-3011450.article,"Princess Eugenie ""Frustrated"" Over ""Lack Of Attention"" Is Made-Up Story"
gossipcop-2396953914,,Madonna Fired Assistant MidFlight 
gossipcop-120348930,www.thehollywoodgossip.com/2017/06/ryan-seacrest-miserable-as-kelly-ripas-co-host/,Ryan Seacrest: Miserable as Kelly Ripa’s Co-Host!
gossipcop-163977799,evoke.ie/2018/04/17/life-style/property/prince-harry-meghan-markles-lush-malibu-home,Take a look inside Prince Harry and Meghan Markle’s lush Malibu home
gossipcop-7591287911,www.eonline.com/news/908895/teresa-giudice-explains-why-she-d-rather-not-see-husband-joe-every-week-in-prison,Teresa Giudice Explains Why She'd Rather Not See Husband Joe Every Week in Prison
gossipcop-9247749560,www.theatlantic.com/politics/archive/2017/11/grading-president-trump/544985/,Grading President Trump
gossipcop-879790994,radaronline.com/videos/gwen-stefani-loses-hearing-rupturing-eardrum/,Tragic Gwen Stefani Loses Hearing After Rupturing Eardrum
gossipcop-8760109653,www.contactmusic.com/eddie-cibrian/news/leann-rimes-and-eddie-cibrian-fell-in-love-on-set-of-northern-lights_3744324,"LeAnn Rimes and Eddie Cibrian Fell In Love On Set of ""Northern Lights,"" But At 40, What's Happened To His Career?"
gossipcop-9438636824,www.dailymail.co.uk/tvshowbiz/article-5907597/Kim-Kardashian-proves-Beyonce-fan-bops-Destinys-Child-sister-Khloe.html,Kim Kardashian proves she IS a Beyonce fan
gossipcop-3912513096,www.cheatsheet.com/health-fitness/crazy-reason-behind-kate-middleton-and-the-queens-royal-feud.html/,The Crazy Reason Behind Kate Middleton and the Queen’s Royal Feud
gossipcop-155150728,www.magzter.com/article/Entertainment/Globe/New-Dad-George-Raises-Stink-Over-Dirty-Diaper-Duty,New Dad George Raises Stink Over Dirty Diaper Duty!
gossipcop-9081250232,www.imdb.com/news/ni61350922,Katherine Heigl’s Mom Causing Marriage Problems After Moving In To Help With Baby?
gossipcop-5382417683,www.news.com.au/entertainment/celebrity-life/jennifer-lawrence-slammed-for-hurricane-jab-at-donald-trump/news-story/504461b0aa5170b3f5741f3a27e7f6e3,Jennifer Lawrence slammed for hurricane jab at Donald Trump
gossipcop-3038284329,www.pregnancymagazine.com/celebrity-pregnancy/jessica-simpson-confirms-her-second-baby-bump,Jessica Simpson confirms her second baby bump
gossipcop-4101901194,www.eonline.com/shows/kardashians/videos/248069/kim-kardashian-gets-hysterical-over-lost-earring,Kim Kardashian Gets Hysterical Over Lost Earring on Kardashians
gossipcop-1032664975,www.usmagazine.com/celebrity-news/news/kate-hudson-kind-of-liked-false-brad-pitt-dating-rumors/,Kate Hudson ‘Kind of Liked’ False Brad Pitt Dating Rumors
gossipcop-3743133177,,  Corey Gamble Did NOT Dump Dump Kris Jenner  Despite Report
gossipcop-1284230032,www.vanityfair.com/style/2018/03/jennifer-lawrence-brad-pitt-dating-rumors,Jennifer Lawrence Is Perfectly Fine with Those Brad Pitt Dating Rumors
gossipcop-1077224233,ohnotheydidnt.livejournal.com/109965933.html,Celebrities React to Secretary of Education Betsy DeVos Not Knowing Anything About Education
gossipcop-9131837077,www.dailymail.co.uk/femail/article-6098787/Get-grip-teenagers-Youve-got-GCSEs-not-role-Netflix-says-LIZ-JONES.html,"Get a grip teenagers! You've got a few GCSEs not a role on Netflix, says LIZ JONES"
gossipcop-7130331132,www.aceshowbiz.com/news/view/00108581.html,Selena Gomez Fears Run-In With Ex Justin Bieber at 2017 Billboard Music Awards
gossipcop-5262607913,time.com/5233865/chrissy-teigen-john-legend-relationship-timeline/,Chrissy Teigen and John Legend's Relationship: A Timeline
gossipcop-5595775372,www.pinterest.co.uk/daisyrose697/zac-efron/,"Attractive men, Man candy and Beautiful men"
gossipcop-7830313432,www.news.com.au/entertainment/celebrity-life/hook-ups-break-ups/mariah-carey-steps-out-with-boyfriend-and-her-10-million-engagement-ring-from-james-packer/news-story/36828c5b13e3adc238fa9b7acdbdb061,Did Mariah Carey just taunt ex James Packer after he branded their relationship a mistake?
gossipcop-2118843089,www.refinery29.com/2018/02/190432/ryan-gosling-eva-mendes-kid-raised-latin-culture,Eva Mendes & Ryan Gosling's Home Is Bursting With Latin Culture & We're Obsessed
gossipcop-2375563556,hollywoodlife.com/2017/12/20/brad-pitt-christmas-kids-six-trees-presents/,"Brad Pitt Getting His Kids For Christmas: His 6 Trees, Fun Gifts & More"
gossipcop-917824645,www.harpersbazaar.com/celebrity/latest/a19635358/prince-harry-bachelor-party-stag-do-guide/,Prince Harry's Bachelor Party: Everything You Need to Know
gossipcop-9937438668,time.com/5110246/kim-kardashian-west-new-baby-girl-name/,Kim Kardashian New Baby Girl Name Is Chicago
gossipcop-5913668852,www.newidea.com.au/brad-pitt-jennifer-aniston-second-wedding-report,Brad Pitt and Jennifer Aniston's second wedding joy
gossipcop-9641079967,www.wonderwall.com/celebrity/blake-shelton-shopping-for-diamond-ring-for-gwen-stefani-proposing-on-valentines-day-is-made-up-3012461.article?photoId=1015358,"Blake Shelton Shopping For Diamond Ring For Gwen Stefani, Proposing On Valentine's Day Is Made-Up"
gossipcop-368937237,www.cheatsheet.com/entertainment/5-tom-cruise-dating-rumors-you-should-stop-believing-now.html/,5 Tom Cruise Dating Rumors You Should Stop Believing Now
gossipcop-6449596252,novom.ru/en/watch/iR0LTXwikbk,Portia de Rossi Confirmed: 'Brad Pitt and Jennifer Aniston haven’t seen each other'
gossipcop-5965482659,www.billboard.com/articles/columns/pop/8455548/kelly-clarkson-jennifer-hudson-returning-the-voice-season-15,Kelly Clarkson & Jennifer Hudson Are Returning to Coach 'The Voice' Season 15
gossipcop-3112228740,theroyaluk.com/royal-announcement-queen-declares/,Royal Announcement: Queen Elizabeth declares Prince William and Kate Middleton as the future King and Queen Consort.
gossipcop-9985800337,hollywoodlife.com/2018/06/14/is-caitlyn-jenner-adopting-baby-rumored-girlfriend-sophia-hutchins/,"Is Caitlyn Jenner, 68, Planning To Adopt? Reportedly Wants To Have A Baby With Rumored GF, 21"
gossipcop-8075091033,,Prince Harry Leaving Royal Family For Meghan Markle 
gossipcop-2204574008,,Heidi Klum  Tyra Banks ‘ America ’ s Got Talent ’ Feud Made Up Tabloid
gossipcop-4223541835,hollywoodlife.com/2018/03/28/are-mariah-carey-bryan-tanaka-engaged-wedding-plans/,Mariah Carey Reportedly Proposed To BF Bryan Tanaka With Super Romantic Song: Wedding Plans Revealed
gossipcop-7279809407,www.usmagazine.com/celebrity-moms/news/khloe-kardashian-says-baby-wont-mend-relationship-caitlyn-jenner/,Khloe Kardashian: Baby Won’t Mend Relationship With Caitlyn Jenner
gossipcop-3792152819,people.com/celebrity/celebrity-aprils-fool-day-jokes-2017/,Michael Phelps Returning to Swimming? The Best Celebrity April's Fool Day Jokes
gossipcop-653984689,,Margot Robbie Is Too Successful For Husband Tom Ackerley 
gossipcop-174999294,okmagazine.com/photos/jennifer-aniston-pregnant-all-rumors-no-babies/,Jennifer Aniston's Pregnant! Or Is She? All The Baby Rumors Over Nearly 20 Years
gossipcop-8040274102,radaronline.com/exclusives/2018/07/ben-affleck-lindsay-shookus-elope-hawaii/,Shotgun Wedding? Ben Affleck & Lindsay To Elope In Hawaii Amid Pregnancy Speculation
gossipcop-8904022923,www.postbulletin.com/watching-britney-spears-fall-apart-is-no-laughing-matter/article_fad4e4e4-aaa7-5cb7-87ef-cf6dde62a5a7.html,Watching Britney Spears fall apart is no laughing matter
gossipcop-5103185409,www.inquisitr.com/2627282/holy-smokes-batman-ben-affleck-looks-a-little-different-lately/,"Holy Smokes, Batman! Ben Affleck Looks A Little Different Lately"
gossipcop-1877431797,www.newidea.com.au/brad-pitt-jennifer-aniston-wed-in-missouri,Brad Pitt and Jennifer Aniston married in Missouri!
gossipcop-2801595685,hollywoodlife.com/2017/12/06/brad-pitt-angelina-jolie-christmas-together-with-kids/,Brad Pitt & Angelina Jolie Reportedly Agree To Spend Christmas Together With The Kids
gossipcop-9870771160,www.mirror.co.uk/3am/celebrity-news/desperate-brad-pitt-begs-angelina-8902417,Desperate Brad Pitt BEGS Angelina Jolie to see his children after footage CLEARS him of physical abuse
gossipcop-311613116,www.etonline.com/media/videos/george-clooney-quitting-acting-see-what-he-said-90584,Is George Clooney Quitting Acting? See What He Said
gossipcop-22281334,hollywoodlife.com/2017/06/21/harry-styles-tess-ward-break-up-split/,Harry Styles Splits With Girlfriend Tess Ward After Just One Month Of Dating
gossipcop-5827508224,www.aceshowbiz.com/news/view/00109988.html,Report: Ryan Gosling and Eva Mendes Split
gossipcop-3693344604,people.com/tv/kourtney-kardashian-will-never-get-back-scott-disick/,"Kourtney Kardashian 'Will Never Get Back' with Scott Disick, Source Says"
gossipcop-9905143937,www.popsugar.com/celebrity/photo-gallery/33046648/image/33046771/Jennifer-Aniston,Celebrities Who Smoke Weed | Quotes
gossipcop-9495293228,observer.com/2017/10/paul-manafort-indictment-hollywood-reactions/,Hollywood Responds to Paul Manafort Indictment
gossipcop-7431764476,www.washingtonpost.com/news/arts-and-entertainment/wp/2018/05/17/meghan-markle-and-prince-harry-wedding-drama-faq-all-the-gossip-you-really-want-to-know/,Meghan Markle and Prince Harry wedding drama FAQ: All the gossip you really want to know
gossipcop-5110387759,www.newidea.com.au/katie-holmes-and-jamie-foxx-split-after-five-years-report,"Katie Holmes and Jamie Foxx split after five years, report"
gossipcop-4653033399,people.com/tv/kim-kardashian-safer-home-no-jewelry/,"Kim Kardashian Doesn't Keep Jewels in Her New Home, Source Says"
gossipcop-6427629621,www.vogue.com.au/brides/news/everything-to-know-about-justin-bieber-and-hailey-baldwins-wedding/news-story/d745248960237da78a1ef83d982df927,Everything to know about Justin Bieber and Hailey Baldwin’s wedding
gossipcop-5352369226,www.capitalxtra.com/features/lists/kylie-jenner-tyga-relationship-history/,The Complete History Of Tyga & Kylie Jenner's Relationship
gossipcop-1677884979,www.usatoday.com/videos/life/movies/2017/12/26/exclusive-idris-elba-has-kate-winslet-dream-mountain-between-us/108924366/,Exclusive: Idris Elba has a Kate Winslet dream in 'Mountain Between Us'
gossipcop-7510699363,www.washingtonpost.com/news/morning-mix/wp/2017/05/09/richard-simmons-is-not-transgender-but-national-enquirer-claimed-he-is-now-hes-suing/,National Enquirer claimed Richard Simmons was transgender. Now he’s suing.
gossipcop-6529156069,www.pinterest.co.uk/pin/643100021761746796/,Kim Kardashian ‘Worried Sick’ Kanye West’s Feud With JAY-Z Will Cause Relapse https://tmbw.news/kim-kardashian-worried-sick-kanye-wests-fe…
gossipcop-5680002710,www.telegraph.co.uk/news/celebritynews/5239535/Sarah-Jessica-Parker-and-Matthew-Broderick-having-twins-via-surrogate.html,Sarah Jessica Parker and Matthew Broderick having twins via surrogate
gossipcop-2540118682,radaronline.com/photos/kim-kardashian-suing-kylie-jenner-of-stealing-her-style/,‘Ungrateful B*tch!’ Kim Kardashian At War With Kylie Jenner Over Her Stolen Style — Threatening To Sue!
gossipcop-8928827954,,Khloe Kardashian Denies Tristan Thompson Split After News Spreads
gossipcop-2111996495,www.magzter.com/article/Entertainment/National-Enquirer/Seacrest-Walks-Out-On-Live,Seacrest Walks Out On Live!
gossipcop-4088771012,www.today.com/popculture/milo-ventimiglia-mandy-moore-s-reaction-jack-s-us-death-t130363,"Milo Ventimiglia on Jack's 'This Is Us' death, Mandy Moore's reaction"
gossipcop-6742180407,www.vanityfair.com/style/2018/07/dina-lohan-drops-more-details-on-lindsays-upcoming-reality-show,Dina Lohan Drops More Details on Lindsay’s Upcoming Reality Show
gossipcop-334083042,www.lifeandstylemag.com/posts/miley-cyrus-liam-hemsworth-154360,"Miley Cyrus and Liam Hemsworth ""Fighting Nonstop"" Over One Huge Choice About Their Future"
gossipcop-3089710936,www.cnn.com/2017/07/18/football/la-galaxy-david-beckham-transfer-scouting/index.html,LA Galaxy's search for new talent 10 years after signing David Beckham
gossipcop-9516933793,www.elle.com/culture/celebrities/a22141242/priyanka-chopra-nick-jonas-living-together-engagement-plans-report/,Priyanka Chopra and Nick Jonas Living Together
gossipcop-891595756,,Angelina Jolie Secretly Seething Jennifer Aniston Globes
gossipcop-8787806261,metro.co.uk/2018/03/26/brad-pitt-quietly-dating-secret-meeting-jennifer-aniston-7419437/,Brad Pitt is ‘quietly dating’ as he has ‘secret meeting’ with Jennifer Aniston
gossipcop-4899271749,thestir.cafemom.com/celebrities/208241/kylie_travis_spotted_despite_breakup_rumors,Kylie Jenner & Travis Scott Are Spotted Together Despite Breakup Rumors
gossipcop-3808314704,www.iheart.com/content/2017-10-12-american-music-awards-nominations-2017-amas-nominees-full-list/,American Music Awards Nominations 2017: AMAs Nominees Full List
gossipcop-5515023168,community.spotify.com/t5/Content-Questions/Question-about-a-missing-song/td-p/3440612,Solved: Question about a missing song
gossipcop-1555796015,hollywoodlife.com/2017/12/12/taylor-swift-joe-alwyn-birthday-surprise-dinner-hotel-celebration/,Taylor Swift’s Boyfriend Joe Alwyn Planning Epic Surprise Romantic Dinner & Intimate Night In Hotel
gossipcop-47955078,people.com/pets/amanda-seyfried-introducing-dog-finn-to-baby-girl/,Amanda Seyfried Shares the 'Good Advice' She Used When Introducing Her Dog Finn to Her Baby Girl
gossipcop-5834689978,variety.com/2017/film/awards/oscars-abc-apologizes-amy-adams-tom-hanks-oscar-nominees-1201968336/,"Oscars: ABC Apologizes for Naming Amy Adams, Tom Hanks as Nominees – Variety"
gossipcop-9324729132,real1061.iheart.com/content/2018-06-08-drake-suing-pusha-t-for-using-black-face-photo/,Drake suing Pusha T for using black face photo.
gossipcop-2253796084,www.today.com/health/maria-menounos-talks-about-life-after-getting-brain-tumor-removed-t120347,Maria Menounos talks about life after getting brain tumor removed
gossipcop-4373322193,www.wbur.org/onpoint/2018/07/31/trump-labels-news-media-enemy-of-the-american-people,Trump Labels News Media 'Enemy Of The American People'
gossipcop-8172018375,www.theguardian.com/film/rachel-weisz?page=5,Rachel Weisz
gossipcop-9708107355,www.pinterest.ca/pin/532480355934267420/,"""Salt"" Press Conference"
gossipcop-7924388386,www.bravotv.com/watch-what-happens-live-with-andy-cohen/season-14/episode-16/videos/does-boy-george-kit-with-caitlyn,Watch Does Boy George K.I.T. with Caitlyn Jenner?
gossipcop-9441546672,hollywoodlife.com/2018/06/06/are-robert-pattinson-kristen-stewart-back-together/,Rob Pattinson Still ‘Cares Deeply’ For Kristen Stewart — Getting Back Together After Party Reunion?
gossipcop-9955703756,www.pressreader.com/australia/womans-day-australia/20170508/281943132792607,Connecting People Through News
gossipcop-2440909274,latestgossipsite.125sites.com/jamie-foxx-begged-katie-holmes-to-take-him-back-after-flirting-with-other-women/,» Jamie Foxx Begged Katie Holmes To Take Him Back After Flirting With Other Women?Gossip Site
gossipcop-6836457641,radaronline.com/exclusives/2018/06/gwyneth-paltrow-goop-competition-camila-alves-matthew-mcconaughey/,Gunning For Goop? Gwyneth Paltrow ‘Threatened’ By Camila Alves’ Lifestyle Site
gossipcop-2974540721,people.com/parents/jennifer-garner-kids-july-4th-parade-truck-float/,Parading Patriots! Jennifer Garner and Her Kids Ride Atop a Truck During Fourth of July Parade
gossipcop-5453318781,hollywoodlife.com/2017/12/31/britney-spears-new-years-eve-performance-video-watch/,Britney Spears Steals The NYE Show With A Sizzling Performance Of ‘Work B*tch’ — Watch
gossipcop-6004770484,www.wetpaint.com/vanessa-grimaldi-michael-rosenbaum-history-1579806/,Is Vanessa Grimaldi Dumping Nick Viall For ‘Smallville’ Alum Michael Rosenbaum?
gossipcop-5263498053,www.foxnews.com/entertainment/2016/05/12/caitlyn-jenner-considering-de-transitioning-in-next-couple-years-kardashian-biographer-claims.html,"Caitlyn Jenner considering ‘de-transitioning’ ‘in the next couple years,’ author claims"
gossipcop-9347789838,www.celebdirtylaundry.com/2013/christina-aguilera-dumps-matthew-rutler-date-colin-farrell-dateand-date-colin-farrell-couple-0411/,Christina Aguilera To Dump Matthew Rutler And Date Colin Farrell Instead
gossipcop-6525009203,www.dailymail.co.uk/tvshowbiz/article-3806043/Jennifer-Aniston-holds-hands-Justin-Theroux-NYC-dinner-date-amid-Brangelina-divorce-scandal.html,Jennifer Aniston holds hands with Justin Theroux on NYC dinner date amid Brangelina divorce scandal
gossipcop-6528028630,www.lifeandstylemag.com/posts/nina-dobrev-orlando-bloom-130265,"Nina Dobrev and Orlando Bloom Are ""Casually Dating"" (REPORT)"
gossipcop-8049563330,www.pressreader.com/australia/nw/20180430/283510796563167,Connecting People Through News
gossipcop-5956558872,www.newidea.com.au/queen-elizabeth-bans-pasta-dishes-from-palace,Queen Elizabeth bans pasta dishes from Buckingham Palace
gossipcop-8198293142,www.thecut.com/2018/08/brad-pitt-angelina-jolie-divorce-latest-news.html,A Guide to the Increasingly Intense Brad Pitt–Angelina Jolie Divorce Drama
gossipcop-3821132681,people.com/music/joe-alwyn-public-instagram-cactus-taylor-swift/,Joe Alwyn Goes Public on Instagram — See His Sly Nod to Girlfriend Taylor Swift
gossipcop-1337287055,,  Kris Jenner Jenner NOT Writing Revenge Memoir Revenge Memoir About Caitlyn  Despite Report
gossipcop-442662894,www.usmagazine.com/celebrity-news/news/khloe-kardashian-tristan-thompson-step-out-for-friends-birthday/,"Khloe Kardashian, Tristan Thompson Step Out for Friend's Birthday"
gossipcop-4847768997,celebrityinsider.org/gwen-stefani-and-blake-shelton-on-the-verge-of-a-split-she-reportedly-called-off-their-wedding-plans-102345/,Gwen Stefani And Blake Shelton On The Verge Of A Split? She Reportedly Called Off Their Wedding Plans
gossipcop-4882548283,www.express.co.uk/entertainment/films/989438/Mamma-Mia-2-Amanda-Seyfried-ex-Dominic-Cooper-husband-Tom-Sadoski,Mamma Mia 2: Amanda Seyfried opens up on working with REAL-LIFE ex Dominic Cooper
gossipcop-2731212717,www.imdb.com/news/ni61583245,"Sarah Silverman, Michael Sheen Headed For Split Over Her Refusal To Get Married?"
gossipcop-3401078624,www.newidea.com.au/jennifer-aniston-is-pregnant-at-48-us-report,Jennifer Aniston is pregnant at 48 - US report
gossipcop-2645053513,indianexpress.com/article/entertainment/hollywood/marvel-superhero-chris-hemsworth-dc-ben-affleck-5147257/,Marvel superhero Chris Hemsworth takes a dig at DC’s Ben Affleck
gossipcop-3358992856,www.cnbc.com/video/2016/12/01/supermodel-kendall-jenner-takes-jay-leno-for-a-spin-in-her-56-corvette.html,Supermodel Kendall Jenner takes Jay Leno for a spin in her '56 Corvette
gossipcop-9983761608,radaronline.com/photos/jim-carrey-weight-loss-overdose-death-girlfriend/,"Stick-Thin & Wasting Away! 150-Lb Jim Carrey Dieting To Death, Pals Fear"
gossipcop-5138065812,hollywoodlife.com/2018/01/17/north-west-struggling-with-baby-sister-acting-out-wants-attention/,North West’s ‘Struggling’ With Her Baby Sister’s Arrival: She’s ‘Acting Out & Seeking Attention’
gossipcop-7252964000,www.etonline.com/news/223719_kesha_shows_support_for_taylor_swift_truth_is_always_the_answer,Kesha Shows Support for Taylor Swift With Heartfelt Tweet: 'Truth Is Always the Answer'
gossipcop-3393955263,thetango.net/2018/06/20/gwen-stefani-gifts-blake-shelton-a-flagpole-for-his-birthday/,Gwen Stefani gifts Blake Shelton a flagpole for his birthday
gossipcop-2199307032,www.foxnews.com/entertainment/2017/11/15/blake-sheltons-sexiest-man-alive-title-angers-fans-over-singers-past-offensive-tweets.html,Blake Shelton's 'Sexiest Man Alive' title angers some fans because of singer's past tweets
gossipcop-8394133837,radaronline.com/exclusives/2017/11/betty-white-bucket-list/,Adventure & Romance! Inside 95-Year-Old Betty White’s Bucket List
gossipcop-7489850608,bossip.com/1558620/has-kylie-jenner-really-been-sexting-with-sister-khloes-baller-boo-tristan-thompson/,Has Kylie Jenner REALLY Been Sexting With Sister Khloé’s Baller Boo Tristan Thompson?
gossipcop-5210074680,okmagazine.com/photos/ok-exclusive-kim-kardashian-love-life-guru/,OK! Exclusive: Kim Kardashian Is In Love With Her Life Guru
gossipcop-4211802763,hollywoodlife.com/2018/04/03/blake-shelton-happy-stepdad-baby-kids-with-gwen-stefani/,"Blake Shelton Would Love To Have A Baby With Gwen Stefani, But He’s Also Perfectly Happy As ‘Stepdad’"
gossipcop-4148349938,www.etonline.com/media/videos/selena-gomez-delivers-emotional-first-performance-wolves-amas-watch-91380,Selena Gomez Delivers Emotional First Performance of 'Wolves' at the AMAs -- Watch!
gossipcop-7468340060,www.billboard.com/articles/columns/country/8030216/cma-awards-winners-2017,Here Are All the Winners From the 2017 CMA Awards
gossipcop-4921967582,www.nowtolove.com.au/celebrity/celeb-news/nicole-kidman-and-keith-urban-divorce-1-45990,Are Nicole Kidman and Keith Urban headed for divorce?
gossipcop-3752556623,www.msn.com/en-us/entertainment/celebrity/debunking-the-weeks-tabloid-stories-june-8-2018/ss-AAyootg,"Debunking the week's tabloid stories: June 8, 2018"
gossipcop-9324688033,www.j-14.com/posts/did-demi-lovato-get-engaged-44292,Did Demi Lovato Get Engaged?
gossipcop-2283875293,hollywoodlife.com/2017/07/13/taylor-swift-supports-selena-gomez-new-music-connected/,Taylor Swift Loved Being Able To Support Selena Gomez & New Music: They’re Always ‘Connected’
gossipcop-5992379516,www.dailymail.co.uk/tvshowbiz/article-4409436/Caitlyn-Jenner-calls-Ellen-DeGeneres-memoir.html,Caitlyn Jenner calls out Ellen DeGeneres in memoir
gossipcop-8536539547,people.com/tv/kylie-jenner-and-travis-scott-relationship-timeline/,From Welcoming a Baby Together to Their Joint GQ Cover: Inside Kylie Jenner & Travis Scott's Whirlwind Romance
gossipcop-922305481,en.wikipedia.org/wiki/Pretty_Woman,Pretty Woman
gossipcop-5321811527,ew.com/music/2017/07/07/taylor-swift-lorde-friendship-twitter-letter/,Lorde sets record straight on Taylor Swift friendship in fiery letter
gossipcop-6975529775,www.elle.com/culture/celebrities/a21094079/meghan-markle-prince-harry-baby-plans-report/,Meghan Markle and Prince Harry Will Reportedly Have a Baby as Soon as They Can
gossipcop-1229259214,www.billboard.com/articles/news/grammys/7686168/grammy-awards-2017-winners-list,Grammy Awards 2017: See the Full Winners List
gossipcop-8334201825,www.dazeddigital.com/jay-z,JayZ Dazed  Confused
gossipcop-6428453817,www.tmz.com/2018/07/10/selena-gomez-ignores-questions-justin-bieber-engagement-hailey-baldwin/,Selena Gomez Ignores Questions About Justin Bieber's Engagement
gossipcop-2365987922,www.vogue.com.au/beauty/skin/jennifer-lopezs-secret-to-staying-youthful-is-a-mantra-embroidered-on-her-pillowcase/news-story/a37cd664e0f117e02cee8a20b5046ff3,Jennifer Lopez's secret to staying youthful is a mantra embroidered on her pillowcase
gossipcop-7817725290,www.hellomagazine.com/royalty/2018062849798/million-spent-renovating-prince-harry-meghan-markle-kensington-palace/,£1.4million spent renovating Prince Harry and Meghan's rumoured future home
gossipcop-781142448,clipkg.com/video/mv3itYz02Gc/victoria-beckham-upset-that-david-%27stole%27-her-%27pretty-blonde%27-personal-trainer?,Victoria Beckham Upset That David 'Stole' Her 'Pretty Blonde' Personal Trainer? - Full download
gossipcop-462016307,www.brit.co/mariah-carey-launched-tea-themed-merch-from-her-nye-meme/,Mariah Carey Launched “Tea”-Themed Merch from Her NYE Meme
gossipcop-8403500283,www.spin.com/2016/04/rihanna-gun-needed-me-video/,Watch Rihanna Learn How to Use a Gun for Her ‘Needed Me’ Video
gossipcop-1670898356,www.hollywoodreporter.com/news/sean-spicer-tells-hannity-snl-went-line-melissa-mccarthy-impressions-1023505,"Sean Spicer Says 'SNL' Went ""Over the Line"" in First Post-Resignation Interview on 'Hannity'"
gossipcop-2598894593,www.nydailynews.com/entertainment/gossip/kim-kardashian-blames-paris-robbery-article-1.2818202,"Kim Kardashian blames herself for Paris robbery, doesn’t want Kanye West to replace her $4.5M ring"
gossipcop-8356599800,screenrant.com/stars-completely-estranged-from-famous-parents/,15 Stars Who Are Completely Estranged From Their Famous Parents
gossipcop-7981598591,okmagazine.com/photos/kourtney-kardashian-younes-bendjima-married/,Did Kourtney Kardashian And Younes Bendjima Just Get Married In Rome?
gossipcop-3440851442,www.psychologytoday.com/us/blog/get-hardy/201203/the-early-stages-falling-in-love,The Early Stages of Falling in Love
gossipcop-4037512632,celebrityinsider.org/ellen-degeneres-and-portia-de-rossi-are-making-last-ditch-effort-to-save-marriage-amid-divorce-rumors-24953/,Ellen DeGeneres And Portia De Rossi Are Making ‘Last-Ditch Effort’ To Save Marriage Amid Divorce Rumors
gossipcop-705798793,en.wikipedia.org/wiki/Fall_in_Line,Fall in Line
gossipcop-3319390140,www.intouchweekly.com/posts/kim-kardashian-single-mom-kanye-west-159328,"Kim Kardashian ""Feels like a Single Mom"" While Kanye West Is Promoting His Album"
gossipcop-8062993256,www.usmagazine.com/celebrity-news/news/brad-pitt-angelina-jolie-had-screaming-fights-about-kids-w442494/,"Brad Pitt, Angelina Jolie Had 'Screaming Fights' About Kids"
gossipcop-4974533232,,Prince Harry NOT Engaged To Meghan Markle  Despite Report
gossipcop-31136768,hollywoodlife.com/2017/09/13/is-katie-holmes-pregnant-jamie-foxx-baby-child-dating/,Is Katie Holmes Pregnant With Jamie Foxx’s Child After Finally Confirming Secret Romance?
gossipcop-5829876762,www.thehollywoodgossip.com/2018/03/gwen-stefani-and-blake-shelton-is-it-over/,Gwen Stefani: Dumped By Blake Shelton! Blindsided and Heartbroken!
gossipcop-8538278519,www.elle.com/culture/music/a13135850/taylor-swift-original-ex-boyfriend-lyric-in-gorgeous-tom-hiddleston-calvin-harris-reference/,"Taylor Swift's Original Ex-Boyfriend Lyric in ""Gorgeous"" Is Telling"
gossipcop-8418748457,charlotterestaurantweek.iheart.com/content/2017-08-20-amal-clooney-body-shamed-two-months-after-giving-birth-to-twins/,Amal Clooney Body-Shamed Two Months After Giving Birth To Twins
gossipcop-1220539977,www.babble.com/celebrity/carrie-underwoods-luxury-wedding-venue-photos/,Carrie Underwood's Luxury Wedding Venue (PHOTOS)
gossipcop-9852856645,okmagazine.com/photos/kim-kardashian-afraid-kanye-west-another-breakdown/,Kim Kardashian Is Afraid Kanye West Might Be Headed Towards Another Meltdown
gossipcop-1185219723,www.eonline.com/news/913303/how-david-and-victoria-beckham-s-marriage-survived-and-thrived-after-scandal,How David and Victoria Beckham's Marriage Survived and Thrived After Scandal
gossipcop-3697095661,hollywoodlife.com/2017/11/20/kim-kardashian-beyonce-hurt-awkward-exchange/,Kim Kardashian ‘Hurt’ By Awkward Exchange With Beyonce — She Wants ‘To Be Friends’
gossipcop-9740483458,www.inquisitr.com/3593201/katie-holmes-and-jamie-foxx-update-is-he-adopting-her-daughter-suri-cruise/,"Katie Holmes And Jamie Foxx Update: Is He Adopting Her Daughter, Suri Cruise?"
gossipcop-6343588433,celebrityinsider.org/selena-gomez-really-wants-a-kiss-from-justin-bieber-on-new-years-eve-99938/,Selena Gomez Really Wants A Kiss From Justin Bieber On New Year’s Eve!
gossipcop-7199959226,www.billboard.com/articles/columns/pop/8458025/taylor-swift-reputation-tour-b-stage-songs-list,All the Surprise Songs Taylor Swift Has Performed on Her Reputation Stadium Tour B-Stage (So Far)
gossipcop-5076522574,www.accessonline.com/articles/britney-spears-speaks-pop-star-talks-sisters-pregnancy-new-music-more-64865/,"Britney Spears Speaks: Pop Star Talks Sister’s Pregnancy, New Music & More"
gossipcop-532752162,www.usmagazine.com/celebrity-news/news/kendall-jenner-hilariously-responds-to-pregnancy-rumors/,Kendall Jenner Hilariously Responds to Pregnancy Rumors
gossipcop-1102022663,www.buzzfeednews.com/article/tanyachen/melania-vs-ivana,"Melania And Ivana Trump Are Having Some ""Real Housewives""-Type Drama Right Now"
gossipcop-4241859411,www.news.com.au/entertainment/books-magazines/books/caitlyn-jenner-spills-on-sex-life-with-exwife-kris-jenner-in-tellall-book-the-secrets-of-my-life/news-story/4c594836ad93b251110e7b1e62592f98,Caitlyn Jenner spills on sex life with ex-wife Kris Jenner in tell-all book The Secrets of my Life
gossipcop-7508599213,www.realclearpolitics.com/video/2018/02/18/sessions_illegal_leak_against_general_mike_flynn_is_being_investigated_aggressively.html,"Sessions: Illegal Leak Against General Mike Flynn Is Being Investigated ""Aggressively"""
gossipcop-8035823483,www.nytimes.com/2016/01/20/books/caitlyn-jenner-to-publish-a-memoir-about-her-transformation.html,Caitlyn Jenner to Publish a Memoir About Her Transformation
gossipcop-5865511589,radaronline.com/videos/the-voice-jennifer-hudson-diva-feud-fired-blake-shelton/,Jennifer At WAR With ‘The Voice’ Execs For Using Show To Promote Her Own Company!
gossipcop-5969232688,www.express.co.uk/news/royal/996038/Meghan-Markle-Prince-Harry-different-William-Kate-body-language-royal-news-latest,Meghan Markle and Harry show their love in 'COMPLETELY DIFFERENT' ways to William and Kate
gossipcop-7227783644,www.thehollywoodgossip.com/2018/02/lady-gaga-and-christian-carino-wedding-plans-revealed/,Lady Gaga & Christian Carino: Wedding Plans Revealed?!
gossipcop-6622517305,www.celebitchy.com/540432/brad_pitt_sienna_miller_couldnt_keep_their_hands_off_each_other_in_glastonbury/,Brad Pitt & Sienna Miller ‘couldn’t keep their hands off each other’ in Glastonbury
gossipcop-9017740875,www.nytimes.com/2017/06/09/opinion/lena-dunham-losing-birth-control-could-mean-a-life-of-pain.html,Opinion | Lena Dunham: Losing Birth Control Could Mean a Life of Pain
gossipcop-2163338800,www.elle.com/uk/life-and-culture/culture/a21998194/katie-holmes-finally-breaks-silence-over-jamie-foxx-split-rumours/,Katie Holmes Finally Breaks Silence Over Jamie Foxx Split Rumours
gossipcop-6293939130,www.thewrap.com/blake-shelton-settles-lawsuit-over-in-touch-rehab-story/,Blake Shelton Settles Lawsuit Over In Touch Rehab Story
gossipcop-8444893240,www.wmagazine.com/story/justin-bieber-selena-gomez-break-up-for-good-rumors,Justin Bieber and Selena Gomez May Have Broken Up for Good This Time
gossipcop-1364865137,,  Victoria Beckham Miserable Miserable Over False Divorce Rumors 
gossipcop-7181745288,www.intouchweekly.com/posts/kanye-west-staying-with-caitlyn-jenner-twitter-rant-159298,Kanye West Is Staying With Caitlyn Jenner on the Heels of Divorce From Kim Kardashian (EXCLUSIVE)
gossipcop-9021596250,,Duggars Divorce Is In Touch Bait And Switch
gossipcop-9712091111,,  Alec Baldwin   Seth Meyers NOT At War At Despite Report
gossipcop-8469459935,www.enstarz.com/articles/194708/20170704/kristen-stewart-alicia-cargile-is-she-cheating-on-model-stella-maxwell-video.htm,"Kristen Stewart, Alicia Cargile: Is She Cheating On Model Stella Maxwell? [VIDEO]"
gossipcop-4522760572,www.cinemablend.com/television/1602681/how-much-alec-baldwin-makes-per-episode-for-portraying-trump-on-snl,How Much Alec Baldwin Makes Per Episode For Portraying Trump On SNL
gossipcop-7199383095,www.msn.com/en-us/entertainment/celebrity/debunking-the-weeks-tabloid-stories-july-20-2018/ss-BBKS4oy,"Debunking the week's tabloid stories: July 20, 2018"
gossipcop-1711006420,www.mcarchives.com/index.asp?id=13984,"Mariah Carey not having ""midlife crisis"""
gossipcop-6595814885,discussion.femalefirst.co.uk/viewtopic.php?t=752357,Female First Forum
gossipcop-7928304062,www.usmagazine.com/celebrity-news/pictures/kourtney-kardashian-and-younes-bendjimas-sexy-romance-in-pictures-w484258/,Kourtney Kardashian and Younes Bendjima’s Sexy Romance in Pictures
gossipcop-7905456260,www.dailymail.co.uk/tvshowbiz/article-2417042/Cara-Delevingne-ladders-hold-ups-attends-Rihannas-fashion-launch.html,Cara Delevingne has ladders in her hold-ups as she attends Rihanna's fashion launch
gossipcop-9699315351,www.intouchweekly.com/posts/alex-rodriguez-cheated-on-jennifer-lopez-153623,Jennifer Lopez Is Questioning Her Future With A-Rod After Cheating Allegations (EXCLUSIVE)
gossipcop-4468191118,hellogiggles.com/celebrity/theres-new-theory-khloe-kylie-will-reveal-pregnancies-kardashian-christmas-card/,"There's a new theory about how Khloé and Kylie will reveal their pregnancies, and it's the most solid yet"
gossipcop-7579124897,www.msn.com/en-za/entertainment/story/beyonce-jay-z-having-fourth-baby-via-surrogate/ar-BBILoMc,"Beyonce, Jay Z having fourth baby via surrogate?"
gossipcop-9447768564,hollywoodlife.com/2018/03/20/justin-bieber-struggling-selena-gomez-split-breakup-relationship-troubles/,Justin Bieber & Selena Gomez: Their Time Apart Is Driving Him Crazy
gossipcop-5984430872,fashionmagazine.com/culture/selena-gomez-justin-bieber-relationship/,A Complete Timeline of Selena Gomez and Justin Bieber's Relationship
gossipcop-1985203952,www.cnn.com/2018/01/16/entertainment/kim-kardashian-kanye-west-third-child/index.html,Kim Kardashian West welcomes third child
gossipcop-7645570970,www.eonline.com/news/930525/jennifer-lawrence-and-david-o-russell-are-not-dating,Jennifer Lawrence and David O. Russell Are Not Dating
gossipcop-257933786,www.ibtimes.co.in/brad-pitt-snubs-angelina-jolies-invite-spend-halloween-2017-children-747321,Brad Pitt SNUBS Angelina Jolie's invite to spend Halloween 2017 with children?
gossipcop-8550490801,www.inquisitr.com/4746609/today-hosts-hint-at-rumored-feud-hoda-kotb-savannah-guthrie-megyn-kelly-trade-mean-girl-jabs-on-air/,"‘Today’ Hosts Hint At Rumored Feud: Hoda Kotb, Savannah Guthrie, Megyn Kelly Trade ‘Mean Girl’ Jabs On Air"
gossipcop-7694678050,www.bustle.com/p/nick-jonas-priyanka-chopras-relationship-is-reportedly-instagram-official-fans-are-loving-it-photo-9563691,Nick Jonas & Priyanka Chopra's Relationship Is Reportedly Instagram Official & Fans Are Loving It — PHOTO
gossipcop-4586036956,www.biography.com/people/orlando-bloom-13539962,Orlando Bloom Biography
gossipcop-5925668659,www.aceshowbiz.com/news/view/00104495.html,Report: Bradley Cooper Split From Pregnant Girlfriend Irina Shayk
gossipcop-5483599093,www.foxnews.com/lifestyle/2018/06/09/meghan-markle-criticized-for-inappropriate-off-shoulder-dress-at-queen-s-birthday-parade.html,Meghan Markle criticized for ‘inappropriate’ off the shoulder dress at Queen’s birthday parade
gossipcop-4913642932,pagesix.com/2018/08/24/sofia-richie-kourtney-kardashian-post-competing-thirst-traps/,Sofia Richie and Kourtney Kardashian post competing thirst traps
gossipcop-8039101878,www.foxnews.com/entertainment/2017/12/13/are-brad-pitt-and-jennifer-lawrence-dating.html,Are Brad Pitt and Jennifer Lawrence dating?
gossipcop-5663280204,www.imdb.com/news/ni61321389,Josh Brolin Almost Died Choking On Food?
gossipcop-4916310241,bleacherreport.com/articles/2779009-tristan-thompson-fined-25k-not-suspended-for-altercation-at-end-of-game-1,"Tristan Thompson Fined $25K, Not Suspended for Altercation at End of Game 1"
gossipcop-3012797232,www.elle.com/culture/celebrities/news/a39283/nick-cannons-turban-doesnt-seem-to-be-going-anywhere/,Nick Cannon's Turban Doesn't Seem to Be Going Anywhere
gossipcop-1219244678,hollywoodlife.com/2018/01/31/drake-shocked-rihanna-pregnancy-rumors-grammy-awards-performance/,Drake: What He Thinks About Rihanna Pregnancy Rumors & Why He’s Bummed About Her BF
gossipcop-5618879938,www.imdb.com/news/ni61412368,"Nicole Kidman, Keith Urban Not Separated, Despite Tabloid Cover Story"
gossipcop-4353602562,www.yahoo.com/lifestyle/vanka-trump-slammed-fishing-royal-wedding-invite-194556343.html,Ivanka Trump slammed for ‘fishing’ for royal wedding invite
gossipcop-3726214854,okmagazine.com/videos/is-jared-leto-45-crushing-on-19-year-old-paris-jackson/,"Is Jared Leto, 45, Crushing On 19-Year-old Paris Jackson?"
gossipcop-8098438027,en.wikipedia.org/wiki/Sofia_Richie,Sofia Richie
gossipcop-9399474939,www.bustle.com/articles/135360-leonardo-dicaprios-oscar-snubs-compared-to-other-actors-snubs-shows-hes-not-all-that-unsual,Leonardo DiCaprio's Oscar Snubs Compared To Other Actors' Snubs Shows He's Not All That Unsual
gossipcop-1795963099,www.kardashiantoday.com/article/kourtney-kardashian-hoodie-not-a-message-to-scott-disick-despite-claim-96336983-4f0d50.html,"Kourtney Kardashian Hoodie NOT A “Message” To Scott Disick, Despite Claim"
gossipcop-9639077061,www.washingtonpost.com/news/business/wp/2017/03/10/go-buy-ivankas-stuff-kellyanne-conway-said-then-the-first-daughters-fashion-sales-exploded/,"‘Go buy Ivanka’s stuff,’ Kellyanne Conway said. Then the first daughter’s fashion sales exploded."
gossipcop-8990141431,wakeupmrwest.com/2017/05/01/kanye-west-bulletproof-vest/,Does Kanye West really wear a bulletproof vest everywhere?
gossipcop-8507852180,hollywoodlife.com/2017/11/29/kendall-jenner-feels-horrible-blake-griffin-injury-kardashian-curse/,Kendall Jenner Feels Horrible About Blake Griffin’s Injury: Fears ‘Curse’ Will Be Blamed
gossipcop-2617368190,comicbook.com/tv-shows/2017/12/13/chilling-adventures-of-sabrina-netflix-tv-show-selena-gomez/,Selena Gomez Responds to 'Sabrina' Casting Rumors
gossipcop-4310738653,pagesix.com/2018/03/23/christina-aguilera-outs-ex-boyfriend/,Christina Aguilera outs ex-boyfriend
gossipcop-6768997467,discussion.femalefirst.co.uk/viewtopic.php?t=751352,Female First Forum
gossipcop-7897551259,hollywoodlife.com/2017/12/11/taylor-swift-joe-alwyn-relationship-built-on-mutual-trust-love/,Taylor Swift & Joe Alwyn’s Relationship Is ‘Built On Mutual Trust’: There’s A ‘Lot Of Love’
gossipcop-9333872053,tnaty.lisboa.ltd/3znDv2n81nI/Pippa_Middleton_is_not_demanding_Prince_Harry_attend_her_wedding_without_Meghan_Markle/,Pippa Middleton is not demanding Prince Harry attend her wedding without Meghan Markle & video
gossipcop-5320829279,hollywoodlife.com/2017/02/04/robert-pattinson-kristen-stewart-snl-gift-flowers-note/,Rob Pattinson Sends Kristen Stewart Flowers & Sweet Note Ahead Of SNL Performance
gossipcop-4796409702,www.inquisitr.com/3859542/kim-kardashian-kris-jenner-feuding-feud-kim-phasing-out-used-her/,"Kim Kardashian & Kris Jenner Feud? Kim Allegedly ‘Phasing Out’ Kris, Believes She ‘Used Her’ Source Says"
gossipcop-5893961433,www.magzter.com/articles/3436/234279/59799c7318974,Mariah Too Fat To Walk!
gossipcop-9604571678,,Kim Kardashian Kanye West At War Over Baby 3
gossipcop-4987228814,metro.co.uk/2018/02/21/jay-z-leaves-nightclub-staff-11k-tip-lavish-night-people-arent-happy-7329106/,"Jay-Z leaves nightclub staff $11,100 tip but people aren't happy"
gossipcop-5382029129,www.indiatoday.in/movies/gossip/story/brad-pitt-jennifer-aniston-angelina-jolie-biggest-mistake-1096635-2017-11-29,Brad Pitt thinks leaving Jennifer Aniston for Angelina Jolie was the biggest mistake of his life
gossipcop-562132594,hollywoodlife.com/2017/12/04/selena-gomez-misses-justin-bieber-trip-london/,Selena Gomez Missing Justin Bieber ‘Dearly’ While She’s Away In Europe: They Have A ‘Strong Love’
gossipcop-3227825551,www.newidea.com.au/kendall-jenner-has-her-third-nose-job,Kendall Jenner has had her third nose job
gossipcop-5290782306,people.com/style/kourtney-kardashian-pick-kylie-lip-kit-over-kkw-contours/,Kourtney Kardashian Picks Kylie Jenner’s Lip Kit Over Kim Kardashian's Contour Sticks
gossipcop-2065033867,www.inquisitr.com/4774907/report-that-blake-shelton-will-propose-to-gwen-stefani-on-valentines-day-is-untrue-debunked/,Report That Blake Shelton Will Propose To Gwen Stefani On Valentine’s Day Is Untrue [Debunked]
gossipcop-1700268836,www.usmagazine.com/celebrity-news/news/gwen-stefani-and-blake-shelton-put-baby-wedding-plans-on-hold/,"Gwen Stefani and Blake Shelton Put Baby, Wedding Plans on Hold"
gossipcop-389657314,,Jennifer Lopez NOT Engaged To Alex Rodriguez  Despite Ring Speculation
gossipcop-8706989772,www.dailymail.co.uk/femail/article-5303945/Is-Victoria-Beckhams-style-rubbing-Chloe-Moretz.html,Is Victoria Beckham's style rubbing off on Chloe Moretz?
gossipcop-5052005872,people.com/tv/maks-chmerkovskiy-vanessa-lachey-feud-dwts/,Maks Chmerkovskiy Skipped DWTS Due to a 'Chemistry Issue' With Partner Vanessa Lachey
gossipcop-7497547519,www.eonline.com/news/895796/inside-gwyneth-paltrow-s-romantic-history-the-reality-and-the-rumors,Inside Gwyneth Paltrow's Romantic History: The Reality and the Rumors
gossipcop-3862195873,radaronline.com/exclusives/2018/05/kanye-west-wife-kim-kardashian-twitter-meltdown/,Krazy Kanye Desperate For Kim’s Support As He Tweets Off The Deep End
gossipcop-9500154510,www.dailymail.co.uk/tvshowbiz/article-2108620/Brad-Pitts-family-beg-visit-grandmother-living-substandard-nursing-home.html,Brad Pitt's family beg him to visit grandmother living in substandard nursing home
gossipcop-4424305547,www.theguardian.com/lifeandstyle/lostinshowbiz/2017/apr/27/vince-vaughn-and-mel-gibson-the-hollywood-cops-out-to-prove-all-lives-matter,Vince Vaughn and Mel Gibson: the Hollywood cops out to prove all lives matter
gossipcop-331851377,www.allabouttrh.com/2018/03/02/nene-leakes-turned-weight-loss-spokesperson/,Was NeNe Leakes Turned Down As A Weight-Loss Spokesperson? - The Real Housewives
gossipcop-649754454,thehorrormoviesblog.com/2018/01/01/jay-z-caught-shapeshifting-united-airlines-flight-lax/,Jay-Z Caught Shapeshifting On United Airlines Flight To LAX
gossipcop-7043884479,bossip.com/1471589/are-you-fking-stupid-cnn-mixes-up-faith-evans-and-faith-hill-and-the-roast-is-on-43081/faith-evans-cnn-mistake/,CNN confuses Faith Evans and Faith Hill and Twitter is roasting them: faith-evans-cnn-mistake
gossipcop-5050867834,www.usmagazine.com/celebrity-news/news/christina-aguilera-is-engaged-to-boyfriend-matt-rutler-2014142/,Christina Aguilera Engaged to Boyfriend Matt Rutler!
gossipcop-5766538446,people.com/tv/where-caitlyn-jenner-stands-kardashian-jenners,Where Caitlyn Jenner Stands with Every Woman in the Kardashian Family
gossipcop-4085747635,wjla.com/news/entertainment/report-ben-affleck-and-jennifer-garner-settle-divorce,Report: Ben Affleck and Jennifer Garner settle divorce
gossipcop-1578034404,www.cosmopolitan.com/entertainment/a22508617/justin-bieber-asked-hailey-baldwin-pregnant-reaction-video/,Justin Bieber Was Asked If Hailey Baldwin Is Pregnant and He Got So Pissed
gossipcop-6042070700,hollywoodlife.com/2016/05/11/kristen-stewart-advice-fka-twigs-robert-pattinson-relationship-trouble/,FKA Twigs Turns To Kristen Stewart For Love Advice With Rob Pattinson
gossipcop-7910866248,people.com/movies/katie-holmes-jamie-foxx-nyc-date-night-tao/,N.Y.C. Night Out! Jamie Foxx and Katie Holmes Grab Dinner in the Big Apple After Split Rumors
gossipcop-2214871663,singaporesammyboy.com/2018/02/15/jim-carrey-refuses-to-eat-isolating-in-his-art-studio/,"» Jim Carrey Refuses To Eat, Isolating In His Art Studio?"
gossipcop-7830149120,www.complex.com/pop-culture/2017/07/kim-kardashian-denies-cocaine-rumor-snapchat,Kim Kardashian Wants You to Know That Wasn't Cocaine You Saw on Her Snapchat
gossipcop-3709627447,www.usatoday.com/story/life/entertainthis/2017/12/18/see-adorable-new-family-photo-william-kate-and-prince-george-princess-charlotte-2017-christmas-card/960279001/,"See the adorable new family photo of William, Kate and kids from this year's Christmas card"
gossipcop-5998258473,okmagazine.com/photos/gigi-hadid-bella-jealous/,Gigi Hadid Is Extremely Jealous Over Sister Bella Booking Major Fashion Gigs!
gossipcop-6733131485,ew.com/article/2008/10/01/i-read-it-so-yo-2/,I Read It So You Don't Have To: Lynne Spears' memoir
gossipcop-49043018,variety.com/2017/film/news/leonardo-dicaprio-black-hand-adaptation-1201974560/,"Leonardo DiCaprio Star in, Produce ‘The Black Hand’ – Variety"
gossipcop-7048638423,www.eonline.com/news/905093/lucy-hale-s-home-burglarized-15-000-worth-of-items-stolen,"Lucy Hale's Home Burglarized: $15,000 Worth of Items Stolen"
gossipcop-4800468981,www.thecut.com/2018/03/katy-perry-may-have-shaded-taylor-swift-on-american-idol.html,Katy Perry May Have Shaded Taylor Swift on American Idol
gossipcop-695280340,hollywoodlife.com/2017/12/01/justin-bieber-missed-selena-gomez-billboard-women-in-music-event/,Justin Bieber Didn’t Want To Steal Selena Gomez’s Spotlight By Attending Billboard Event
gossipcop-9075694215,hollywoodlife.com/2018/02/23/joe-jonas-women-bikinis-beach-australia-sophie-turner-photo/,Joe Jonas Surrounded By Bikini-Clad Girls In Australia — But Where The Hell Is Sophie Turner?
gossipcop-7314241723,people.com/style/miranda-kerr-and-snapchat-ceo-evan-spiegel-are-engaged-check-out-her-dazzling-diamond-ring/,Miranda Kerr and Snapchat CEO Evan Spiegel Are Engaged! Check Out Her Dazzling Diamond Ring
gossipcop-6815859599,www.imdb.com/news/ni61466802,"“Harry Potter” 19 Years Later: Rumors About Cast, Movies Busted By Gossip Cop"
gossipcop-3511129675,en.wikipedia.org/wiki/Yes_Man_(film),Yes Man (film)
gossipcop-6850065197,www.aceshowbiz.com/news/view/00112827.html,Lamar Odom Wants to Ruin Khloe Kardashian and Tristan Thompson's Wedding
gossipcop-1625086607,hollywoodlife.com/2018/06/05/johnny-depp-aging-appearance-mid-life-crisis/,Johnny Depp Concerned About Aging: He’s Having A Mid-Life Crisis
gossipcop-9721947560,www.mcarchives.com/index.asp?id=1835,Mariah's cash crisis
gossipcop-8282337162,www.newidea.com.au/kate-middleton-twin-girls,Kate: 'Yes I'm having two girls'
gossipcop-2702593960,www.thecut.com/2018/07/katie-holmes-jamie-foxx.html,What’s Going On With Katie Holmes and Jamie Foxx?
gossipcop-28951896,www.newsweek.com/anne-hathaway-953412,'Oceans 8' Set Suffered Drama? Anne Hathaway Responds to Rumor
gossipcop-9912453454,,Tina Fey Making ‘ Mean Girls ’ Sequel Without Lindsay Lohan 
gossipcop-3430607867,www.today.com/video/mariah-careys-twins-steal-spotlight-at-hollywood-walk-of-fame-499535427713,Mariah Carey’s twins steal spotlight at Hollywood Walk of Fame
gossipcop-5592793027,www.huffingtonpost.com/entry/lisa-kudrow-friends-ritual-pregnant_us_5b61e57ae4b0fd5c73d59104,The 'Friends' Cast Had An Adorable Backstage Ritual When Lisa Kudrow Was Pregnant
gossipcop-8822451339,www.usmagazine.com/entertainment/pictures/justin-biebers-complete-dating-history-w442728/,Justin Bieber’s Complete Dating History
gossipcop-8002615775,www.rte.ie/entertainment/2015/0119/673692-jennifer-aniston-laughs-off-oscar-snub/,Jennifer Aniston laughs off Oscar snub
gossipcop-9972962159,thefashionfauxpasofgabrielle.com/2017/10/16/what-i-learnt-from-binge-watching-keeping-up-with-the-kardashians/,What I learnt from Binge Watching Keeping Up With The Kardashians
gossipcop-2333053579,bossip.com/1525988/dont-be-fooled-mariah-carey-and-nick-cannon-played-nice-for-cameras-but-beef-boils-at-kids-choice-awards-43081/,Don’t Be Fooled: Mariah Carey And Nick Cannon Played Nice For Cameras But Beef Boils At Kids Choice Awards
gossipcop-6466553992,www.usatoday.com/picture-gallery/life/people/2018/03/24/celebrities-supporting-march-for-our-lives/33259633/,Celebrities supporting March For Our Lives
gossipcop-6176274941,hollywoodlife.com/2018/01/17/kourtney-kardashian-justin-bieber-just-friends-younes-bendjima/,"Justin Bieber & Kourtney Kardashian: Why The Exes ‘Still Talk,’ But Selena & Younes Shouldn’t Worry"
gossipcop-3698105306,www.elle.com/culture/celebrities/a22003873/taylor-swift-joe-alwyn-romance-in-great-place-fourth-of-july-report/,How Taylor Swift and Joe Alwyn's Private Romance Is Doing
gossipcop-6710276834,,Liam Payne Begging Cheryl To Move Los Angeles 
gossipcop-5921705548,www.today.com/popculture/blake-shelton-remembers-brother-s-death-27-years-ago-it-t118783,Blake Shelton remembers brother's death 27 years ago: 'It changed my life forever'
gossipcop-3546794846,www.eonline.com/news/912680/taylor-swift-who-bff-karlie-kloss-hangs-out-with-katy-perry-in-l-a,"Taylor Swift, Who? BFF Karlie Kloss Hangs Out With Katy Perry in L.A."
gossipcop-2409992269,www.independent.co.uk/arts-entertainment/films/news/jamie-foxx-katie-holmes-dating-valentines-day-basketball-interview-walks-out-tom-cruise-divorce-a8215251.html,Jamie Foxx walks out of live interview after being asked about Katie Holmes
gossipcop-4225063221,www.dailymail.co.uk/tvshowbiz/article-5645343/Ben-Affleck-treats-cast-crew-500-Hawaiian-luau-girlfriend-Lindsay-Shookus-there.html,Ben Affleck treats cast and crew of 500 to Hawaiian luau
gossipcop-6378885694,www.wonderwall.com/news/pregnant-miranda-kerr-has-reportedly-already-spent-250k-nursery-3010942.article,Pregnant Miranda Kerr has reportedly already spent $250k on nursery
gossipcop-8339248612,www.inquisitr.com/5011363/kim-kardashian-tells-sister-kourtney-that-nobody-wants-her-around-that-shes-not-exciting-to-look-at/,Kim Kardashian Tells Sister Kourtney That Nobody Wants Her Around & That She’s Not Exciting To Look At
gossipcop-4771324886,www.nationalenquirer.com/celebrity/demi-moore-miley-cyrus-marriage/,Demi Moore Becomes Miley Cyrus’ Marriage Mentor
gossipcop-6627484698,hollywoodlife.com/2017/03/20/angelina-jolie-threatens-brad-pitt-kids-jennifer-aniston-relationship/,Angelina Jolie Threatens Brad Pitt: Don’t Bring The Kids Around Jennifer Aniston
gossipcop-8489729650,tribune.com.pk/story/1638902/4-lindsay-lohan-sparks-rumours-converting-islam/,Lindsay Lohan once again sparks rumours of converting to Islam
gossipcop-3799929008,rickeysmileymorningshow.com/1830568/craig-robinson-weight-loss/,Craig Robinson Drops 50 Pounds
gossipcop-373111428,www.aceshowbiz.com/news/view/00106836.html,Has Kim Kardashian Undergone Butt and Breast Reduction Surgery?
gossipcop-11452309,celebrityinsider.org/paula-abduls-injury-sparks-eating-disorder-relapse-worries-49315/,Paula Abdul’s Injury Sparks Eating Disorder Relapse Worries!
gossipcop-9621883806,www.usmagazine.com/celebrity-moms/news/miranda-kerr-is-pregnant-again/,Miranda Kerr Is Pregnant Again!
gossipcop-5238881623,ew.com/news/2017/08/25/celebs-react-trump-pardon-joe-arpaio/,Celebs rip 'racist' and 'cowardly' Trump for pardoning former Arizona Sheriff Joe Arpaio
gossipcop-3039625512,,FKA Twigs Wearing Robert Pattinson Engagement Ring Cause For Alarm
gossipcop-8461829651,,Gwen Stefani Baggy Tee
gossipcop-5800178315,www.express.co.uk/news/royal/970109/Meghan-Markle-shock-Duchess-of-Sussex-could-be-liked-more-than-Kate-Middleton-by-the-Queen,Is Meghan Markle liked by the Queen MORE than Kate? Newlywed set to ride Queen's train
gossipcop-2662154659,www.thewrap.com/oscar-parties-2018-top-invites-events-nominee-gatherings/,"Oscar Parties 2018: The Top Invites, Events and Nominee Gatherings"
gossipcop-6448212996,people.com/tv/savannah-guthrie-curses-on-today-show/,Oops! Savannah Guthrie Apologizes After Accidentally Swearing on the Today Show
gossipcop-7239026988,variety.com/2018/film/news/2018-oscars-winners-list-academy-awards-1202713535/,2018 Oscars Winners: Full List – Variety
gossipcop-8209599935,,Brad Pitt Not Confident Work
gossipcop-6942485586,movies.trendolizer.com/2018/04/joe-jonas-joins-selena-gomez-for-new-movie-we-cant-help-wondering-does-taylor-swift-know.html,Joe Jonas Joins Selena Gomez For New Movie &amp; We Can’t Help Wondering: Does Taylor Swift Know?
gossipcop-9006484897,people.com/royals/kate-middleton-pregnant-carrying-twins/,Kate Carrying Twins?
gossipcop-9760956844,www.cheatsheet.com/entertainment/the-voice-things-we-know-about-gwen-stefani-and-blake-sheltons-relationship.html/,'The Voice': 10 Things We Know About Gwen Stefani and Blake Shelton's Relationship
gossipcop-4054055901,www.newidea.com.au/kate-middleton-wedding-surprise-meghan-markle,Kate Middleton’s wedding surprise for Meghan Markle
gossipcop-9897229740,www.cosmopolitan.com/entertainment/celebs/news/a57348/robert-pattinson-fka-twigs-engagement-wedding-update/,Robert Pattinson and FKA twigs Might Not Marry After All
gossipcop-8050670484,marriedbiography.com/angelina-takes-children-to-renaissance-pleasure-fair-in-california-despite-the-report-she-was-not-miserable-at-the-fair/,Angelina takes children to Renaissance Pleasure Fair in California; Despite the report she was not “miserable” at the fair – Married Biography
gossipcop-4765574944,hollywoodlife.com/2018/01/27/robert-pattinson-katy-perry-make-out-couple-kissing/,Robert Pattinson & Katy Perry Caught Making Out At LA Cafe: They’re ‘Totally A Couple’ — Report
gossipcop-1742215906,www.cosmopolitan.com/entertainment/music/a22072700/taylor-swift-fourth-july-turks-and-caicos-with-boyfriend-joe-alwyn/,Taylor Swift Spent Her Fourth of July in Turks and Caicos with Boyfriend Joe Alwyn
gossipcop-5494601224,www.usmagazine.com/celebrity-news/news/judge-dismisses-dj-david-muellers-case-against-taylor-swift-w497404/,Judge Dismisses DJ David Mueller’s Case Against Taylor Swift
gossipcop-5144712731,www.msn.com/en-us/movies/celebrity/angelina-jolie-getting-%E2%80%9Crevenge%E2%80%9D-on-brad-pitt-jennifer-aniston/ar-BBJFvnT,"Angelina Jolie Getting “Revenge” On Brad Pitt, Jennifer Aniston?"
gossipcop-6166126691,babe.net/2017/11/13/katy-perry-is-a-cannibal-is-the-craziest-most-believable-conspiracy-theory-ive-ever-read-20924,"‘Katy Perry is a cannibal’ is the craziest, most believable conspiracy theory I’ve ever read"
gossipcop-4531429184,time.com/money/5178274/royal-family-net-worth/,"All the Members of the British Royal Family, Ranked by Net Worth"
gossipcop-1227116639,,Kendall Jenner Blake Griffin Clash
gossipcop-9498633927,www.girlfriend.com.au/kourtney-kardashian-reacts-to-family-drama,Kris Jenner begs Kourtney Kardashian to take over the Kardashian empire
gossipcop-7190730699,www.mercurynews.com/2018/06/29/katie-holmes-trials-fighting-reports-about-a-jamie-foxx-breakup-and-a-tom-cruise-suri-reunion/,"Katie Holmes’ trials: Fighting reports about a Jamie Foxx breakup and a Tom Cruise, Suri reunion"
gossipcop-3306478944,star941fm.iheart.com/content/2017-07-08-celebrities-react-nelsan-ellis-dead-at-39/,Celebrities React: Nelsan Ellis Dead At 39
gossipcop-9817393246,starmagazine.com/videos/mariah-carey-bryan-tanaka-breakup-rumors/,Mariah Carey Dines Alone After Reuniting With Boytoy Bryan Tanaka
gossipcop-7920962169,www.ibtimes.com/brad-pitt-didnt-use-custody-negotiations-get-back-angelina-jolie-2694249,Brad Pitt Didn't Use Custody Negotiations To Get Back With Angelina Jolie
gossipcop-2619660126,en.wikipedia.org/wiki/One_Love_Manchester,One Love Manchester
gossipcop-8753576237,www.journalpost.com/enterainment/selena-gomez-justin-bieber-married/,Is Selena Going to Become Mrs. Bieber? Justin Bieber and Selena Gomez could be Getting Married in Barbados!
gossipcop-8423709664,www.independent.ie/entertainment/movies/meghan-markle-was-being-considered-for-bond-girl-role-before-royal-relationship-report-36443531.html,'Meghan Markle was being considered for Bond girl role before royal relationship'
gossipcop-6732122284,www.spin.com/2017/08/robert-pattinson-has-finally-responded-to-donald-trumps-bizarre-tweets-about-his-relationship-with-kristen-stewart/,Robert Pattinson Has Finally Responded to Donald Trump’s Bizarre Tweets About His Relationship With Kristen Stewart
gossipcop-3286453896,hollywoodlife.com/2017/10/25/are-scott-disick-sofia-richie-engaged-italy-trip-relationship/,"Scott Disick, 34, & Sofia Richie, 19, Allegedly Got Engaged On Romantic Trip To Italy"
gossipcop-902068207,www.x17online.com/2018/07/lindsay_shookus_white_top_plaid_jacket_baby_bump_pregnant_ben_affleck_elope_hawaii_photos_video_070918,We Really Think Ben Affleck's Girlfriend Lindsay Shookus Is Pregnant
gossipcop-6481523208,www.msn.com/en-us/news/other/blake-shelton-denies-%E2%80%9Changing-out%E2%80%9D-with-paul-ryan/ar-BBFYHJ7,Blake Shelton Denies “Hanging Out” With Paul Ryan
gossipcop-5233247694,,Miley Cyrus  Seth Rogen  James Franco Arrested For Plot To Donald Trump  Fake
gossipcop-4821140599,www.brides.com/story/katie-holmes-wedding-ring-jamie-foxx,Is Katie Holmes Married to Jamie Foxx?
gossipcop-3288271088,www.news.com.au/entertainment/celebrity-life/hook-ups-break-ups/katie-holmes-and-jamie-foxx-split-after-five-years-together-report/news-story/f04d874df94dcc2c10a8e3c141ce7d80,Katie Holmes and Jamie Foxx deny split report
gossipcop-9746539314,www.imdb.com/news/ni61389253,Robert Pattinson GQ Interview Highlights: See Best Quotes From Cover Story!
gossipcop-175866555,www.newidea.com.au/george-clooney-helped-brad-pitt-and-jennifer-aniston-get-back-together,George Clooney helped Brad Pitt and Jennifer Aniston get back together
gossipcop-5865271192,www.mercurynews.com/2018/06/29/katie-holmes-trials-fighting-reports-about-a-jamie-foxx-breakup-and-a-tom-cruise-suri-reunion/,"Katie Holmes’ trials: Fighting reports about a Jamie Foxx breakup and a Tom Cruise, Suri reunion"
gossipcop-2368835056,,Gwen Stefani Did Order Blake Shelton To Weight  Report
gossipcop-6883131348,www.msn.com/en-ca/entertainment/celebrity/nicole-kidman-and-meryl-streep-at-war-on-set/ar-AAz7mm4,Nicole Kidman and Meryl Streep at war on set
gossipcop-9327540025,dallas.culturemap.com/news/entertainment/07-14-15-jj-watt-crushes-jennifer-aniston-twitter,Houston Texans star J.J. Watt goes goo-goo for lifetime crush Jennifer Aniston
gossipcop-3385285093,,Nicole Kidman Jennifer Aniston Keith Urban Secret Rendezvous
gossipcop-8504440899,www.dailymail.co.uk/news/article-5510721/Nun-says-shes-left-legal-fight-Katy-Perry.html,Nun says she's left with nothing after legal fight with Katy Perry
gossipcop-6107877588,www.imdb.com/title/tt1041829/faq,Frequently Asked Questions
gossipcop-5372987254,ew.com/news/2017/01/20/trump-inauguration-celebrity-reactions/,Celebrities react to Trump inauguration on Twitter
gossipcop-2965180574,www.inquisitr.com/911520/eva-mendes-gives-ryan-gosling-ultimatum-rumor/,"Eva Mendes Gives Ryan Gosling Ultimatum, Rumor"
gossipcop-2249523915,www.etonline.com/selena-gomez-and-justin-bieber-not-broken-up-but-simply-apart-source-says-exclusive-97928,Selena Gomez and Justin Bieber Not 'Broken Up' But Working on 'Issues' Source Says (Exclusive)
gossipcop-9576408647,www.wikinow.co/topic/christine-taylor,Christine Taylor on Wikinow
gossipcop-4130830606,www.newidea.com.au/miley-cyrus-says-sex-with-liam-hemsworth-is-like-a-concord-during-appearance-on-ellen,Miley Cyrus’ shock sex confession about Liam
gossipcop-4453005562,hollywoodlife.com/2015/04/15/selena-gomez-miley-cyrus-fight-confrontation-oscar-party/,Selena Gomez: Miley Cyrus Publicly Rejects Plea To End Feud
gossipcop-5905235038,www.billboard.com/articles/news/7874118/linkin-park-tribute-chester-bennington-read-letter,Read Linkin Park's Tribute to Chester Bennington: 'Our Hearts Are Broken'
gossipcop-223393871,en.wikipedia.org/wiki/Cindy_Crawford,Cindy Crawford
gossipcop-8064197839,people.com/movies/robert-pattinson-says-he-was-joking-about-performing-bestiality-in-new-movie/,Robert Pattinson Says Directors Wanted Him to Perform Bestiality New Movie
gossipcop-8904410755,indianexpress.com/article/entertainment/hollywood/meryl-streep-golden-globes-2017-speech-hollywood-bollywood-reaction-donald-trump-4466229/,"Meryl Streep’s strong speech against Donald Trump at Golden Globes gets thumbs-up from Hollywood, Bollywood"
gossipcop-5527569893,kncifm.com/blake-shelton-burns-luke-bryan-offering-officiate-gwens-potential-wedding/,Blake Shelton BURNS Luke Bryan for Offering to Officiate His and Gwen’s Potential Wedding
gossipcop-7485566546,www.washingtonpost.com/news/arts-and-entertainment/wp/2018/02/28/blake-shelton-had-a-rough-time-on-the-voice-premiere-this-might-explain-why/,'The Voice' premiere: Everyone ganged up on Blake Shelton. This might explain why.
gossipcop-7905012051,www.ellentube.com/video/kim-kardashian-west-on-caitlyn-jenners-new-book.html,Kim Kardashian West on Caitlyn Jenner's New Book
gossipcop-6559744284,www.gobankingrates.com/net-worth/celebrities/ellen-degeneres-net-worth/,Ellen DeGeneres’ Net Worth on Her 60th Birthday
gossipcop-8871430966,www.thehollywoodgossip.com/2009/01/jessica-simpson-letting-herself-go/,Jessica Simpson Letting Herself Go?
gossipcop-2446217151,extratv.com/2018/08/04/rumor-bust-danny-fujikawa-did-not-dump-pregnant-gf-kate-hudson/,Rumor Bust! Danny Fujikawa Did Not Dump Pregnant GF Kate Hudson
gossipcop-9808537193,tiffanycknox.wordpress.com/2018/07/14/kim-kardashian-kanye-west-competing-with-beyonce-jay-z-over-house-size/,"Kim Kardashian, Kanye West Competing With Beyonce, Jay-Z Over House Size?"
gossipcop-9393511092,,Khloe Kardashian Learning Kylie Jenner
gossipcop-3392602994,,  Jason Statham  Rosie HuntingtonWhiteley Miserable Miserable Together 
gossipcop-3752777785,,Blake Shelton Gwen Stefani Ignoring
gossipcop-8149933477,hollywoodlife.com/2018/02/08/stormy-daniels-advice-kylie-jenner-baby-name-stormi-trouble/,Kylie Jenner Gets Wild Warning From Stormy Daniels: Your Baby’s Gonna Be ‘Trouble’ With That Name
gossipcop-7064511162,www.elitedaily.com/entertainment/celebrity/kylie-jenner-travis-scott-married-fans/2079523,Are Kylie Jenner & Travis Scott Married? Fans Have Questions After Pregnancy Reports
gossipcop-9507609004,www.businessinsider.com/kylie-jenner-richer-than-kim-kardashian-report-2018-7,"Kylie Jenner is on the cusp of becoming the world's youngest self-made billionaire, with Forbes estimating her net worth to be 3 times as large as Kim Kardashian's"
gossipcop-1950567758,people.com/parents/kim-kardashian-west-everything-she-has-said-baby-pregnancy/,Everything Kim Kardashian West Has Said About Baby No. 3
gossipcop-71057772,www.capitalfm.com/news/celebrity-mothers-day/,14 Celebrity Mother's Day Instagram Posts That Will Give You SERIOUS FEELS.
gossipcop-8115207261,www.dailystar.co.uk/showbiz/678030/Lady-Gaga-plastic-surgery-new-face-lift-Botox-fillers-nose-job-before-after-pictures,What has Lady Gaga done to her face? Plastic surgeon dishes dirt on shock transformation
gossipcop-5876471599,www.eonline.com/news/955370/how-jennifer-lopez-tamed-alex-rodriguez-from-serial-star-dater-to-mvp-of-her-heart,How Jennifer Lopez Tamed Alex Rodriguez: From Serial Star Dater to MVP of Her Heart
gossipcop-49247036,www.marieclaire.co.uk/life/health-fitness/kim-kardashian-diet-exercise-608108,"‘I tried Kim Kardashian’s diet for two weeks, and the results weren’t what I expected’"
gossipcop-433346657,www.bankrate.com/lifestyle/celebrity-money/mila-kunis-net-worth/,Mila Kunis Net Worth
gossipcop-5241351348,spinditty.com/genres/Why-Madonna-Succeeded-Where-Cyndi-Lauper-Failed,Why Madonna Succeeded Where Cyndi Lauper Failed
gossipcop-7739387762,www.usatoday.com/story/life/people/2017/11/05/stars-react-texas-church-shooting-grief-disbelief-no-words-numb-again/834460001/,"Stars react to Texas church shooting with grief, disbelief: 'No words. Numb. Again.'"
gossipcop-6334503716,www.refinery29.com/2018/06/202772/nicole-kidman-best-beauty-looks,Nicole Kidman Gets Honest About Her Best Beauty Looks
gossipcop-8763534369,www.manchestereveningnews.co.uk/news/showbiz-news/where-is-taylor-swift-staying-14758248,Taylor Swift has booked out an entire city centre hotel ahead of her Manchester gigs
gossipcop-7010369703,www.eonline.com/news/880306/rob-kardashian-and-blac-chyna-reach-custody-agreement-over-baby-dream,Rob Kardashian and Blac Chyna Reach Custody Agreement Over Baby Dream
gossipcop-5560007101,www.usmagazine.com/celebrity-news/news/david-beckham-victoria-beckham-lead-different-lives-but-it-works/,"David and Victoria Beckham Lead ‘Very Different’ Lives, But It ‘Works for Them’"
gossipcop-1558789806,people.com/movies/jennifer-aniston-and-justin-theroux-split-after-two-years-of-marriage/,Jennifer Aniston and Justin Theroux Split 'Lovingly' After Two Years of Marriage
gossipcop-6914484100,www.newidea.com.au/brad-pitt-jennifer-aniston-wed-in-missouri,Brad Pitt and Jennifer Aniston married in Missouri!
gossipcop-636852673,later.com/blog/instagram-themes/,20 Awesome Instagram Themes (and How to Get Them)
gossipcop-6700374041,,Fergie Snubbed Ashley Graham At Miss Universe Pageant 
gossipcop-7090728923,okmagazine.com/photos/kendall-jenner-steps-out-of-spotlight-anxiety/,The Real Reason Kendall Jenner Has Stepped Back From The Spotlight
gossipcop-4047751028,ew.com/news/2017/06/14/alexandria-shooting-congressmen-scalise-celebrities-reactions/,Alexandria shooting injures congressman: Celebrities react
gossipcop-5885895733,www.popsugar.com/celebrity/photo-gallery/44106786/embed/44106865/Lindsay-Jill-Roth-BFF,Who Are Meghan Markle's Friends?
gossipcop-8168643130,www.etonline.com/news/165879_amber_heard_calls_marriage_to_johnny_depp_not_a_dramatic_change,Amber Heard Talks for First Time About Marriage to Johnny Depp
gossipcop-3055148877,theroyaluk.com/queen-isnt-disappointed-meghan-outing/,Queen isn’t disappointed with Meghan Markle over first public outing with Prince Harry
gossipcop-9324384637,www.businessinsider.com/clint-eastwood-president-obama-hoax-2012-9,CLINT EASTWOOD: 'President Obama Is The Greatest Hoax Ever Perpetrated On The American People'
gossipcop-5713918011,www.huffingtonpost.ca/2016/09/28/justin-theroux-brangelina_n_12231478.html,Justin Theroux Speaks Out On Brangelina's Divorce
gossipcop-6239519280,www.usmagazine.com/celebrity-moms/news/angelina-jolie-its-strange-i-never-wanted-to-have-a-baby-w164701/,"Angelina Jolie: ‘It’s Strange, I Never Wanted to Have a Baby’"
gossipcop-2084469571,radaronline.com/videos/celine-dion-the-voice-diva-gwen-stefani-mentor/,Celine Dion Throws Diva Fit On ‘The Voice’
gossipcop-5182985830,hollywoodlife.com/2017/11/26/bella-hadid-the-weeknd-worried-rebound-romance-split/,Bella Hadid: Is She Worried About Being A Rebound Romance For The Weeknd?
gossipcop-4183604565,extratv.com/2017/03/11/rumor-bust-ryan-gosling-and-eva-mendes-are-not-breaking-up/,Rumor Bust! Ryan Gosling and Eva Mendes Are Not Breaking Up
gossipcop-6131424024,www.thesun.co.uk/tvandshowbiz/4654602/mariah-careys-boyfriend-bryan-tanaka-thighs-date-night/,Mariah Carey’s boyfriend Bryan Tanaka can’t keep his hands off her as he feels up her thighs on date night
gossipcop-9542987813,www.intouchweekly.com/posts/alex-rodriguez-cheated-on-jennifer-lopez-153623,Jennifer Lopez Is Questioning Her Future With A-Rod After Cheating Allegations (EXCLUSIVE)
gossipcop-191156688,hollywoodlife.com/2017/10/24/selena-gomez-demi-lovato-reunite-instyle-awards-boys-music-collaboration/,"Selena Gomez & Demi Lovato Bond Over Boys, Possible Duet & More During Epic Reunion"
gossipcop-7333672377,www.etonline.com/drew-barrymore-talks-honest-friendship-with-cameron-diaz-we-push-each-other-exclusive-106043,Drew Barrymore Talks 'Honest' Friendship With Cameron Diaz: 'We Push Each Other' (Exclusive)
gossipcop-6751025589,helenastales.weebly.com/blogue/beyonce-caught-shapeshifting-in-front-of-celebs-at-serena-williams-wedding,Beyoncé Caught Shapeshifting In Front Of Celebs At Serena Williams’ Wedding
gossipcop-905546659,www.pressreader.com/australia/nw/20180305/284112091871560,Connecting People Through News
gossipcop-7776639775,www.lifeandstylemag.com/posts/jennifer-lopez-engagement-ring-149958,Alex Rodriguez Already Picked Out Jennifer Lopez's $3 Million Engagement Ring (EXCLUSIVE)
gossipcop-4321231753,www.newidea.com.au/angelina-jolie-kids-want-to-live-with-brad-pitt-and-jennifer-aniston,Angelina’s kids speak out: We want to live with our dad and Jennifer Aniston
gossipcop-4618300061,radaronline.com/videos/kanye-west-bad-dad-kim-kardashian-demands/,Kim Rips Bad Dad Kanye: Step Up Your Parenting Game!
gossipcop-6786786896,hollywoodlife.com/2018/06/13/caitlyn-jenner-using-tristan-thompson-to-see-baby-true-khloe/,Caitlyn Jenner Uses Tristan Thompson To See Baby True Behind Khloe Kardashian’s Back
gossipcop-750460676,newslink.live/2018/08/30/kate-gosselins-daughter-hannah-shuts-down-instagram-page-amid-custody-battle/,Kate Gosselin’s Daughter Hannah Shuts Down Instagram Page Amid Custody Battle – News Link
gossipcop-9970966071,www.etonline.com/media/videos/jennifer-garner-and-josh-duhamel-recall-their-first-love-exclusive-97913,Jennifer Garner and Josh Duhamel Recall Their First Love (Exclusive)
gossipcop-5139117938,abcnews.go.com/Entertainment/simon-cowell-returning-american-idol/story?id=47370226,Simon Cowell will not be returning to 'American Idol'
gossipcop-1813624081,www.harpersbazaar.com/celebrity/latest/a22878856/kris-jenner-caitlyn-jenner-relationship/,"Kris and Caitlyn Jenner Reportedly ""Interact When They Have To"" for Their Kids"
gossipcop-61497901,indianexpress.com/article/world/never-say-never-kim-kardashian-on-considering-a-career-in-politics-5221442/,Never say never: Kim Kardashian on considering a career in politics
gossipcop-9226500572,www.usmagazine.com/celebrity-news/news/taylor-swift-cuts-off-selena-gomez-after-she-reunites-with-justin-bieber-2014123/,Taylor Swift Cuts Off Selena Gomez After Justin Bieber Reunion
gossipcop-737368770,www.dailymail.co.uk/tvshowbiz/article-5217273/Jennifer-Aniston-48-takes-break-Justin-Theroux.html,Jennifer Aniston takes a break with Justin Theroux
gossipcop-4908552205,www.dailymail.co.uk/news/article-4508698/Michelle-Pfeiffer-dropped-Sex-City-3.html,Michelle Pfeiffer dropped out of Sex and the City 3
gossipcop-152704263,hollywoodlife.com/2017/08/30/brad-pitt-misses-kids-back-to-work-angelina-jolie-split/,Brad Pitt Misses Seeing His Kids As He Goes Back To Work For First Time Since Angelina Jolie Split
gossipcop-9219469405,www.cnn.com/2018/08/08/entertainment/brad-pitt-child-support-angelina-jolie/index.html,Brad Pitt fires back at Angelina Jolie's child support claims
gossipcop-404164968,www.hollywoodreporter.com/video/nicole-kidman-all-her-stunning-looks-cannes-red-carpet-cannes-2017-1008129,Nicole Kidman: All Her Stunning Looks on the Cannes Red Carpet | Cannes 2017
gossipcop-6718021704,www.dailymail.co.uk/tvshowbiz/article-4194308/Nicole-Kidman-write-tell-autobiography.html,Nicole Kidman will 'write a tell-all autobiography'
gossipcop-4508824340,www.bustle.com/p/what-does-fight-supremacy-want-bostons-free-speech-rally-is-overshadowed-by-counter-protestors-77658,"What Does ""Fight Supremacy"" Want? Boston's Free Speech Rally Is Overshadowed By Counter-Protestors"
gossipcop-6495983081,www.wmagazine.com/story/white-house-correspondents-dinner-speech-michelle-wolf,How Celebrities Responded to Michelle Wolf's White House Correspondents' Dinner Speech
gossipcop-4282673292,www.express.co.uk/life-style/life/972609/meghan-markle-prince-harry-news-latest-royal-tour-children-baby-plans-zika-virus,Meghan and Harry set to travel to country with Zika virus - sign baby plans are on hold?
gossipcop-5614402758,www.dailymail.co.uk/news/article-4237602/Robin-Roberts-Michael-Strahan-spark-feud-rumors.html,Robin Roberts and Michael Strahan spark feud rumors
gossipcop-6853964722,www.imdb.com/name/nm1016966/news,Kevin J. Walsh - News
gossipcop-2710743535,radaronline.com/exclusives/2018/07/steve-harvey-marjorie-harvey-fight-divorce-kris-jenner/,Steve Harvey & Wife Caught In $400 Million Divorce Drama — Over Kris Jenner!
gossipcop-3837205825,www.dailymail.co.uk/tvshowbiz/article-4513376/Khloe-Kardashian-smoking-marijuana-joint-Costa-Rica.html,Khloe Kardashian smoking marijuana joint in Costa Rica
gossipcop-8744004979,hollywoodlife.com/2017/12/07/kim-kardashian-surrogate-delivery-room-baby-birth-drama/,Is Kim Kardashian’s Surrogate Demanding Star Not Be In Delivery Room During The Birth?
gossipcop-4803899832,www.ibtimes.co.in/robert-pattinson-reveals-reason-taking-therapy-748262,Robert Pattinson REVEALS the reason for taking therapy
gossipcop-6987256464,radaronline.com/photos/blake-shelton-converts-religions-catholicisim-for-gwen-stefani/,Leap Of Faith! Blake Shelton Converts Religions For Gwen Stefani
gossipcop-8179852278,,Robert Pattinson Opens Up About  MeToo Movement
gossipcop-1036952493,en.wikipedia.org/wiki/Efforts_to_impeach_Donald_Trump,Efforts to impeach Donald Trump
gossipcop-3928681744,radaronline.com/exclusives/2018/07/meghan-markle-dumps-american-friends-prince-harry/,Meghan Dumps American Friends & Family After Royal Wedding
gossipcop-5824341999,radaronline.com/videos/kim-kardashian-kanye-west-marriage-interview/,Kim On Crumbling Marriage To Kanye: ‘We Did Absolutely Nothing’ For Our Anniversary
gossipcop-4922058293,www.cbsnews.com/news/rob-kardashians-revenge-porn-blac-chyna/,Blac Chyna talks about Rob Kardashian's alleged revenge porn
gossipcop-7499445294,www.imdb.com/news/ni61334383,HollywoodLife Flips-Flops On John Cena Wanting Children With Nikki Bella
gossipcop-4885669616,,Colin Jost Party Animal Hiding Warped Past Scarlett Johansson
gossipcop-636163417,www.sheknows.com/entertainment/articles/1053951/reasons-why-robert-pattinsons-new-love-leaves-kristen-stewart-in-the-dust,5 Reasons Rob Pattinson's new love leaves Kristen Stewart in the dust
gossipcop-5928759492,www.latimes.com/entertainment/tv/la-et-st-big-little-lies-feature-20170216-story.html,Nicole Kidman and Reese Witherspoon on bringing the female-driven 'Big Little Lies' to life
gossipcop-1816984525,www.express.co.uk/entertainment/films/750758/Ryan-Gosling-La-La-Land-Blade-Runner-Emma-Stone-when-is-it-out-review-best-moments-films,Why we are all going La La for Ryan Gosling – His 7 greatest movie moments ever
gossipcop-8092575981,people.com/tv/bachelorette-becca-kufrin-frustrated-tia-booth-colton-underwood/,The Bachelorette: Becca 'Frustrated' That Tia Still Has Feelings for Colton
gossipcop-9754111525,www.mercurynews.com/2018/03/27/angelina-jolies-new-boyfriend-hes-not-what-youd-expect-from-angelina-jolie/,Angelina Jolie’s reported new boyfriend is not what you’d expect from Angelina Jolie
gossipcop-4091073419,www.vanityfair.com/hollywood/2016/05/tom-hiddleston-is-such-a-lock-for-james-bond-that-you-cant-bet-on-it-anymore,Tom Hiddleston Is Such a Lock for James Bond That You Can’t Bet on It Anymore
gossipcop-5353009966,people.com/music/gwen-stefani-is-convinced-blake-shelton-is-peoples-sexiest-man-alive-i-really-scored/,Gwen Stefani Is Convinced Blake Shelton Is PEOPLE's Sexiest Man Alive: 'I Really Scored'
gossipcop-9718784854,www.msn.com/en-us/music/celebrity/story-about-the-weeknd-sending-bella-hadid-flowers-before-victoria-e2-80-99s-secret-fashion-show-is-made-up/ar-BBFr5UK,Story About The Weeknd Sending Bella Hadid Flowers Before Victoria’s Secret Fashion Show Is Made Up
gossipcop-1120099314,www.bustle.com/p/are-gwen-stefani-blake-shelton-engaged-in-2017-the-couple-has-been-going-strong-for-years-7531161,Are Gwen Stefani & Blake Shelton Engaged In 2017? The Couple Has Been Going Strong For Years
gossipcop-6276384492,,Blake Shelton Gwen Stefani Scheme Ditch ‘The Voice
gossipcop-2389711269,us.blastingnews.com/showbiz-tv/2017/08/is-katy-perry-using-robert-pattinson-for-fame-and-attention-001916301.html,Is Katy Perry using Robert Pattinson for fame and attention?
gossipcop-9223580402,www.foxnews.com/entertainment/2018/04/30/miranda-lambert-and-blake-had-affair-her-ex-claims.html,"Miranda Lambert and Blake Shelton had an affair, her ex claims"
gossipcop-4229159426,www.hollywoodreporter.com/news/obamacare-repeal-replace-stars-react-social-media-1000277,Hollywood Stars Slam House Vote for Obamacare Replacement
gossipcop-6451310728,ksskradio.iheart.com/content/2017-04-27-watch-kim-kardashians-first-interview-since-robbery-on-ellen-degeneres-show-videos/,Watch Kim Kardashian's First Interview Since Robbery On 'Ellen DeGeneres Show' (VIDEOS)
gossipcop-3492155426,www.12up.com/posts/6108657-report-khloe-kardashian-pays-a-ton-for-off-duty-cops-to-follow-tristan-thompson-around,REPORT: Khloe Kardashian Pays a Ton for Off-Duty Cops to Follow Tristan Thompson Around
gossipcop-3273857391,www.usmagazine.com/celebrity-news/news/nicole-kidman-had-two-miscarriages-during-tom-cruise-marriage/,Nicole Kidman Had Two Miscarriages During Tom Cruise Marriage
gossipcop-817991122,en.wikipedia.org/wiki/Billy_Connolly,Billy Connolly
gossipcop-8299029764,espn961.iheart.com/content/2017-01-30-is-liam-hemsworth-mad-at-miley-cyrus-for-texting-nick-jonas/,Is Liam Hemsworth Mad At Miley Cyrus For Texting Nick Jonas?
gossipcop-5033328860,www.inquisitr.com/4891733/brad-pitt-dating-rumors-continue-but-did-neri-oxman-already-meet-his-family/,"Brad Pitt Dating Rumors Continue, But Did Neri Oxman Already Meet His Family?"
gossipcop-5663764889,www.mercurynews.com/2018/06/28/scarlett-johansson-blasts-ex-scientologists-claim-she-auditioned-to-be-tom-cruises-next-wife/,Tom Cruise’s Scientology wife search? Reports have long named Scarlett Johannson as a target
gossipcop-5289187251,www.dailystar.co.uk/news/latest-news/705349/Princess-Diana-Prince-Harry-Meghan-Markle-pregnant-children-baby-Duke-Duchess-of-Sussex,Princess Diana says Harry & Meghan will have baby GIRL from beyond the grave
gossipcop-1288551520,www.celebritynetworth.com/richest-celebrities/actors/sarah-paulson-net-worth/,Sarah Paulson Net Worth
gossipcop-1781205269,wovk.iheart.com/content/2017-08-20-robert-pattinson-on-movie-roles-people-are-trying-to-put-you-in-a-box/,Robert Pattinson On Movie Roles: 'People Are Trying To Put You In A Box'
gossipcop-189024222,radaronline.com/photos/paris-jackson-backpacking-france-macauley-culkin-family-worried-photos/,Fears For Paris! Jackson’s Family ‘Freaking Out’ As She Goes Off The Rails In France
gossipcop-6756091664,www.dailymail.co.uk/tvshowbiz/article-5398067/Jennifer-Aniston-showcased-Bel-Air-home-split.html,Jennifer Aniston 'selling Bel-Air home' after split
gossipcop-2635899873,www.lifeandstylemag.com/posts/matt-damon-ben-affleck-girlfriend-158910,"Matt Damon Legit ""Can't Stand"" Ben Affleck's New Girlfriend"
gossipcop-2425399472,www.ibtimes.co.uk/angelina-jolie-hates-idea-brad-pitt-dating-again-it-drives-her-crazy-1644044,Angelina Jolie 'hates the idea' of Brad Pitt dating again: 'It drives her crazy'
gossipcop-9732770662,www.harpersbazaar.com/celebrity/latest/a13122007/selena-gomez-justin-bieber-breakfast-photo/,New Photos of Selena Gomez and Justin Bieber's Breakfast Reunion Have Surfaced
gossipcop-5003398449,hollywoodlife.com/2016/03/01/kardashians-banned-from-oscars-party-drunk-behavior-kris-jenner/,"Kardashian Family Banned From Oscar Party Over ‘Drunk,’ Messy Behavior — Report"
gossipcop-3965205912,starmagazine.com/photos/angelina-jolie-brad-pitt-divorce-help/,Angelina In Crisis! Jolie Begs For Brad Pitt's Help
gossipcop-6822667147,www.thedailybeast.com/oprah-feuds,Oprah Feuds
gossipcop-3056949650,www.nydailynews.com/entertainment/gossip/lindsay-lohan-spotted-sipping-beer-pregnancy-rumors-article-1.2731186,"Lindsay Lohan spotted sipping a beer, smoking (again) amid pregnancy rumors"
gossipcop-7750399555,radaronline.com/photos/the-voice-feud-season-13-feud-miley-cyrus-jennifer-hudson-backstage/,Dueling Divas! Inside Miley Cyrus & Jennifer Hudson’s EXPLOSIVE Feud On ‘The Voice’
gossipcop-6920604134,www.glamourmagazine.co.uk/article/jennifer-aniston-justin-theroux-engaged,Jennifer Aniston denies Brad Pitt rumours following her split with Justin Theroux
gossipcop-5470901036,en.wikipedia.org/wiki/The_New_Celebrity_Apprentice,The New Celebrity Apprentice
gossipcop-6099907894,hiderou1.rssing.com/h00Ea2i41h.0d8.tj1e0jtp3r0pp/1o6g:u2u4q/s1/0L/e6c15sr/b25t_1/7Bai2d84tm/c2M.as/3zagtj5ymea/1Gesro2Fb,Autoline - хладилни бусове
gossipcop-9495394238,en.wikipedia.org/wiki/Megyn_Kelly,Megyn Kelly
gossipcop-181752125,people.com/movies/katie-holmes-jamie-foxx-never-leave-dinner-together/,Why Katie Holmes and Jamie Foxx Never Leave a Dinner Date Together
gossipcop-942731695,www.ibtimes.co.in/leonardo-dicaprio-losing-interest-love-life-amid-midlife-crisis-750569,Is Leonardo DiCaprio losing interest in love life amid midlife crisis?
gossipcop-4791617851,,Lucy Boynton NOT Johnny Depp ’ s New Girlfriend  Despite Reports
gossipcop-8349914612,www.lifeandstylemag.com/posts/justin-theroux-humiliating-jennifer-aniston-divorce-160535,"Jennifer Aniston Wants Justin Theroux to Stop ""Humiliating"" Her After Divorce Announcement (EXCLUSIVE)"
gossipcop-5725071390,metro.co.uk/2018/07/18/taylor-swift-just-shade-kim-kardashian-anniversary-taylorswiftisoverparty-7728892/,Did Taylor Swift shade Kim Kardashian on #TaylorSwiftIsOverParty anniversary?
gossipcop-2214746780,people.com/tv/ellen-degeneres-portia-de-rossi-nine-year-wedding-anniversary-tribute/,Ellen DeGeneres and Portia de Rossi Exchange Loving Anniversary Tributes in Celebration of Nine Years of Marriage
gossipcop-1919418708,www.etonline.com/gwen-stefani-still-smitten-blake-shelton-and-has-never-once-tried-change-him-exclusive-94631,Gwen Stefani Is Still Smitten With Blake Shelton and 'Has Never Once' Tried to Change Him (Exclusive)
gossipcop-2123292210,radaronline.com/videos/jennifer-aniston-justin-theroux-feud-over-friend-circle/,Feuding Over Friends! Jen ‘Secretly Despises’ Justin’s Creepy Pals
gossipcop-73810249,hollywoodlife.com/2017/11/15/are-justin-bieber-selena-gomez-moving-in-together-buying-home-reunited-relationship/,Justin Bieber & Selena Gomez Reportedly Moving In Together One Month After Reuniting
gossipcop-7521452958,www.msn.com/en-ph/entertainment/celebrity/miley-cyrus-said-satan-is-%E2%80%9Cnice-guy%E2%80%9D-but-%E2%80%9Cmisunderstood%E2%80%9D/ar-AAsIIeW?li=BBr8zL6,Miley Cyrus Said Satan Is “Nice Guy” But “Misunderstood”?
gossipcop-5374558782,www.eonline.com/news/963672/mel-b-addresses-rumors-after-announcing-plan-to-enter-rehab,Mel B Clears Up Rumors About Her Rehab Plans
gossipcop-5867003287,www.thehollywoodgossip.com/2018/07/kylie-jenner-and-travis-scott-try-to-bury-breakup-rumors-with-pd/,Kylie Jenner and Travis Scott Try to Bury Breakup Rumors with PDA Pic
gossipcop-8365993096,radaronline.com/exclusives/2018/05/brad-pitt-girlfriend-neri-oxman-supportive-sobriety/,Brad Pitt Finds Sobriety Support From ‘Straight-Laced’ Girlfriend Neri
gossipcop-3707550600,www.thehollywoodgossip.com/slideshows/caitlyn-jenner-14-stunning-quotes-from-her-memoir/,Caitlyn Jenner: Read the 19 Most Stunning Quotes From Her Memoir
gossipcop-7162719663,www.newidea.com.au/tom-cruise-contacts-daughter-suri-after-years-apart-report,US Report: Tom Cruise ‘contacts Suri after years apart’
gossipcop-2589181519,www.imdb.com/news/ni61511225,Ben Affleck Didn’t Buy Diamond Bracelet Because Jennifer Lopez Has It?
gossipcop-1046566535,people.com/movies/tyrese-gibson-ex-granted-temp-restraining-order/,Tyrese Gibson Calls Ex-Wife 'Bitter' After She Accuses Him of Abusing Daughter & Is Granted Temporary Restraining Order
gossipcop-4461739638,hellogiggles.com/celebrity/miley-cyruss-mom-doesnt-get-everyone-wants-daughter-marry-liam-hemsworth/,Miley Cyrus's mom doesn't get why everyone wants her daughter to marry Liam Hemsworth
gossipcop-352220151,www.nationalenquirer.com/celebrity/daniel-craig-james-bond-nudity/,Daniel Craig’s No-Nudity Clause For James Bond
gossipcop-951956357,hollywoodlife.com/2018/06/27/ryan-gosling-eva-mendes-baby-pregnant-3rd-kid-twins-son-daughter/,Ryan Gosling & Eva Mendes Reportedly Expecting Twins — A Boy & A Girl
gossipcop-9131237064,,Selena Gomez Flaunting The Weeknd Romance To Hurt Bella Hadid 
gossipcop-9544662825,www.newidea.com.au/mary-kate-olsen-pregnant,US report: Mary-Kate Olsen pregnant
gossipcop-925089438,www.yourtango.com/2018315069/is-lindsay-shookus-pregnant-new-details-on-rumors-shes-expecting-with-ben-affleck,Is Lindsay Shookus Pregnant? New Details On The Rumors She's Expecting With Ben Affleck
gossipcop-347202688,www.yahoo.com/entertainment/everything-jennifer-garner-said-ben-113604502.html,Everything Jennifer Garner Has Said About Ben Affleck Since Their Split
gossipcop-5281142693,www.celebritynetworth.com/richest-celebrities/actors/matthew-rhys-net-worth/,Matthew Rhys Net Worth
gossipcop-2325058991,ew.com/movies/2017/09/11/armie-hammer-james-woods-call-me-by-your-name/,Armie Hammer disses James Woods for denouncing gay romance Call Me By Your Name
gossipcop-259465146,popculture.com/celebrity/2017/09/27/charlie-hunnam-airport-booed-cutting-line/,Was Charlie Hunnam Booed for Cutting Airport Line?
gossipcop-4647815801,hollywoodlife.com/2017/05/07/angelina-jolie-misses-brad-pitt-divorce-connection/,Angelina Jolie ‘Misses’ Connection With Brad Pitt — It Used To Be ‘Them Against The World’
gossipcop-5387573578,www.hollywoodreporter.com/news/oprah-winfrey-reveals-why-she-wont-marry-stedman-graham-1029741,Oprah Winfrey Reveals Why She Won't Marry Stedman Graham
gossipcop-8757783170,www.goldderby.com/article/2018/the-voice-coaches-adam-levine-blake-shelton-season-14-news/,‘The Voice’ poll results: ‘It would be a disaster’ if coaches Adam Levine or Blake Shelton ever left
gossipcop-5669041678,,    Kendall   Kylie Jenner Jenner NOT Upset Upset Over Caitlyn Engagement Engagement Despite Report
gossipcop-7115082678,doyouremember.com/81743/renee-zellweger-as-judy-garland-in-biopic,Here’s The First Look At Renee Zellweger As Judy Garland In Biopic
gossipcop-3031768995,starmagazine.com/videos/britney-spears-horrified-leaked-sex-tape/,Britney Spears ‘Mortified’ About Leaked Sex Tape
gossipcop-4765521585,www.imdb.com/news/ni61424121,Gwen Stefani “Ditching Plastic Surgery Thanks To Blake Shelton” Is Made-Up Story
gossipcop-3732005027,www.cheatsheet.com/health-fitness/the-dark-secrets-behind-jennifer-aniston-and-justin-therouxs-divorce-and-why-his-rumored-relationship-with-selena-gomez-is-so-messed-up.html/,The Dark Secrets Behind Jennifer Aniston and Justin Theroux’s Divorce (and Why His Rumored Relationship With Selena Gomez Is So Messed Up)
gossipcop-2762780060,okmagazine.com/news/princess-eugenie-wants-ban-kate-middleton-wedding/,Royal Mess: Princess Eugenie Wants To Ban Kate Middleton From Her Upcoming Wedding!
gossipcop-4346321309,www.imdb.com/news/ni61534560,"Angelina Jolie, Penelope Cruz Feud Made Up"
gossipcop-5657318506,www.etonline.com/miley-cyrus-and-liam-hemsworth-still-together-despite-breakup-rumor-exclusive-106348,Miley Cyrus and Liam Hemsworth Still Together Despite Breakup Rumor (Exclusive)
gossipcop-9283531511,people.com/home/christina-el-moussa-on-boyfriend-ant-anstead-i-can-see-myself-getting-married-to-him/,Christina El Moussa on Boyfriend Ant Anstead: ‘I Can See Myself Getting Married to Him’
gossipcop-9592645513,www.huffingtonpost.com/entry/a-history-of-snl-romance_us_5b2c0ae6e4b017285f64e690,A History Of ‘SNL’ Romance
gossipcop-440281918,www.usmagazine.com/celebrity-news/news/charlize-theron-says-she-is-dating-abcs-the-bachelor/,Charlize Theron Says She Is ‘Dating’ ABC’s ‘The Bachelor’
gossipcop-937564842,www.cheatsheet.com/entertainment/matt-lauer-new-details-about-his-reported-secret-plans-for-a-career-comeback.html/,"Matt Lauer: New Details About His Secret Plans for a Career Comeback, Revealed"
gossipcop-7281538396,people.com/tv/julianne-hough-wedding-photos,Julianne Hough & Brooks Laich's Wedding Weekend in Photos: Every Detail You Have to See from Their Special Days
gossipcop-1532318228,hollywoodlife.com/2015/03/12/harry-styles-taylor-swift-back-together-texting-nadine-leopold-breakup/,Harry Styles & Taylor Swift Texting After His Nadine Leopold Split
gossipcop-7364517390,www.theguardian.com/film/2017/oct/11/actor-terry-crews-sexually-assaulted-by-hollywood-executive,Actor Terry Crews: I was sexually assaulted by Hollywood executive
gossipcop-7908910194,www.dailymail.co.uk/femail/article-2141046/Kate-Middleton-Prince-William-realize-possible-love-just-girl.html,Kate Middleton made Prince William realize it is possible to love just one girl
gossipcop-5697459911,hellogiggles.com/news/george-clooney-president-2020/,People believe George Clooney is going to run for president in 2020
gossipcop-6965807273,www.newidea.com.au/meghan-markle-prince-harry-twins-confirmed,"Confirmed: Meghan & Harry - Yes, it's twins"
gossipcop-7433410608,www.slate.com/articles/arts/the_music_club/features/2016/music_club_2016/the_hopeful_message_hidden_in_drake_s_one_dance.html,The hopeful message hidden in Drake’s “One Dance.”
gossipcop-6148217609,www.inquisitr.com/4552749/brad-pitt-and-angelina-jolies-sons-pax-and-maddox-not-feuding-as-their-parents-split-drags-on/,Brad Pitt And Angelina Jolie’s Sons Pax And Maddox Not Feuding As Their Parent’s Split Drags On?
gossipcop-3454959995,www.nowtolove.com.au/celebrity/celeb-news/nicole-kidman-and-keith-urban-moving-to-australia-43664,EXCLUSIVE: Nicole Kidman and Keith Urban are moving back to Australia
gossipcop-4044657763,hollywoodlife.com/2017/11/13/angelina-jolie-skinny-pics-focused-on-improving-health/,Angelina Jolie Focused On Improving Health & Well-Being As Fans Worry Over ‘Skinny’ Pics
gossipcop-6740056181,www.intouchweekly.com/posts/kim-kardashian-kanye-west-divorce-ending-marriage-162453,"Kim Kardashian Is Considering Leaving Kanye West After His Latest Outburst: ""It's Over"" (EXCLUSIVE)"
gossipcop-6072138753,www.brit.co/rachel-lindsay-bachelorette-one-regret-lee-garrett/,Rachel Lindsay Reveals the One Regret She Has About Her Time on The Bachelorette
gossipcop-4348793511,www.vh1.com/news/319821/beyonce-shares-first-photo-of-twins-sir-rumi/,Iconic Reveal: Beyoncé Posts the First Photo of Twins Sir and Rumi Carter
gossipcop-7553018018,pagesix.com/2017/11/30/megyn-kelly-may-be-eyeing-matt-lauers-today-show-gig/,Megyn Kelly may be eyeing Matt Lauer’s ‘Today’ show gig
gossipcop-8745538168,www.newslocker.com/en-us/person/jennifer-lawrence/chris-martin-made-drunken-phone-call-to-win-back-jennifer-lawrence-gossip-cop/,Chris Martin Made Drunken Phone Call To Win Back Jennifer Lawrence?
gossipcop-8335903982,,   Elizabeth NOT Blacklisting Blacklisting s Members Of Meghan Markle Family  Despite Report
gossipcop-6503862028,www.onecountry.com/country-artists/blake-shelton/blake-shelton-new-single-inspired-by-gwen/,Blake Shelton Releases “Turnin’ Me On” About Girlfriend Gwen Stefani
gossipcop-2174360677,www.goldderby.com/article/2018/2018-daytime-emmy-nominations-full-list-of-nominees-news/,2018 Daytime Emmy nominations: Full list of nominees for 45th Annual Daytime Emmy Awards
gossipcop-3862397752,variety.com/2018/politics/features/caitlyn-jenner-trans-rights-advocate-1202896320/,How Caitlyn Jenner Is Secretly Fighting Trump’s White House on Transgender Rights
gossipcop-2384909612,www.aol.com/article/entertainment/2018/05/16/inside-julia-roberts-and-danny-moders-really-solid-loving-marriage/23436277/,"Inside Julia Roberts and Danny Moder’s ‘really solid, loving marriage’"
gossipcop-6021814191,www.eonline.com/ca/news/950641/how-brad-pitt-emerged-from-his-split-with-angelina-jolie-better-than-ever,How Brad Pitt Emerged From His Split With Angelina Jolie Better Than Ever
gossipcop-789623646,indianexpress.com/article/entertainment/hollywood/priyanka-chopra-not-attending-oscars-2017-with-mick-jagger-the-rolling-stones-singer-tweets-see-pic-4544736/,Priyanka Chopra not attending Oscars 2017 with Mick Jagger? That’s what the Rolling Stones singer hinted at
gossipcop-83953176,www.vanityfair.com/style/2018/07/jennifer-aniston-latest-dating-rumors,Jennifer Aniston’s Latest Dating Rumors Are Shrouded in Mystery
gossipcop-1193497689,,Angelina Jolie Next Love
gossipcop-1501322357,www.mother.ly/news/is-meghan-markle-pregnant,Meghan Markle's pregnancy plans are her business—and nobody else's
gossipcop-3735582259,www.elle.com/uk/life-and-culture/culture/a22660587/kendall-jenner-mental-breakdown/,Kendall Jenner Reveals She Was On The 'Verge Of A Mental Breakdown' In 2017
gossipcop-9581448401,www.msn.com/en-us/entertainment/celebrity/debunking-the-weeks-tabloid-stories-april-20-2018/ss-AAw7hbw,"Debunking the week's tabloid stories: April 20, 2018"
gossipcop-7575532268,www.elitedaily.com/entertainment/leonardo-dicaprio-lazy-sex/1532165,Leonardo DiCaprio Is Rumored To Do This Lazy AF Thing During Sex
gossipcop-4539724984,www.nationalenquirer.com/celebrity/big-bang-theory-cast-feuds/,‘Big Bang’ Backstage Battles Between Kaley & Mayim
gossipcop-6105083560,www.eonline.com/news/930287/did-kate-middleton-and-prince-william-s-family-website-just-reveal-the-royal-baby-s-name,Did Kate Middleton and Prince William's Family Website Just Reveal the Royal Baby's Name?
gossipcop-3773878961,www.etonline.com/james-brolin-reflects-20-years-marriage-barbra-streisand-exclusive-94300,James Brolin Reflects on 20 Years of Marriage With Barbra Streisand (Exclusive)
gossipcop-884314726,www.inquisitr.com/4908361/gwen-stefani-pregnant-rumors-dont-bother-blake-shelton-says-source/,"Gwen Stefani Pregnancy Rumors Don’t Bother Blake Shelton, Says Source"
gossipcop-10448753,radaronline.com/exclusives/2018/06/abc-roseanne-barr-is-miserable-and-going-off-the-deep-end-two-weeks-after-firing/,Roseanne Barr ‘Miserable’ & Going ‘Off the Deep End’ Two Weeks After Firing
gossipcop-2578612801,www.imdb.com/news/ni61139698,"HollywoodLife Can’t Keep Track Of Its Selena Gomez, Niall Horan Fake News Stories"
gossipcop-8688759038,nypost.com/2017/12/18/kathy-griffins-neighbor-calls-her-stupid-b-tch-amid-legal-battle/,Kathy Griffin claims neighbor called her ‘stupid b-tch’ as legal battle escalates
gossipcop-9452359326,www.etonline.com/inside-angelina-jolies-post-split-life-without-brad-pitt-exclusive-99099,Inside Angelina Jolie's Post-Split Life Without Brad Pitt (Exclusive)
gossipcop-9411510997,www.lifeandstylemag.com/posts/khloe-kardashian-dumped-135150/photos/tristan-khloe-6-243429,"Tristan Thompson Dumps Khloé Kardashian Following Blowup Fight — Is the ""Kardashian Curse"" to Blame? (EXCLUSIVE)"
gossipcop-1497308886,www.lifeandstylemag.com/posts/kim-kardashian-getting-divorce-with-kanye-west-159197,Kim Kardashian Is Filing for Divorce From Kanye West (EXCLUSIVE)
gossipcop-8474482797,www.femalefirst.co.uk/celebrity/lindsay-lohan-wants-ben-affleck-help-get-batgirl-role-1127972.html,Lindsay Lohan wants Ben Affleck to help her get Batgirl role
gossipcop-4355802893,people.com/tv/cheryl-burke-returns-dwts/,Cheryl Burke Returns to Dancing with the Stars
gossipcop-9215514933,www.newidea.com.au/meghan-markle-prince-harry-twins-confirmed,"Confirmed: Meghan & Harry - Yes, it's twins"
gossipcop-815778378,www.nationalenquirer.com/mike-walker/blake-shelton-gwen-stefani-dating-gunsmoke-movie/,Blake Shelton Gunnin’ For ‘Gunsmoke’ Movie
gossipcop-9847720386,www.washingtonpost.com/news/arts-and-entertainment/wp/2018/05/17/meghan-markle-and-prince-harry-wedding-drama-faq-all-the-gossip-you-really-want-to-know/,Meghan Markle and Prince Harry wedding drama FAQ: All the gossip you really want to know
gossipcop-8875435152,www.elle.com/culture/celebrities/a22108837/taylor-swift-loving-joe-alwyn-privacy-relationship-report/,Taylor Swift Madly in Love With Joe Alwyn and Privacy
gossipcop-842937982,www.imdb.com/news/ni61558976,Justin Bieber Sings Naked In Locker Rooms?
gossipcop-4358217190,,Celebrity Insider Caught Plagiarizing Cop FactCheck About Brad Pitt  Jennifer Aniston
gossipcop-409412915,people.com/music/taylor-swift-tour-emotional-speech-low-times-kim-kardashian-feud/,Taylor Swift Alludes to Kim Kardashian West Feud on Tour
gossipcop-3067302011,time.com/5291492/harvey-weinstein-criminal-investigations/,Harvey Weinstein Could Face Even More Charges. Here Are All the Investigations Looking Into Sexual Assault Allegations
gossipcop-4728026144,www.foxnews.com/entertainment/2017/10/19/scarlett-johansson-and-bobby-flay-spotted-dining-together.html,Scarlett Johansson and Bobby Flay spotted dining together
gossipcop-837434561,www.inquisitr.com/4790273/blake-shelton-jokes-gwen-stefani-gave-birth-to-twins-yesterday-video/,Blake Shelton Jokes Gwen Stefani ‘Gave Birth To Twins Yesterday’ [Video]
gossipcop-7802417628,www.inquisitr.com/4190080/kuwtk-producer-ryan-seacrest-leaving-for-live-with-kelly-kris-jenner-terrified-that-he-might-quit/,Is ‘KUWTK’ Producer Ryan Seacrest Leaving For Good? Kris Jenner ‘Terrified’ That He’s Done With The Show
gossipcop-2800986881,,  William   Kate Middleton NOT Crowned And In Secret Succession Plot Secret Succession Plot Despite Report
gossipcop-1398125520,www.celebitchy.com/566746/jennifer_aniston_justin_theroux_are_done_after_two_years_of_marriage/,Jennifer Aniston & Justin Theroux are done after two years of marriage
gossipcop-4042788357,www.newidea.com.au/brad-pitt-jennifer-aniston-move-in-together-angelina-jolie-furious,Angelina Jolie's fury as Brad Pitt and Jennifer Aniston move in together
gossipcop-403750018,www.cnbc.com/2018/08/08/angelina-jolie-accuses-brad-pitt-of-not-paying-meaningful-child-supp.html,Angelina Jolie accuses Brad Pitt of not paying 'meaningful' child support in court docs
gossipcop-5111242707,fashionmagazine.com/culture/selena-gomez-justin-bieber-relationship/,A Complete Timeline of Selena Gomez and Justin Bieber's Relationship
gossipcop-6649083708,www.msn.com/en-za/movies/celebrity/angelina-jolie-on-dangerous-diet/ar-BBFz8Vd,Angelina Jolie on 'dangerous diet'?
gossipcop-5427885077,www.ibtimes.co.in/will-rihanna-break-hassan-jameel-reunion-chris-brown-756793,Will Rihanna break up with Hassan Jameel for a reunion with Chris Brown?
gossipcop-3938890500,hollywoodlife.com/2017/05/16/vanessa-hudgens-watching-zac-efron-baywatch-shirtless-ex/,Vanessa Hudgens: Why She Refuses To Watch Shirtless Zac Efron In ‘Baywatch’
gossipcop-7154227224,www.inquisitr.com/3862390/angelina-jolie-rumored-to-have-canceled-tomb-raider-reboot-cameo-debunked/,Angelina Jolie Has Not Canceled ‘Tomb Raider’ Reboot Cameo [Debunked]
gossipcop-9408067324,www.inquisitr.com/4279012/katie-holmes-jamie-foxx-spending-millions-to-hide-their-alleged-romance-from-the-mummy-actor/,"Katie Holmes, Jamie Foxx Spending Millions To Hide Their Alleged Romance From ‘The Mummy’ Actor"
gossipcop-44069915,www.amazon.com/Vanity-Magazine-December-Jennifer-Rodriguez/dp/B0773CRP67,"Vanity Fair Magazine (December, 2017) Jennifer Lopez and Alex Rodriguez Cover: Graydon Carter (Editor): 0764920179634: Amazon.com: Books"
gossipcop-9460765464,www.billboard.com/articles/news/8096593/miley-cyrus-lady-gaga-targeted-by-la-street-artist-ahead-of-grammys,"Miley Cyrus, Lady Gaga Targeted by L.A. Street Artist Ahead of Grammys"
gossipcop-8854037683,nypost.com/2016/02/10/titanic-ii-to-set-sail-in-2018-for-people-who-arent-superstitious-at-all/,Titanic II to set sail in 2018 for people who aren’t superstitious at all
gossipcop-4763726512,www.mirror.co.uk/3am/celebrity-news/inside-justin-biebers-hillsong-church-10874262,"Inside Justin Bieber's Hillsong Church: Child abuse cover-up claims, rinsing its followers for money and facing 'cult' accusations"
gossipcop-4623892138,www.usmagazine.com/celebrity-news/news/joel-silver-sued-for-assistant-death-during-jennifer-aniston-justin-theroux-honeymoon-w498560/,"Joel Silver Sued for Assistant Death During Jennifer Aniston, Justin Theroux Honeymoon"
gossipcop-1799327317,www.usmagazine.com/celebrity-news/news/lamar-odoms-book-will-reveal-why-his-marriage-to-khloe-kardashian-ended/,Lamar Odom’s Book Will Reveal Why His Marriage to Khloe Kardashian Ended
gossipcop-6678965915,hollywoodlife.com/2018/05/13/blake-shelton-gwen-stefani-mothers-day-church-kids-pic-photos/,Blake Shelton Sweetly Puts His Arm Around Gwen Stefani & Carries Apollo On Mother’s Day
gossipcop-7426544643,,Robert Pattinson Fronts Dior Homme ’ s Spring 2018 Campaign  PHOTOS 
gossipcop-7335145451,www.usmagazine.com/celebrity-news/news/jennifer-lopez-hired-private-investigator-to-tail-alex-rodriguez-w491973/,Jennifer Lopez Hired Private Investigator to Tail Alex Rodriguez
gossipcop-767251192,thestir.cafemom.com/celebrities/209022/scott-disick-kardashian-tell-all,Scott Disick Is Reportedly Considering Writing a Kardashian Tell-All for $10 Million
gossipcop-4165900976,hollywoodlife.com/2018/04/24/gwen-stefani-kids-blake-shelton-propose/,Gwen Stefani’s Kids Pressuring Blake Shelton To Propose To Their Mom
gossipcop-703431151,www.imdb.com/news/ni61568771,"Marilyn Manson Did Not Have Testicles Removed After Stage Prop Accident, Despite Report"
gossipcop-8884898167,www.thisisinsider.com/lady-gaga-fibromyalgia-chronic-pain-2017-9,"Here's what you should know about fibromyalgia, the chronic pain disorder that forced Lady Gaga to cancel parts of her tour"
gossipcop-9523139225,hollywoodlife.com/2017/11/27/selena-gomez-justin-bieber-christmas-hopes-spend-together/,Selena Gomez Hoping Justin Bieber Will Spend Christmas With Her & Her Family
gossipcop-544939609,hollywoodlife.com/2018/03/22/angelina-jolie-jennifer-aniston-meeting-brad-pitt-friendship/,Angelina Jolie Reportedly Shoots Down Meeting With Jen Aniston: She’s ‘Furious’ Over Brad & Jen’s Friendship
gossipcop-7530307471,www.msn.com/en-sg/movies/celebrity/kate-middleton-loves-%E2%80%9Crubbing-elbows%E2%80%9D-with-hollywood-elite/ar-AAuNH24?li=BBizntO,Kate Middleton Loves “Rubbing Elbows” With Hollywood Elite?
gossipcop-5374464838,www.eonline.com/news/914312/inside-jennifer-aniston-and-justin-theroux-s-240-million-empire,Inside Jennifer Aniston and Justin Theroux's $240 Million Empire
gossipcop-313503072,www.thecut.com/2018/02/jennifer-aniston-justin-theroux-break-up-gossip.html,Why Did Jennifer Aniston and Justin Theroux Break Up?
gossipcop-4100366327,celebrityinsider.org/how-will-miranda-lambert-react-when-blake-shelton-proposes-to-gwen-stefani-113972/,How Will Miranda Lambert React When Blake Shelton Proposes To Gwen Stefani?
gossipcop-1732632475,hollywoodlife.com/2017/11/25/brad-pitt-misses-kids-angelina-jolie-christmas-plans/,Brad Pitt Missing His Kids: Worries Angelina Jolie Will Take Them Overseas For Xmas
gossipcop-7444914406,www.inquisitr.com/4705874/meghan-markle-finds-prince-harry-cant-stop-jealous-kate-middleton-princesses-royal-feud-rumor/,Meghan Markle Finds Prince Harry Can’t Stop ‘Jealous’ Kate Middleton & Princesses Royal Feud [Rumor]
gossipcop-666213539,www.lifeandstylemag.com/posts/how-much-do-the-voice-judges-get-paid-145533,'The Voice' Coaches Make More Money in One Season Than We'll Probably See in Our Whole Lives
gossipcop-6830980350,www.irishmirror.ie/showbiz/celebrity-news/bruce-jenner-sex-change-nails-3047306,Is EVERYONE in the family copying Kim? Now Bruce Jenner shows rather feminine nails
gossipcop-1260836518,www.thehollywoodgossip.com/2017/02/jennifer-aniston-is-pregnant-according-to-kathy-hilton/,Jennifer Aniston is PREGNANT! (According to Kathy Hilton)
gossipcop-9273190087,www.cbsnews.com/news/scooter-braun-talent-manager-philanthropy-justin-bieber/,"Scooter Braun on philanthropy, working with Kanye and trying times with Justin Bieber"
gossipcop-1550146636,,Scott Disick Like Donald Trump Jr Donald Trump
gossipcop-9954676206,hollywoodlife.com/2017/10/28/khloe-kardashian-tristan-thompson-sex-life-pregnancy-lingerie/,Khloe Kardashian & Tristan Thompson’s Sizzling Sex Life During Pregnancy: $10K On Lingerie & More
gossipcop-271390612,people.com/parents/eva-longoria-pregnancy-uncomfortable-bigger-boobs/,Eva Longoria Says 'Everything's Uncomfortable' in Pregnancy
gossipcop-4011784677,www.dailymail.co.uk/tvshowbiz/article-4917776/Caitlyn-Jenner-confirms-Kylie-20-expecting-baby.html,"Caitlyn Jenner confirms Kylie, 20, IS expecting a baby"
gossipcop-7363592992,people.com/tv/rachel-lindsay-bryan-abasolo-waiting-tv-wedding/,Rachel Lindsay and Bryan Abasolo Are Waiting for a TV Wedding
gossipcop-920440789,www.lifeandstylemag.com/posts/jennifer-lopez-drake-marc-anthony-124412/photos/jennifer-lopez-dating-history-1-206982,Marc Anthony Devastated by Jennifer Lopez's Romance With Drake! (EXCLUSIVE)
gossipcop-6976298194,www.cnn.com/2017/10/06/health/women-react-trump-birth-control-mandate-bn/index.html,Women speak out Trump removal of birth control mandate
gossipcop-2497898226,www.datalounge.com/thread/19936656-producer-claims-kevin-spacey-%E2%80%9Cdrugged-and-raped%E2%80%9D-justin-bieber,Producer Claims Kevin Spacey “Drugged And Raped” Justin Bieber
gossipcop-9113561927,people.com/movies/gwyneth-paltrow-denies-shes-becky-with-the-good-hair-after-amber-rose-claim/,Gwyneth Paltrow Denies Amber Rose’s Claim That She’s Beyonce’s ‘Becky with the Good Hair’
gossipcop-5832684435,www.essentialkids.com.au/news/celebrities/chris-hemsworth-proves-even-he-can-be-an-embarrassing-dad-20180306-h0x44s,Chris Hemsworth proves even he can be an embarrassing dad
gossipcop-1181298966,radaronline.com/exclusives/2018/05/jennifer-aniston-demands-justin-theroux-stay-away-from-friends/,Jen Threatens Justin: Stay Away From My Friends!
gossipcop-6993299340,www.inquisitr.com/4800809/brad-pitt-dating-stars-family-urging-to-get-back-with-jen-aniston-says-radar-jen-not-reigniting-romance/,"Brad Pitt Dating: Star’s Family Urging To Get Back With Jen Aniston Says ‘Radar,’ Jen Not Reigniting Romance"
gossipcop-601876373,www.glamour.com/story/fans-think-kylie-jenner-already-had-her-baby,Fans Think Kylie Jenner Already Had Her Baby
gossipcop-323542561,oscar.go.com/news/oscar-news/more-presenters-announced-for-2018-oscars,Oscars Presenters List 2018 – Stars Presenting At Academy Awards
gossipcop-9468126551,www.imdb.com/news/ni61902837,"Katie Holmes, Tom Cruise Daughter Suri Signed With Talent Agency For Acting?"
gossipcop-305551989,www.econotimes.com/Suri-Cruise-2018-Wants-to-Start-Acting-Career-Reports-on-Tom-Cruise-Custody-Disapproval-of-Katie-Holmes-Boyfriend-Debunked-1419882,Suri Cruise 2018: 12-Year-Old Wants to Start Acting Career?; Reports on Tom Cruise Custody & Disapproval of Katie Holmes’ Boyfriend Debunked
gossipcop-6104944311,www.newslocker.com/en-us/person/jude-law/jude-law-phillipa-coan-not-having-baby-despite-report-gossip-cop/,"Jude Law, Phillipa Coan NOT Having Baby, Despite Report"
gossipcop-6555799194,radaronline.com/exclusives/2018/04/liam-neeson-crush-flirtation-dream-woman-jennifer-garner/,Ben Who? Liam Neeson Taken With His ‘Ultimate Dream Woman’ Jennifer Garner
gossipcop-42820666,www.dailystar.co.uk/showbiz/492348/Irina-Shayk-Bradley-Cooper-together-after-split,Putting rumours to rest: Irina Shayk and Bradley Cooper together after split stories
gossipcop-653088275,www.etonline.com/news/220645_chrissy_teigen_and_more_celebs_slam_donald_trump_over_mika_brzezinski_facelift_tweet,"Chrissy Teigen, Andy Cohen and More Celebs React to Donald Trump's Shocking Mika Brzezinski Tweets"
gossipcop-523856751,hollywoodlife.com/2017/11/10/tom-hiddleston-taylor-swift-album-song-ex-relationship-reputation-lyrics/,Tom Hiddleston Stunned Taylor Swift Referenced Him On New Album: Here’s Why
gossipcop-3001787622,www.celebritynetworth.com/richest-businessmen/producers/corey-gamble-net-worth/,Corey Gamble Net Worth
gossipcop-4161682075,www.popsugar.com/celebrity/Brad-Pitt-Angelina-Jolie-Divorce-Details-42436493,Brad Pitt and Angelina Jolie Divorce Details
gossipcop-6045778417,www.goldderby.com/article/2018/2018-sag-awards-live-stream-how-to-watch-online-screen-actors-guild-awards/,2018 SAG Awards live stream: How to watch online Sunday’s 24th annual Screen Actors Guild Awards
gossipcop-3181389217,radaronline.com/exclusives/2018/05/jennifer-aniston-justin-theroux-dog-custody-fight/,Divorce Gone To The Dogs! Exes Jen & Justin In Canine Custody Fight
gossipcop-6655177246,radaronline.com/exclusives/2018/06/caitlyn-jenner-allowance-spending-massive-money-girlfriend-sophia-hutchins/,Sugar Mama! Caitlyn Secretly Dropping $50k A Week On Girlfriend Sophia Hutchins
gossipcop-3309723742,people.com/royals/meghan-markle-not-having-maid-of-honor/,Meghan Markle Is Not Having a Maid of Honor — and Here's Why
gossipcop-3895965215,www.eonline.com/news/901176/could-chris-martin-be-walking-gwyneth-paltrow-down-the-aisle-at-her-next-wedding,Could Chris Martin Be Walking Gwyneth Paltrow Down the Aisle at Her Next Wedding?
gossipcop-7668854179,www.inquisitr.com/4761834/rihanna-shockingly-reacts-to-pregnancy-claims-by-involving-future-baby-daddy-hassan-jameel-rumors/,Rihanna Shockingly Reacts To Pregnancy Claims By Involving Future Baby Daddy Hassan Jameel [Rumors]
gossipcop-8499826036,okmagazine.com/photos/nick-viall-bachelor-winner-pregnant-other-woman-bad-boy/,Vile Viall! ‘Bachelor’ Star Nick Gets Another Woman PREGNANT – It’s Not The Show’s Winner!
gossipcop-8954597388,www.wmagazine.com/story/brad-pitt-rumors-debunked-angelina-jolie-jennifer-aniston,"Brad Pitt Rumors Are Flying, But a Lot of Them Have Been Debunked"
gossipcop-2615005056,www.celebritynetworth.com/richest-businessmen/lawyers/amal-clooney-net-worth/,Amal Clooney Net Worth
gossipcop-1612788737,www.foxnews.com/entertainment/2018/08/29/meghan-markle-receives-support-from-queen-elizabeth-over-family-drama-report-says.html,"Meghan Markle receives support from Queen Elizabeth over family drama, report says"
gossipcop-7072746281,,Jennifer Aniston Forgives Brad Pitt
gossipcop-9188165134,now100fm.com/plastic-surgery-addict-butt-transplants/,Plastic Surgery Addict Afraid Butt Transplants Will Explode [PICS]
gossipcop-1186645827,www.imdb.com/news/ni61478390/,Kate Middleton’s Pregnancy Exploited By HollywoodLife With Made-Up Stories
gossipcop-7756735722,lasvegassun.com/news/2018/apr/03/channing-tatum-wife-jenna-dewan-tatum-announce-spl/,"Channing Tatum, wife Jenna Dewan Tatum announce split"
gossipcop-337132931,www.bravotv.com/personal-space/caitlyn-jenner-sophia-hutchins-dating,"Caitlyn Jenner Finally Ends Her Silence About Sophia Hutchins, But Is This a Relationship Confirmation?"
gossipcop-747856358,www.mirror.co.uk/tv/tv-news/beckham-only-fools-video-watch-3255781,New Only Fools and Horses video: Watch David Beckham poke fun at himself with glasses gag for Sport Relief
gossipcop-7188744429,www.romper.com/p/people-are-accusing-meghan-markle-of-starving-herself-for-the-wedding-its-hugely-problematic-9087529,"People Are Accusing Meghan Markle Of Starving Herself For The Wedding, & It's Hugely Problematic"
gossipcop-7952745571,hollywoodlife.com/2014/10/08/kendall-jenner-diet-scary-dangerous-tea-veggies/,Kendall Jenner On Scary Diet Of Laxative Tea & Veggies – Report
gossipcop-1138523739,time.com/5302043/ben-rhodes-obama-white-house/,An Obama Confidant Opens Up on Eight Years in the White House
gossipcop-7417601289,hollywoodlife.com/2017/03/28/brad-pitt-kids-cambodia-reunion-secret-trip-angelina-jolie/,Brad Pitt: He Had A Blast Playing With Kids During Secret Cambodian Family Reunion
gossipcop-1052490641,www.eonline.com/shows/kardashians/videos/254533/kim-kardashian-west-is-a-manager-in-the-making,Kim Kardashian West Is a Manager in the Making on Kardashians
gossipcop-4723908193,us.blastingnews.com/showbiz-tv/2017/04/stars-celebrate-earth-day-2017-support-march-for-science-001645385.html,"Stars celebrate Earth Day 2017, support March for Science"
gossipcop-9428966807,edmontonsun.com/entertainment/celebrity/hugh-jackman-reportedly-flips-out-off-camera-after-losing-best-actor-to-james-franco/wcm/0ad028c1-b59a-4ca2-9457-9c54fb19c5df,Hugh Jackman reportedly ‘flips out’ off-camera after losing best actor to James Franco
gossipcop-3859615395,www.usmagazine.com/celebrity-news/news/caitlyn-jenner-ices-khloe-kardashian-in-mothers-day-post/,Caitlyn Jenner Seemingly Ices Khloe Kardashian in Mother’s Day Post
gossipcop-9452487280,starmagazine.com/2017/08/09/kris-jenner-offers-lamar-odom-20m-scrap-upcoming-memoir/,Kris Jenner Offers Lamar Odom $20M To Scrap His Upcoming Memoir
gossipcop-4716941257,hollywoodlife.com/2017/09/22/eniko-parrish-cant-leave-kevin-hart-cheating-scandal-reason/,Kevin Hart: Why Wife Eniko ‘Just Can’t’ Leave Him Right Now Despite Cheating Scandal
gossipcop-5371517096,www.harpersbazaar.com.au/celebrity/khloe-kardashian-tristan-thompson-cheating-scandal-16218,A Helpful Guide To The Khloé Kardashian And Tristan Thompson Cheating Scandal
gossipcop-877972081,www.thelist.com/110590/kate-middleton-meghan-markle-relationship/,The truth about Kate Middleton and Meghan Markle's relationship
gossipcop-841067410,hollywoodlife.com/2018/04/02/justin-bieber-response-the-weeknd-song-selena-gomez-kidney-donor/,Justin Bieber Would Gladly Give A Kidney To Selena: He Think’s The Weeknd’s Song Is Petty
gossipcop-5654555353,hollywoodlife.com/2017/12/31/meghan-markle-sad-sister-cash-in-prince-harry-relationship/,Meghan Markle ‘Really Sad’ Her Half-Sis Is Cashing In On Her Relationship With Prince Harry
gossipcop-7091906813,www.mirror.co.uk/3am/celebrity-news/katie-holmes-isnt-pregnant-jamie-8003060,Katie Holmes isn't pregnant with Jamie Foxx’s baby and there's no wedding
gossipcop-8776120919,hollywoodlife.com/2017/07/28/george-clooney-terrified-safety-of-twins-photographers-sneak-on-property/,George Clooney Terrified Over Safety Of His Twins After Photographer Sneaks Onto His Property
gossipcop-9715529297,www.foxnews.com/entertainment/2018/05/05/prince-harry-and-meghan-markle-are-reportedly-postponing-their-royal-honeymoon.html,Prince Harry and Meghan Markle are reportedly postponing their royal honeymoon
gossipcop-3158369891,www.slice.ca/the-real-housewives-of-beverly-hills/photos/ranking-housewives-net-worth/,Ranking The Real Housewives by Net Worth
gossipcop-9508941425,www.wdjx.com/30-details-kim-kardashian-kanye-wests-relationship-may-find-odd/,30 Details About Kim Kardashian & Kanye West’s Relationship You May Find Odd
gossipcop-4005025751,www.usmagazine.com/page/2381/?p=0&KSID=aac513577d434aabe1d4adff71468413,Page 2381 – Us Weekly
gossipcop-6586535235,www.ibtimes.com/brad-pitt-not-using-ex-wife-angelina-jolies-alleged-infidelity-court-2678740,Brad Pitt Not Using Ex-Wife Angelina Jolie’s Alleged Infidelity In Court
gossipcop-7544427240,www.newidea.com.au/us-report-pregnant-kate-hudson-dumped-in-delivery-room,US report: ‘Pregnant Kate Hudson dumped in delivery room’
gossipcop-8998543910,www.irishtimes.com/news/world/us/bono-says-donald-trump-could-destroy-america-1.2799569,Bono says Donald Trump could ‘destroy’ America
gossipcop-898531523,www.dailymail.co.uk/news/article-3844394/Angelina-Jolie-s-childhood-nanny-claims-actress-unfairly-demonizing-Brad-Pitt-using-children-weapons-against-just-mother-did-father-actor-Jon-Voight.html,Angelina Jolie's nanny breaks silence to claim she is unfairly demonizing Brad Pitt
gossipcop-3866973106,www.intouchweekly.com/posts/jennifer-aniston-will-arnett-156384,Jennifer Aniston Is Getting Close to Will Arnett Following Justin Theroux Split (EXCLUSIVE)
gossipcop-6303501327,hollywoodlife.com/2017/06/13/gwen-stefani-blake-shelton-birthday-mixed-emotions/,Blake Shelton & Gwen Stefani: Why She’s Having Mixed Emotions About His 41st Birthday
gossipcop-3646746092,chicago.suntimes.com/entertainment/john-mccain-death-celebrity-reaction-twitter-facebook/,"Celebrities, notables react to passing of John McCain"
gossipcop-6635979412,www.huffingtonpost.com/entry/jennifer-aniston-brad-pitt-reunion_us_5a86e23de4b05c2bcac9fac8,People Need To Have More Chill About A Jennifer Aniston-Brad Pitt Reunion
gossipcop-5852306440,wbul.iheart.com/content/2017-06-05-halle-berry-not-pregnant-at-50-despite-reports/,"Halle Berry NOT Pregnant At 50, Despite Reports"
gossipcop-5806927392,www.tvguide.com/galleries/kim-kardashian-boyfriend-1039173/,Kim Kardashian's Men: A Timeline
gossipcop-7223555690,www.glamourmagazine.co.uk/article/brad-pitt-elle-macpherson-dating-relationship-news,"Are Brad Pitt & Elle Macpherson dating? Well, no, they're not actually."
gossipcop-7046951531,www.dailymail.co.uk/tvshowbiz/article-2946205/Kris-known-years-husband-Bruce-wanted-woman-lying-blindsided.html,Kris Jenner 'has known for years' husband Bruce wanted to become a woman'
gossipcop-174523171,en.wikipedia.org/wiki/List_of_Punk%27d_episodes,List of Punk'd episodes
gossipcop-6911616628,www.justjared.com/2015/12/07/sandra-bullock-reveals-current-views-on-marriage-after-adopting-second-child/,Sandra Bullock Reveals Current Views on Marriage After Adopting Second Child
gossipcop-8269768863,www.cinemablend.com/pop/1628520/the-real-reason-kate-winslet-is-skipping-the-oscars-according-to-a-report,"The Real Reason Kate Winslet Is Skipping The Oscars, According To A Report"
gossipcop-3057200928,www.magzter.com/article/Entertainment/National-Enquirer/Faith-Hill-Throat-Cancer-Panic,Faith Hill Throat Cancer Panic!
gossipcop-5977707329,www.foxnews.com/entertainment/2018/07/12/katie-holmes-jamie-foxxs-alleged-secret-romance-explained.html,"Katie Holmes, Jamie Foxx's alleged secret romance explained"
gossipcop-6857305707,www.tennessean.com/story/entertainment/music/2018/01/28/grammys-2018-whos-performing/1073297001/,Grammys 2018: Who's performing?
gossipcop-6768065785,pagesix.com/2018/06/13/angelina-jolie-at-risk-of-losing-primary-custody-of-kids/,Angelina Jolie at risk of losing primary custody of kids
gossipcop-9463631797,www.inquisitr.com/4801042/brad-pitts-mom-is-not-begging-him-to-get-back-with-jennifer-aniston-gossip-cop-reports/,"Brad Pitt’s Mom Is Not Begging Him To Get Back With Jennifer Aniston, ‘Gossip Cop’ Reports"
gossipcop-4616582371,www.inquisitr.com/3917369/jennifer-garner-is-not-suspicious-of-ben-afflecks-relationship-with-elizabeth-weaver-estranged-couple-doing-well-debunked/,"Jennifer Garner Is Not Suspicious Of Ben Affleck’s Relationship With Elizabeth Weaver, Estranged Couple Doing Well [Debunked]"
gossipcop-4640454421,hollywoodlife.com/2018/01/30/rihanna-boyfriend-hassan-jameel-worried-chris-brown-relationship-not-over/,Rihanna’s BF Hassan Jameel Worried About ‘Unpredictable’ Chris Brown & Fears He Wants Her Back
gossipcop-5650911362,www.pressreader.com/usa/life-style-weekly/20180615/282187946709172,Connecting People Through News
gossipcop-5284144372,bigeye.ug/justin-bieber-selena-gomezs-rekindled-romance-ended-when-he-couldnt-promise-her-marriage/,Justin Bieber & Selena Gomez’s Rekindled Romance Ended When ‘He Couldn’t Promise’ Her Marriage
gossipcop-8066502884,www.seventeen.com/celebrity/g1108/justin-bieber-selena-gomez-relationship-timeline/,"Here's a Timeline of Selena Gomez & Justin Bieber's Rocky Relationship, From Start to ...Finish?"
gossipcop-3602415683,www.ibtimes.com/brad-pitt-relieved-about-angelina-jolie-custody-arrangement-after-separation-kids-2692514,Brad Pitt ‘Relieved’ About Angelina Jolie Custody Arrangement After Separation From Kids
gossipcop-8682040667,www.newidea.com.au/kim-kardashian-kanye-west-file-for-divorce-report,Kim & Kanye: It's over
gossipcop-4959763135,,Brad Pitt Battle
gossipcop-3093408195,thehill.com/homenews/administration/346929-trump-revives-defense-of-confederate-monuments,Trump defends 'beautiful' Confederate statues
gossipcop-6708589182,,5 Wrong Rumors About Brad Pitt  Angelina Jolie Divorce
gossipcop-6177735072,radaronline.com/exclusives/2017/07/oj-simpson-release-prison-parole-kris-jenner-caitlyn-terrified/,"Kris & Caitlyn Jenner ‘Terrified’ About O.J. Simpson’s Prison Release, SOURCE CLAIMS"
gossipcop-6207731673,www.dailystar.co.uk/news/latest-news/674848/Meghan-Markle-Prince-Harry-Caribbean-Princess-Diana-Nevis-Windsor-royal-wedding-honeymoon,Harry and Meghan honeymoon REVEALED: Romantic island 'confident' Royal couple coming
gossipcop-8983281647,www.bet.com/celebrities/news/2018/05/09/are-jamie-foxx-and-katie-holmes-preparing-to-tie-the-knot-.html,Jamie Foxx Is Reportedly Ready To Wife Up Katie Holmes
gossipcop-6289822624,www.thesun.co.uk/tvandshowbiz/1884948/angelina-jolie-asks-to-keep-all-her-jewellery-in-divorce-from-brad-pitt-including-that-194k-engagement-ring/,Angelina Jolie asks to keep all her jewellery in divorce from Brad Pitt- including THAT £194K engagement ring
gossipcop-4750283064,people.com/movies/blac-chyna-kardashians-threatened-leave-e-rob-chyna-report/,Blac Chyna Says Kardashians Conspired to Cancel Her Show
gossipcop-1189649502,www.travelandleisure.com/travel-tips/celebrity-travel/kate-william-no-pda-in-public,Why Kate Middleton and Prince William Don't Show PDA Like Prince Harry and Meghan Markle
gossipcop-6391180127,www.tampabay.com/blogs/media/2017/12/11/what-to-watch-this-week-new-season-of-the-librarians-gwen-stefanis-christmas-special/,"What to watch this week: New season of The Librarians,’ Gwen Stefani’s Christmas special"
gossipcop-9410357059,,Tom Cruise Daniel Craig Action Hero
gossipcop-5232545044,extratv.com/2018/04/28/rumor-bust-prince-harry-and-meghan-markle-not-moving-to-malibu/,Rumor Bust! Prince Harry & Meghan Markle Not Moving to Malibu
gossipcop-3910567861,ew.com/tv/2017/04/06/don-rickles-dead-celebrities-react-twitter/,Don Rickles dies: Celebrities pay tribute
gossipcop-2251959234,litefm.iheart.com/content/2017-09-23-celebrities-react-trump-withdraws-steph-curry-white-house-invitation/,Celebrities React: Trump Withdraws Steph Curry White House Invitation
gossipcop-8318775655,pagesix.com/2018/08/14/matt-lauer-agrees-to-pay-annette-roque-up-to-20m-in-divorce/,Matt Lauer's could pay ex-wife Annette Roque $20M in divorce
gossipcop-886883614,www.etonline.com/kim-and-khloe-kardashian-come-for-younes-bendjima-after-kourtney-breakup-drama-107535,Kim and Khloe Kardashian Come For Younes Bendjima After Kourtney Breakup Drama
gossipcop-4883785030,www.aol.com/article/entertainment/2017/07/13/jennifer-garner-reaction-to-ben-affleck-lindsay-shookus/23027943/,"How Jennifer Garner is handling Ben Affleck & Lindsay Shookus' relationship: 'She's not embarrassed,' source says"
gossipcop-5187076963,otgrownupdatingeccr.coolcool.info/nina-and-ian-dating-2012.html,Nina and ian dating 2012
gossipcop-7279739968,people.com/tv/scott-disick-sofia-richie-breakup-timeline/,Scott Disick & Sofia Richie Break Up — Then Get Back Together: Inside Their Roller Coaster Romance
gossipcop-1601965602,www.standard.co.uk/showbiz/celebrity-news/gigi-hadid-pulls-out-of-victorias-secret-fashion-show-following-racist-buddha-instagram-video-a3693466.html,Gigi Hadid pulls out of Victoria's Secret Fashion Show following 'racist' Buddha Instagram video
gossipcop-2589300660,people.com/tv/rhonj-did-teresa-giudice-cheat-on-joe-giudice/,RHONJ: Did Teresa Giudice Cheat on Joe Giudice?
gossipcop-4266144801,www.easy93.com/entertainment/kourtney-kardashian-scott-disick-are-back-together/KdAckxGukoz0fvLmMaEnkJ/,"Kourtney Kardashian, Scott Disick are back together"
gossipcop-790252610,,  Lionel Richie Richie NOT Trying To Break Up Break Up Sofia And Scott Disick  Despite Report
gossipcop-6041037878,www.dailymail.co.uk/tvshowbiz/article-5966941/Katy-Perry-considering-moving-London-boyfriend-Orlando-Bloom.html,Katy Perry 'is considering moving to London' with boyfriend Orlando Bloom
gossipcop-7237486261,www.celebitchy.com/518566/ben_affleck_spotted_out_with_mystery_blonde_woman_what_is_going_on_/,"Ben Affleck spotted out with mystery blonde woman, what is going on? (updates)"
gossipcop-3106250438,,Blac Chyna Suing Kardashian And Family In AllEncompassing Lawsuit
gossipcop-6805570649,www.newidea.com.au/kylie-jenners-boyfriend-travis-scott-reportedly-cheating-on-her,Pregnant Kylie Jenner ‘cheated on’
gossipcop-429778691,www.usatoday.com/story/life/people/2018/03/13/zayn-malik-and-gigi-hadid-confirm-split-after-two-years/421411002/,Zayn Malik and Gigi Hadid confirm split after two years
gossipcop-3264479815,www.pressreader.com/australia/ok-australia/20170727/284636077445748,Connecting People Through News
gossipcop-162455960,www.x17online.com/2018/07/lindsay_shookus_white_top_plaid_jacket_baby_bump_pregnant_ben_affleck_elope_hawaii_photos_video_070918,We Really Think Ben Affleck's Girlfriend Lindsay Shookus Is Pregnant
gossipcop-873311391,www.vanityfair.com/style/2014/04/sergey-brin-amanda-rosenberg-affair,Sergey Brin and Amanda Rosenberg: Inside the Google Co-Founder’s Romance with the Google Glass Marketing Manager
gossipcop-1328518538,www.aol.com/article/news/2017/01/16/barack-obama-michelle-obama-wishes-she-didnt-have-to-be-married-to-me-while-im-president/21655805/,Barack Obama: Michelle Obama wishes she didn't have to be married to me while I'm president
gossipcop-950523654,www.newidea.com.au/goldie-hawn-why-she-left-kurt,Goldie Hawn: Why she left longtime partner Kurt Russell
gossipcop-667682841,ew.com/tv/2017/07/13/billy-bush-not-hosting-fox-top-30/,"No, Billy Bush isn't hosting a show on Fox"
gossipcop-1581337290,hollywoodlife.com/2018/02/20/angelina-jolie-reacts-jennifer-aniston-split-justin-theroux-vindicated/,Angelina Jolie ‘Not Surprised’ By Jennifer Aniston’s Split: Why She Feels ‘Vindicated’
gossipcop-4308589959,hollywoodlife.com/2018/01/08/angelina-jolie-maddox-golden-globes-date-why-she-brought-pax/,Angelina Jolie Had Maddox Watch Hurt Shiloh While She Went To Globes: He’s ‘The Man’ At Home
gossipcop-2645251897,,Princess Eugenie Refusing To Accept Meghan Markle Into Royal Family 
gossipcop-4466125915,books.google.com/books?id=FOECAAAAMBAJ&pg=PA75&lpg=PA75&dq=Jennifer+Lopez+Flipped+Out+After+Being+Seated+In+VIP+Section+At+Restaurant+?&source=bl&ots=y3vdeY7UWa&sig=7SVMlbwo515MXCUDn1MFVJPWAOc&hl=en&sa=X&ved=2ahUKEwid9Jiwo5bdAhXqjlQKHdCGCdg4ChDoATAAegQIAhAB,Atlanta Magazine
gossipcop-6188649288,radaronline.com/exclusives/2018/06/britney-spears-meltdown-kevin-federline-sam-asghari/,One More Time? Britney’s Family ‘Desperately Worried’ She’ll Have Another Meltdown
gossipcop-7035425505,www.hyperactivz.com/expensive-celebrity-plastic-surgeries-safe/,The World's Most Expensive Celebrity Plastic Surgeries
gossipcop-9030131193,www.yourtango.com/2018313569/are-selena-gomez-and-justin-theroux-dating-new-details-about-their-secret-relationship,Are Selena Gomez And Justin Theroux Dating? New Details About Their Secret Relationship
gossipcop-2929874445,www.trendyfame.com/trendy-entertainment/jennifer-aniston-and-angelina-jolie-secret-dinner-intouch/2018/celebrityfollower1/,Jennifer Aniston and Angelina Jolie secret dinner (In Touch) – Trendy Fame
gossipcop-321282136,www.romper.com/p/kim-kardashian-revealed-how-much-saints-diaper-bag-costs-its-um-shocking-75879,"Kim Kardashian Revealed How Much Saint’s Diaper Bag Costs, & It’s, Um, Shocking"
gossipcop-1242871756,www.nationalenquirer.com/photos/matt-damon-scandals-marriage-claims/,Matt Damon’s Secret Marriage Crisis
gossipcop-6784600548,www.aceshowbiz.com/news/view/00107228.html,Report: Generous George Clooney Under FBI Investigation for Money Laundering
gossipcop-6587156054,people.com/music/alex-rodriguez-didnt-recognize-jennifer-lopez-meeting/,A-Rod Didn't Recognize Jennifer Lopez When They First Reconnected: 'I Was So Embarrassed'
gossipcop-510991031,www.businessinsider.com/prince-harry-and-meghan-markle-visit-to-the-united-states-2018-4,Prince Harry and Meghan Markle could visit the United States sooner than expected
gossipcop-516224513,www.intouchweekly.com/posts/tristan-thompson-feels-dumped-khloe-kardashian-162092,"Tristan Thompson Feels ""Dumped"" After Khloé Kardashian Refuses To Let Him Move Into LA Home (EXCLUSIVE)"
gossipcop-5098158982,www.eonline.com/uk/news/961248/all-she-has-how-jennifer-lopez-set-a-new-bar-for-modern-multi-hyphenates,All She Has: How Jennifer Lopez Set a New Bar for Modern Multi-Hyphenates
gossipcop-2675721988,www.eonline.com/news/945727/the-truth-about-brad-pitt-and-angelina-jolie-s-divorce,The Truth About Brad Pitt and Angelina Jolie's Divorce
gossipcop-612903133,hollywoodlife.com/2018/03/22/jennifer-aniston-next-relationship-wants-younger-guy/,Jennifer Aniston: Why She’s Looking For A Much Younger Man To Be Her Next Lover
gossipcop-8303742689,www.etonline.com/news/220093_ariel_winter_slams_tabloid_reports_that_she_gives_her_boyfriend_an_allowance,Ariel Winter Slams Tabloid Reports That She Gives Her Boyfriend an Allowance
gossipcop-4442164543,en.wikipedia.org/wiki/James_Bond,James Bond
gossipcop-7810430833,www.naughtygossip.com/exclusive/beyonce-sick-of-rumors-that-blue-ivy-is-not-her-biological-daughter-exclusive,Beyonce Sick Of Rumors That Blue Ivy Is NOT Her Biological Daughter: EXCLUSIVE
gossipcop-7309969139,www.digitalspy.com/music/news/a569446/ariana-grande-rihanna-wasnt-laughing-at-my-dance-moves/,Ariana Grande: 'Rihanna wasn't laughing at my dance moves'
gossipcop-3286731636,hollywoodlife.com/2018/02/01/kourtney-kardashian-younes-bendjima-pregnancy-scare-scott-disick-reaction/,Kourtney Kardashian’s Pregnancy Scare With Younes: Why She’s Teasing Scott About It
gossipcop-5392119570,www.dailymail.co.uk/tvshowbiz/article-4304392/Eva-Mendes-attends-premiere-Ryan-Gosling-s-Song-Song.html,Eva Mendes attends Ryan Gosling's Song To Song premiere
gossipcop-8021032353,www.eonline.com/news/901194/vanessa-hudgens-addresses-speculation-she-s-engaged-to-austin-butler,Vanessa Hudgens Addresses Speculation She's Engaged to Austin Butler
gossipcop-2805872154,radaronline.com/exclusives/2018/06/princess-bride-khloe-desperate-to-get-married-at-windsor-castle/,Princess Bride? Khloe Desperate To Get Married At Windsor Castle!
gossipcop-529422173,pagesix.com/2016/05/20/david-hasselhoff-claims-hes-got-less-4k-in-the-bank/,David Hasselhoff’s money situation is bleak
gossipcop-2715725198,www.vanityfair.com/style/2018/02/jennifer-lawrence-calls-out-sexist-debate-over-her-versace-dress,Jennifer Lawrence Calls Out “Sexist” Debate Over Her Versace Dress
gossipcop-3482407740,1037theq.iheart.com/content/2017-07-28-miranda-lambert-refuses-to-talk-politics-you-cant-win-anyway/,Miranda Lambert Refuses To Talk Politics: 'You Can't Win Anyway'
gossipcop-5466197510,metro.co.uk/2018/03/22/perrie-edwards-gigi-hadid-prove-taste-rock-similar-sunglasses-7408595/,Perrie Edwards wears Gigi Hadid‘s sunglasses after Zayn Malik split
gossipcop-1053862865,953bull.iheart.com/content/2017-09-02-no-zayn-is-not-desperate-to-defend-girlfriend-gigi-hadid/,"No, ZAYN Is Not 'Desperate To Defend' Girlfriend Gigi Hadid"
gossipcop-4321328199,hollywoodlife.com/2018/01/24/caitlyn-jenner-kylie-plastic-surgery-push-present-baby-gift/,Caitlyn Jenner Reportedly Giving Kylie A $50K Push Present To Get Plastic Surgery After Birth
gossipcop-4360448788,kellyandryan.com/,Welcome to the official website for the nationally syndicated talk show LIVE with Kelly and Ryan.
gossipcop-8220764426,adamlamberttv.blogspot.com/2017/01/gossipcop-elton-john-wants-adam-lambert.html,Gossipcop: Elton John Wants Adam Lambert For George Michael Tribute Concert?
gossipcop-4034085270,people.com/parents/john-stamos-son-billy-delivery-20-minutes-don-rickles-resemblance/,John Stamos Talks About Wife Caitlin's '20 Minute' Childbirth
gossipcop-4488491468,www.intouchweekly.com/posts/jennifer-aniston-brad-pitt-baby-159670,"Jennifer Aniston and Brad Pitt Could Soon Be Having a Baby: ""They're Ready"" (EXCLUSIVE)"
gossipcop-8877042466,www.instyle.com/news/angelina-jolie-brad-pitt-kids-custody-court-judge,Why Angelina Jolie Could Lose Custody of Her Kids to Brad Pitt (Report)
gossipcop-3541129171,revolt.tv/stories/2017/09/05/terrell-owens-joins-dancing-stars-0700db623f,Terrell Owens joins 'Dancing With the Stars'
gossipcop-8039891728,www.thestar.com/news/gta/2017/02/10/drake-says-hes-victim-of-fake-media-story-saying-he-asked-woman-to-remove-hijab.html,Drake says he’s victim of ‘fake media story’ saying he asked woman to remove hijab
gossipcop-8326637037,hollywoodlife.com/2017/08/22/drake-jealous-rihanna-new-boyfriend-hassan-jameel/,Drake Can’t Stop Lusting After Rihanna Now That She’s Happy With New BF Hassan Jameel
gossipcop-5145417935,pagesix.com/2018/05/23/angelina-jolie-is-livid-she-cant-travel-with-her-kids-amid-custody-battle/,Angelina Jolie can't travel with kids amid Brad Pitt divorce
gossipcop-3014450271,hollywoodlife.com/2017/01/17/lady-gaga-attack-donald-trump-super-bowl-halftime-show/,Lady Gaga’s Super Bowl Performance: Will She Attack Donald Trump During Halftime Show?
gossipcop-5852810951,steemit.com/art/@sharozgill/angelina-jolie-furious-over-oscar-snub,Angelina Jolie Furious Over Oscar Snub? — Steemit
gossipcop-3393009926,www.allure.com/story/kim-kardashian-mom-shamed-again-north-west-straight-hair,Kim Kardashian Is Getting Mom-Shamed Again for Straightening North West’s Hair
gossipcop-7217208021,www.usmagazine.com/entertainment/news/this-is-us-justin-hartley-on-best-friends-milo-ventimiglia-sterling-k-brown/,"This Is Us’ Justin Hartley on ‘Best Friends’ Milo Ventimiglia, Sterling K. Brown"
gossipcop-9020898861,www.inquisitr.com/3763416/blac-chyna-shows-post-pregnancy-figure-in-nude-jumpsuit-as-she-takes-king-cairo-to-see-santa/,Blac Chyna Shows Post-Pregnancy Figure In Nude Jumpsuit As She Takes King Cairo To See Santa
gossipcop-1916002518,hollywoodlife.com/2018/08/08/kourtney-kardashian-pregnant-fourth-baby-younes-bendjima-dad-breakup/,Kourtney Kardashian Reportedly Pregnant With Baby #4 — Is Ex-BF Younes Bendjima The Dad?
gossipcop-8104237136,www.christianpost.com/news/jennifer-aniston-vs-anti-trump-celebrities-is-friends-star-going-after-potus-critics-208325/,Jennifer Aniston vs. Anti-Trump Celebrities: Is 'Friends' Star Going After POTUS Critics?
gossipcop-7830138661,economictimes.indiatimes.com/magazines/panache/jay-z-had-to-put-up-a-fight-to-save-his-marriage-with-beyonc/articleshow/62693426.cms,Jay-Z had to put up a fight to save his marriage with Beyoncé
gossipcop-5660970075,www.pressreader.com/new-zealand/womans-day-nz/20180312/283734134760258,Connecting People Through News
gossipcop-4149724723,thekit.ca/life/celebrity-life/selena-gomez-justin-bieber-dating-history-of-jelena/,Selena Gomez-Justin Bieber Dating History: The Many Ups and Downs of Jelena
gossipcop-9354279940,www.feedstripes.com/t/selena-gomez?o=latest&s=3610,#Selena Gomez
gossipcop-5284912950,www.hollywoodreporter.com/news/alexis-bledel-blake-lively-talk-sisterhood-traveling-pants-3-1106417,Alexis Bledel Lends Hope to Third 'Sisterhood of the Traveling Pants' Movie
gossipcop-313453870,sthq.uawmfc.work/35Dbs_410yc/Angelina_Jolie_DRAGS_Jennifer_Aniston_To_Court_For_Sleeping_With_Brad_Pitt/,Angelina Jolie DRAGS Jennifer Aniston To Court For Sleeping With Brad Pitt
gossipcop-317465009,www.usmagazine.com/celebrity-moms/news/britney-spears-wants-a-baby-with-boyfriend-sam-asghari/,Britney Spears Wants a Baby With Boyfriend Sam Asghari
gossipcop-2088791599,www.usmagazine.com/celebrity-news/news/lamar-odom-breaks-his-silence-w473835/,Lamar Odom Breaks His Silence: ‘Everything Was My Fault’
gossipcop-4308581568,www.tmz.com/2017/09/16/kevin-hart-apologizes-to-wife-kids-alleged-extorition/,"Kevin Hart Apologizes to Wife, Kids for 'Failed Extortion Attempt' Over Sexually Suggestive Video (UPDATE)"
gossipcop-5406124799,www.lifeandstylemag.com/posts/george-clooney-twins-135725,George Clooney Plans to Move Amal and Twins Back to LA for Security Reasons (EXCLUSIVE)
gossipcop-8893465481,www.inquisitr.com/3886471/no-katie-holmes-did-not-spend-20000-to-fix-teeth-star-confirms-signed-on-for-oceans-eight-cast/,"No, Katie Holmes Did Not Spend $20,000 To Fix Teeth, Star Confirms Signed On For ‘Ocean’s Eight’ Cast"
gossipcop-2054282410,www.howardstern.com/show/2017/7/25/robert-pattinson-nearly-being-fired-twilight-his-current-love-life-and-stealing-porn-kid/,"Robert Pattinson on Nearly Being Fired From ‘Twilight,’ His Current Love Life, and Stealing as a Kid"
gossipcop-7455413235,metro.co.uk/2017/10/15/khloe-kardashian-hides-her-baby-bump-in-the-biggest-nod-towards-those-pregnancy-rumours-7001606/,Khloe Kardashian hides 'baby bump' and sparks more pregnancy rumours
gossipcop-732813675,www.billboard.com/articles/columns/the-juice/6143215/jennifer-hudson-teases-rkelly-assisted-its-your-world-listen,Jennifer Hudson Teases R.Kelly-Assisted 'It's Your World': Listen
gossipcop-5009074529,www.tmz.com/2017/10/30/katherine-jackson-surrenders-guardianship-blanket/,Katherine Jackson Resigns as Blanket's Guardian
gossipcop-9239880847,www.mamamia.com.au/khloe-kardashian-fake-pregnancy-theory/,A thorough investigation into the theories that “prove” Khloe Kardashian isn’t pregnant.
gossipcop-9665725384,www.tmz.com/2017/09/21/audrina-patridge-divorce-restraining-order-corey-bohan/,"Audrina Patridge Files for Divorce, Gets Restraining Order Against Husband (UPDATE)"
gossipcop-5710365874,www.popsugar.com/celebrity/Why-Miley-Cyrus-Wasnt-Teen-Choice-Awards-2017-43876818,Why Miley Cyrus Wasn't at the Teen Choice Awards 2017
gossipcop-950011086,www.mercurynews.com/2018/02/15/jennifer-anistons-short-marriage-to-justin-theroux-is-over/,Jennifer Aniston’s short marriage to Justin Theroux is over
gossipcop-7601457050,www.eonline.com/de/news/751699/jennifer-lopez-reflects-on-past-relationship-with-ben-affleck-there-was-a-genuine-love,"Jennifer Lopez Reflects on Past Relationship With Ben Affleck: ""There Was a Genuine Love"""
gossipcop-4351619495,en.wikipedia.org/wiki/Kim_Kardashian,Kim Kardashian
gossipcop-2134519765,pagesix.com/2018/05/21/paris-jackson-addresses-family-issues-after-janet-jacksons-bbmas-performance/,Paris Jackson addresses family issues after Janet Jackson performance
gossipcop-1693552039,adage.com/article/the-media-guy/man-attempts-suicide-york-post-makes-matt-lauer-joke/241986/,"Man Attempts Suicide, New York Post Makes Matt Lauer Joke"
gossipcop-3825737803,www.cinemablend.com/news/2390371/no-angelina-jolie-did-not-see-the-tomb-raider-reboot,"No, Angelina Jolie Did Not See The Tomb Raider Reboot"
gossipcop-6798403825,www.inquisitr.com/4352553/blac-chyna-hires-lisa-bloom-as-attorney-for-restraining-order-case-against-rob-kardashian/,Blac Chyna Hires Lisa Bloom As Attorney For Restraining Order Case Against Rob Kardashian
gossipcop-631419161,www.lifeandstylemag.com/posts/khloe-kardashian-kylie-jenner-diva-delivery-room-demands-148000,Pregnant Sisters Kylie Jenner and Khloé Kardashian Have Diva Delivery Room Demands (REPORT)
gossipcop-4372946169,hollywoodlife.com/2018/07/11/rihanna-hassan-jameel-breakups-makeups-relationship-explained/,Rihanna & Hassan Jameel’s Passionate Breakups & Makeups Explained — What’s Really Going On
gossipcop-9567500636,www.newidea.com.au/chris-hemsworths-agony-over-elsa-pataky-steamy-on-set-kiss,Chris Hemsworth’s agony over Elsa’s steamy kiss
gossipcop-3161672628,celebrityinsider.org/the-weeknd-makes-jokes-about-long-distance-relationships-on-stage-is-he-referring-to-his-ex-selena-gomez-92188/,"The Weeknd Makes Jokes About Long Distance Relationships On Stage; Is He Referring To His Ex, Selena Gomez?"
gossipcop-2035932150,www.celebritynetworth.com/richest-celebrities/actors/jamie-lee-curtis-net-worth/,Jamie Lee Curtis Net Worth
gossipcop-1169823957,www.usatoday.com/story/news/world/2017/11/27/london-prince-harry-meghan-markle-engagement-reactions/898194001/,We ask Londoners about Prince Harry and Meghan Markle. Their responses may surprise you
gossipcop-6496181044,www.cosmopolitan.com/uk/entertainment/a20922251/khloe-kardashian-ditches-tristan-thompsons-name-from-anniversary-card/,Khloe Kardashian ditches Tristan Thompson’s name from anniversary card
gossipcop-1474948818,hollywoodlife.com/2018/03/22/khloe-kardashian-tristan-thompson-planning-wedding-marriage/,Khloe Kardashian & Tristan Thompson Reportedly Planning $2 Million Wedding: She’s Going ‘All Out’
gossipcop-9737462530,www.inquisitr.com/3995404/does-kristen-stewart-stink/,Does Kristen Stewart Stink? Actress Slammed By Tabloids With False Rumor
gossipcop-9460427693,www.dailymail.co.uk/tvshowbiz/article-5292741/Ben-Affleck-lands-NYC-denying-hes-engaged.html,Ben Affleck lands in NYC after denying he's engaged
gossipcop-9084395522,www.big987.com/2018/03/09/does-jennifer-aniston-want-brad-pitt-to-be-her-baby-daddy/,Does Jennifer Aniston want Brad Pitt to be her baby daddy?
gossipcop-5490417950,gagadaily.com/forums/topic/244436-lady-gagas-neighbors-bothered-by-her-farm-animals/,Lady Gaga's neighbors bothered by her farm animals
gossipcop-2309589427,en.wikipedia.org/wiki/Julia_Roberts,Julia Roberts
gossipcop-7066021076,www.inquisitr.com/4790273/blake-shelton-jokes-gwen-stefani-gave-birth-to-twins-yesterday-video/,Blake Shelton Jokes Gwen Stefani ‘Gave Birth To Twins Yesterday’ [Video]
gossipcop-7467879756,www.coventrytelegraph.net/news/uk-world-news/katie-holmes-wedding-jamie-foxx-14840182,Katie Holmes and Jamie Foxx 'split' after five year secret romance
gossipcop-8213611378,radaronline.com/videos/bradley-cooper-model-girlfriend-irina-shayk-welcomed-first-child/,Bradley Cooper And Model Fiancee Irina Shayk Welcomed Their First Child
gossipcop-2627903132,www.goodhousekeeping.com/life/entertainment/a20978647/sandra-bullock-net-worth/,What Is Sandra Bullock's Net Worth?
gossipcop-1036415470,radaronline.com/exclusives/2018/01/no-cheese-strict-portions-insane-demands-kim-kardashian-gave-surrogate/,No Cheese & Strict Portions! The Insane Demands Kim Kardashian Gave Her Surrogate
gossipcop-9297111038,,  Savanna Guthrie  Hoda Kotb Did NOT Reveal Our Side Of The Story Our Side Of The Story In Matt Lauer Firing
gossipcop-5865564498,hollywoodlife.com/2018/03/14/are-ben-affleck-jennifer-garner-getting-back-together-split-breakup/,Ben Affleck Reportedly Begging Jennifer Garner For Second Shot At Love: Will She Go Back To Him?
gossipcop-5672267043,www.yourtango.com/2018312950/are-the-property-brothers-feuding-new-details-about-jonathan-and-drew-scott-blowout-fights,Are The Property Brothers Feuding? New Details About Jonathan And Drew Scott's Alleged Blowout Fights
gossipcop-3271653405,www.bustle.com/p/who-is-hassan-jameel-rihannas-mystery-man-is-no-longer-a-mystery-67323,Who Is Hassan Jameel? Rihanna's Mystery Man Is No Longer A Mystery
gossipcop-285127609,www.closerweekly.com/posts/is-ryan-seacrest-leaving-live-with-kelly-138275,Things Are Messy Behind the Scenes of 'Live With Kelly and Ryan' — Will Ryan Seacrest Leave Kelly Ripa in the Dust?
gossipcop-2848772246,www.independent.ie/style/celebrity/brad-pitt-offers-apology-to-jennifer-aniston-twelve-years-after-marriage-split-36093649.html,Brad Pitt 'offers apology' to Jennifer Aniston twelve years after marriage split
gossipcop-599753497,people.com/celebrity/kevin-hart-extortion-eniko-parrish-cheating/,Everything We Know About Kevin Hart's Alleged Extortion Case and Cheating Scandals
gossipcop-2693868531,www.huffingtonpost.com/2013/11/05/melissa-joan-hart-republicans-hollywood_n_4218426.html,Melissa Joan Hart: 'These Days I Find More Republicans In Hollywood'
gossipcop-5603559701,www.express.co.uk/news/royal/990164/prince-george-news-why-does-prince-george-only-wear-shorts,Prince George news: Why does Prince George only wear shorts?
gossipcop-178467134,,Meghan Markle Does Have Secret Maid Of Honor  Claim
gossipcop-3671323332,www.pressreader.com/australia/ok-australia/20171214/285452121510538,Connecting People Through News
gossipcop-8046633098,hollywoodlife.com/2017/10/25/are-scott-disick-sofia-richie-engaged-italy-trip-relationship/,"Scott Disick, 34, & Sofia Richie, 19, Allegedly Got Engaged On Romantic Trip To Italy"
gossipcop-9311146319,www.irishmirror.ie/showbiz/celebrity-news/justin-bieber-model-tati-neves-2719822,"Justin Bieber model Tati Neves on having sex with star: ""What do you think?"""
gossipcop-2709679970,hollywoodlife.com/2017/12/27/kim-kardashian-new-years-resolution-2018-butt-goals/,Kim Kardashian Has A Surprising New Booty Resolution For 2018 & It’s Completely Unexpected
gossipcop-3108954033,www.etonline.com/gwen-stefani-still-smitten-blake-shelton-and-has-never-once-tried-change-him-exclusive-94631,Gwen Stefani Is Still Smitten With Blake Shelton and 'Has Never Once' Tried to Change Him (Exclusive)
gossipcop-8237685246,ohnotheydidnt.livejournal.com/30245005.html,Can't- Keep- A- Man Aniston Loves Being Naked!
gossipcop-5790721729,www.hollywood.com/general/kristen-stewart-and-girlfriend-stella-maxwell-move-in-together-report-60687368/,Kristen Stewart and Girlfriend Stella Maxwell Move in Together
gossipcop-1170441384,hollywoodlife.com/2018/06/26/drake-nicki-minaj-style-camel-toe-bet-awards/,Drake Still Finds Nicki Minaj’s Style ‘Sexy AF’ — He Would Hook Up With Her Anytime
gossipcop-6030823679,www.eonline.com/videos/275100/would-christina-el-moussa-marry-bf-ant-anstead,Would Christina El Moussa Marry BF Ant Anstead?
gossipcop-7850912069,radaronline.com/exclusives/2018/06/caitlyn-jenner-adopt-baby-girlfriend-sophia-hutchins/,Baby Bombshell! Caitlyn & Girlfriend Sophia’s Top-Secret Adoption Revealed
gossipcop-9404464718,www.femalefirst.co.uk/parenting/kristen-bell-dax-shepard-313507.html,Kristen Bell - Lincoln Bell Shepard Is A Boys Name
gossipcop-3373871711,www.tmz.com/2017/09/06/jamie-foxx-katie-holmes-couple-first-photos-pda-malibu/,Jamie Foxx and Katie Holmes Finally Out in Public As a Couple
gossipcop-3308884181,bossip.com/1560921/is-beysus-demanding-silence-in-the-delivery-room-for-births-of-blueprint-1-and-blueprint-2/,Is Beysus Demanding Silence In The Delivery Room For Births Of Blueprint 1 And Blueprint 2?
gossipcop-7427687733,www.dailymail.co.uk/news/article-3458833/Concerned-Kanye-s-frequent-meltdowns-nervous-Kim-Kardashian-STALLING-construction-dream-home-doesn-t-leave-safety-net-mom-Kris-Jenner-s-house.html,Kim Kardashian is STALLING construction of 'dream home' over Kanye West's meltdowns
gossipcop-5341640208,mynewsla.com/sports/2015/07/16/caitlyn-jenner-honored-at-espy-awards/,Caitlyn Jenner: Becoming woman harder than anything
gossipcop-2761740186,discussion.femalefirst.co.uk/viewtopic.php?t=737602,Female First Forum
gossipcop-7291449284,www.billboard.com/articles/news/magazine-feature/7783997/miley-cyrus-cover-story-new-music-malibu,"Miley Cyrus Breaks Silence on Rootsy New Music, Fiance Liam Hemsworth & America: 'Unity Is What We Need'"
gossipcop-7710118200,www.vanityfair.com/style/2018/03/how-prince-harry-and-meghan-markle-hid-out-from-the-paparazzi,Exclusive: How Prince Harry and Meghan Markle Hid Out from the Paparazzi When Their Relationship Went Public
gossipcop-393798271,www.yahoo.com/entertainment/heres-a-complete-history-of-jennifer-lopez-and-213047207.html,Here’s a Complete History of Jennifer Lopez and Mariah Carey’s Alleged Feud
gossipcop-2012367566,www.usmagazine.com/celebrity-news/pictures/katie-holmes-and-jamie-foxx-a-timeline-of-their-relationship-w482707/2015-w482710/,Katie Holmes and Jamie Foxx: A Timeline of Their Relationship
gossipcop-8082245755,www.eonline.com/news/892353/kate-hudson-denies-ever-dating-brad-pitt-once-and-for-all,"Kate Hudson Denies Ever Dating Brad Pitt, Once and for All"
gossipcop-7195026765,people.com/country/blake-shelton-gwen-stefani-messing-around/,Gwen Stefani Joins Blake Shelton Onstage as He Jokes About 'Messin' Around' When They First Met
gossipcop-6957362789,www.hindustantimes.com/hollywood/two-years-on-here-s-why-the-brad-pitt-angelina-jolie-divorce-isn-t-final-yet/story-mJT63HSPD2dvK9UGewbqwN.html,"Two years on, here’s why the Brad Pitt-Angelina Jolie divorce isn’t final yet"
gossipcop-6849558814,www.ranker.com/list/brad-pitt_s-loves-and-hookups/celebrityhookups,List of Women Brad Pitt Has Dated
gossipcop-7232879271,,Katy Perry Pressuring Robert Pattinson To Get Married 
gossipcop-8978592338,www.nationalenquirer.com/photos/ellen-degeneres-portia-derossi-breakup/,Ellen DeGeneres Dumps Portia De Rossi
gossipcop-2194660040,yournewswire.com/melania-trump-poisoning-husband/,Melania Trump Claims ‘Spooks’ Are Slowly Poisoning Her Husband
gossipcop-9625760504,hollywoodlife.com/2017/11/20/kim-kardashian-liked-selena-gomez-photo-blonde/,Kim Kardashian Liked Selena Gomez’s Blonde Makeover: Taunting Taylor Swift By Liking BFF’s Pic?
gossipcop-4905974820,,  Angelina Jolie   Jennifer Aniston Did NOT Have FaceToFace Meeting FaceToFace Meeting Despite Report
gossipcop-6125425647,okmagazine.com/videos/selena-gomez-feels-alone-losing-justin-bieber/,Selena Gomez Feels 'Demoralized And Alone' After Losing Justin Bieber
gossipcop-764773843,www.hotnewhiphop.com/jamie-foxx-and-katie-holmes-flaunt-their-5-year-romance-with-cute-beach-romp-news.56331.html,Jamie Foxx & Katie Holmes Flaunt Their 5-Year Romance With Cute Beach Romp
gossipcop-5241899341,books.google.com/books?id=beQCAAAAMBAJ&pg=PA108&lpg=PA108&dq=Rosie+O+%E2%80%99+Donnell+Obsessed+With+Psychics+?&source=bl&ots=keecbaryxL&sig=u0aGcjG_27ZjJwXa-6DDVXbUvEE&hl=en&sa=X&ved=2ahUKEwi8x8L9z5bdAhUC_1QKHbFfBuM4ChDoATABegQIBRAB,New York Magazine
gossipcop-7092995069,radaronline.com/videos/leonardo-dicaprio-drake-avoid-each-other/,Rihanna’s Awkward Exes! Leonardo & Drake Avoid Each Other At Pre-Oscars Bash
gossipcop-4146303213,www.dailymail.co.uk/tvshowbiz/article-5681825/Katie-Holmes-Jamie-Foxx-enjoy-rare-date-night-New-York-leave-restaurant-separately.html,Katie Holmes and Jamie Foxx leave separately after rare date night
gossipcop-2540145132,www.etonline.com/news/187138_michael_strahan_vs_kelly_ripa_and_other_celebs_who_didn_t_get_along_on_set,Michael Strahan vs. Kelly Ripa and 8 Other Celebs Who Didn't Get Along on Set
gossipcop-4840887414,,Robert Downey Jr Illuminati Blood Sacrifice
gossipcop-2785555137,www.thesun.co.uk/fabulous/6827084/megan-markle-pregnancy-royal-rules/,The royal pregnancy rules Meghan Markle will have to follow when she and Prince Harry have a baby
gossipcop-5835705746,www.telegraph.co.uk/news/uknews/law-and-order/9785767/Kate-Winslets-husband-seeks-to-ban-publication-of-partly-naked-photos.html,Kate Winslet's husband seeks to ban publication of 'partly naked' photos
gossipcop-1391794235,www.hellomagazine.com/celebrities/2018073060693/brad-pitt-net-worth/,What is Brad Pitt's net worth? the answer may surprise you!
gossipcop-3689892587,www.huffingtonpost.com/entry/selena-gomez-backtracks-after-justin-bieber-accuses-her-of-cheating-with-zayn-malik_us_57b329bbe4b0863b0284c995,Selena Gomez Regrets Fighting With Justin Bieber After Cheating Claims Surface
gossipcop-3353074528,www.inquisitr.com/4808152/kendall-jenner-envious-of-kims-modeling-gigs-thinks-sis-is-stealing-limelight-from-her-radar-reports/,"Kendall Jenner Envious Of Kim’s Modeling Gigs, Thinks Sis Is Stealing Limelight From Her, ‘Radar’ Reports"
gossipcop-8125535833,www.nationalenquirer.com/celebrity/beyonce-jay-z-billion-dollar-divorce/,Beyoncé Heading To $1 Billion Divorce
gossipcop-9322288804,www.myz99.com/robin-wright-nightmare-on-house-of-cards-set/,Robin Wright “Nightmare” On ‘House Of Cards’ Set?
gossipcop-1946072246,diply.com/article/the-most-bizarre-true-stories-about-angelina-jolie/2,9 Bizarre True Stories About Angelina Jolie
gossipcop-1294448305,www.washingtonpost.com/world/national-security/obama-largely-commutes-sentence-of-chelsea-manning-us-soldier-convicted-for-leaking-classified-information/2017/01/17/f3205a1a-dcf8-11e6-ad42-f3375f271c9c_story.html,"Obama commutes sentence of Chelsea Manning, soldier convicted for leaking classified information"
gossipcop-6084281104,www.newidea.com.au/george-and-amal-clooney-1-billion-divorce-announcement,US report: George and Amal’s ‘$1 billion divorce announcement’
gossipcop-4004518461,www.dailymail.co.uk/tvshowbiz/article-5348903/Ben-Affleck-Jennifer-Garner-look-tense-sons-game.html,Ben Affleck and Jennifer Garner look tense at son's game
gossipcop-4831293927,www.computerworld.com.au/article/645961/vodafone-tpg-confirm-plan-merge/,Vodafone and TPG confirm plan to merge
gossipcop-2366012895,www.justjared.com/2018/06/12/angelina-jolie-ordered-to-repair-relationship-between-her-kids-their-dad-brad-pitt/,"Angelina Jolie Ordered to Repair Relationship Between Her Kids & Their Dad, Brad Pitt"
gossipcop-8725795345,www.newidea.com.au/keith-urban-sophie-monk-mentor,Keith Urban & Sophie Monk: Why Nicole is furious
gossipcop-1462726618,loggedon.org/julia-roberts-and-richard-gere-dating.php,Julia roberts and richard gere dating.
gossipcop-2168769921,celebrityinsider.org/reports-claim-angelina-jolie-is-crushing-on-maleficent-2-co-star-ed-skrein-is-he-interested-142612/,Reports Claim Angelina Jolie Is Crushing On ‘Maleficent 2’ Co-Star Ed Skrein – Is He Interested?
gossipcop-93262280,,Taylor Swift Jealous Of Harry Styles 
gossipcop-4604674083,thefilmexperience.net/blog/2017/9/14/tiff-glenn-close-is-the-wife.html,"TIFF: Glenn Close is ""The Wife"""
gossipcop-5001654773,hollywoodlife.com/2017/02/16/jared-leto-angelina-jolie-dated-years-ago-secretly-regrets/,Jared Leto & Angelina Jolie: He Regrets Letting Her Slip Away After Secret Fling
gossipcop-6414877465,ew.com/news/2017/02/16/donald-trump-press-conference-celebrities-react/,Celebrities react to President Trump's 'unhinged' press conference
gossipcop-8403246308,www.newidea.com.au/jennifer-aniston-justin-theroux-split-turns-nasty,Jennifer Aniston and Justin Theroux's split gets nasty
gossipcop-527184423,www.thesun.co.uk/news/6323812/meghan-markle-prince-harry-romance-suits-cast-secret/,Meghan Markle kept Prince Harry romance secret from Suits cast mates
gossipcop-6758645995,,Angelina Jolie Attending Royal Wedding  Speculation
gossipcop-7775314487,www.intouchweekly.com/posts/kanye-west-khloe-kardashian-dump-tristan-thompson-161569,Kanye West Uses Birthday Call With Khloé to Beg Her to Dump Tristan: Set an Example for Kendall! (EXCLUSIVE)
gossipcop-668291782,movieweb.com/jim-carrey-robin-williams-feud-details/,Jim Carrey Reveals Truth Behind Robin Williams Feud
gossipcop-3025159850,www.ibtimes.com/ben-affleck-sienna-millers-kissing-live-night-does-not-upset-jennifer-garner-report-2207713,"Ben Affleck, Sienna Miller’s Kissing For ‘Live By Night’ Does Not Upset Jennifer Garner: Report"
gossipcop-3148290024,www.newidea.com.au/kylie-jenner-is-pregnant-with-second-child,"Kylie Jenner is pregnant with second child, US report"
gossipcop-6629425265,www.usmagazine.com/celebrity-news/pictures/khloe-kardashian-and-tristan-thompson-cheating-scandal-everything-we-know-so-far/,"Khloe Kardashian, Tristan Thompson Scandal: Everything We Know"
gossipcop-5576071698,www.cosmopolitan.com/entertainment/celebs/a8254309/celebrity-feuds-2016/,15 Spectacular Celebrity Feuds of 2016
gossipcop-5570845914,www.newidea.com.au/caitlyn-jenner-using-kim-kardashians-surrogate-to-have-her-own-baby,Caitlyn Jenner wants a baby with Kim Kardashian's surrogate
gossipcop-3419914638,www.newidea.com.au/brad-pitt-and-princess-charlotte-of-monaco-move-to-london,Brad Pitt and Princess Charlotte of Monaco move to London
gossipcop-3938907760,people.com/tv/where-caitlyn-jenner-stands-kardashian-jenners,Where Caitlyn Jenner Stands with Every Woman in the Kardashian Family
gossipcop-7228736036,www.inquisitr.com/4608233/khloe-kardashian-forced-by-tristan-to-follow-strict-pregnancy-diet-after-cookies-ice-cream-binge/,Khloe Kardashian Forced By Tristan To Follow ‘Strict’ Pregnancy Diet After Cookies & Ice Cream Binge?
gossipcop-6266597374,www.vivala.com/entertainment/demi-lovato-french-montana/7171,The evidence of a Demi Lovato and French Montana romance is starting to pile up
gossipcop-4636721623,people.com/movies/nicole-kidman-captures-spider-children-screaming-video/,Nicole Kidman Captures A Spider From Her Swimming Pool
gossipcop-6345913771,www.hollywoodreporter.com/live-feed/bachelorette-finale-winner-did-rachel-lindsay-pick-bryan-abasolo-peter-kraus-1027450,'The Bachelorette' Finale: Engaged Rachel Lindsay Reveals Her Winner in Historic Season
gossipcop-467507837,radaronline.com/videos/angelina-jolie-spotlight-tom-ford-fashion/,Angelina Jolie Begs Tom Ford For Help Resurrecting Her Career
gossipcop-8851441285,www.msn.com/en-ph/entertainment/celebrity/chris-pratt-wants-to-date-emilia-clarke/ar-AAzm21T,Chris Pratt Wants To Date Emilia Clarke?
gossipcop-3648152118,s1.zetaboards.com/L_Anon/topic/8039172/91/,Who will come out? (2017)
gossipcop-4206645263,www.usmagazine.com/entertainment/news/kim-kardashian-replaces-kris-jenner-as-manager-on-kuwtk-w450894/,Kim Kardashian Replaces Kris Jenner as Manager on 'KUWTK'
gossipcop-8106461875,www.inc.com/chris-matyszczyk/kim-kardashian-just-offered-most-perfect-example-of-emotional-intelligence-youll-see-this-week.html,"With 7 Well-Chosen Words, Kim Kardashian Just Offered the Most Perfect Example of Emotional Intelligence You'll See This Week"
gossipcop-291332732,hollywoodlife.com/2018/03/13/khloe-kardashian-struggling-baby-name-pick-daughter-help-at-shower-pic/,Khloe Kardashian & Tristan Thompson Still Struggling With Baby Name: How They’ve Enlisted Help
gossipcop-1039751251,www.nationalenquirer.com/photos/jessica-alba-pregnant-baby-boy/,Jessica Alba Put Baby On Board To Save Marriage
gossipcop-5269138800,www.thewrap.com/kristen-stewart-laughs-off-tabloid-rumors-that-shes-quitting-acting-video/,Kristen Stewart Laughs Off Tabloid Reports That She’s Quitting Acting (Video)
gossipcop-1895637161,www.imdb.com/news/ni61345347,"Camille Grammer Did Not Leave Louis Vuitton Belt Behind At Airport, Despite Report"
gossipcop-8702398995,celebrity.nine.com.au/2017/12/21/16/08/ruby-rose-pitch-perfect-3-interview,Pitch Perfect 3: Ruby Rose reveals how Rebel Wilson stole her limelight on set
gossipcop-7210508029,www.elle.com/uk/life-and-culture/culture/news/a33406/the-weeknd-and-selena-gomez-are-in-relationship/,Selena Gomez And The Weeknd Are Dating: A Timeline Of Everything
gossipcop-6846167578,www.capitalfm.com/artists/taylor-swift/news/engaged-ring-boyfriend/,Is Taylor Swift Engaged? Latest Quotes Reveal Joe Alwyn Is 'The One'
gossipcop-6937702595,radaronline.com/exclusives/2017/06/johnny-depp-begging-ex-wife-vanessa-paradis-back/,Devastated Johnny Depp Begging For Ex-Wife Vanessa Paradis Back!
gossipcop-5230858025,www.news.com.au/entertainment/celebrity-life/hook-ups-break-ups/angelina-jolie-exposes-her-rebelturnedsaint-myth-by-trashing-brad-pitt/news-story/0e0c5c115f8ea7ff8907d58d79dfa677,Angelina Jolie shows true colours after Brad Pitt breakup
gossipcop-4918281647,www.huffingtonpost.ca/2016/10/07/justin-theroux-jennifer-a_n_12387950.html,Justin Theroux Is Proud To Stand Behind Jennifer Aniston
gossipcop-3130462408,pagesix.com/2017/12/18/justin-bieber-and-selena-gomez-fly-to-seattle-for-sweets/,Justin Bieber and Selena Gomez fly to Seattle for sweets
gossipcop-9203038150,,Rihanna Honeymoon Billionaire Boyfriend
gossipcop-2488404802,www.mercurynews.com/2018/06/20/brad-pitt-wont-allow-kids-to-act-with-angelina-jolie-in-maleficent-sequel-according-to-report/,"Brad Pitt won’t allow kids to act with Angelina Jolie in ‘Maleficent’ sequel, according to report"
gossipcop-5237284121,www.nationalenquirer.com/photos/steve-harvey-divorce-kris-jenner-scandal/,Steve Harvey Faces $400 Million Divorce Over Kris Jenner
gossipcop-2187887628,www.instyle.com/news/barcelona-terror-attacks-celebrity-tributes,Celebrities Share Tributes to Victims of the Barcelona Terror Attack
gossipcop-6328436793,www.wmagazine.com/story/keeping-up-with-kardashians-teaser-khloe-kardashian-kylie-jenner-pregnancy,Khloé Kardashian and Kylie Jenner May Not Confirm Their Pregnancies Until 2018
gossipcop-6245785162,www.dailymail.co.uk/news/article-4946594/Kim-Cattrall-Sex-City-stars-toxic.html,Kim Cattrall says Sex and the City stars are toxic
gossipcop-6487101019,celebrityinsider.org/rihanna-is-laughing-at-those-pesky-pregnancy-rumors-but-chris-brown-is-hurt-110176/,"Rihanna Is Laughing At Those Pesky Pregnancy Rumors, But Chris Brown Is Hurt"
gossipcop-6025558040,hollywoodlife.com/2018/01/27/robert-pattinson-katy-perry-make-out-couple-kissing/,Robert Pattinson & Katy Perry Caught Making Out At LA Cafe: They’re ‘Totally A Couple’ — Report
gossipcop-299946083,www.imdb.com/news/ni61407055,"Britney Spears Did Not Say World Is “Ruled By Pedophiles,” Despite Claim"
gossipcop-9724042069,hollywoodlife.com/2017/11/17/beyonce-kim-kardashian-meet-up-serena-williams-wedding-jay-z-kanye-feud/,Beyonce & Kim Kardashian Had An ‘Icy’ Exchange At Serena Williams’ Wedding
gossipcop-8684232090,www.rollingstone.com/music/music-news/all-apologies-22-times-justin-bieber-said-sorry-41634/,All Apologies: 22 Times Justin Bieber Said ‘Sorry’
gossipcop-2594839473,www.telegraph.co.uk/news/2018/07/14/miami-divided-david-beckham-tries-win-sceptical-city-football/,Miami divided as David Beckham tries to win over a sceptical city to football team bid
gossipcop-3973722335,www.pressreader.com/usa/in-touch-usa/20170714/281994672516306,Connecting People Through News
gossipcop-6048462622,www.etonline.com/news/221194_did_ben_affleck_and_lindsay_shookus_hook_up_while_still_married_timeline_of_their_romance,When Did Ben Affleck and Lindsay Shookus Start Dating? The Complicated Timeline of Their Romance
gossipcop-3141132408,radaronline.com/videos/britney-spears-sam-asghari-baby-pregnant-las-vegas-show-ends/,"Oh Baby, Baby! Britney Desperate To Get Pregnant With Boytoy Sam Asghari"
gossipcop-5998789928,radaronline.com/exclusives/2017/07/mariah-carey-credit-cards-declined-beverly-hills-shopping-spree/,‘Humiliated!’ Mariah Carey’s Credit Card Declined During Beverly Hills Shopping Spree
gossipcop-8161706680,www.imdb.com/news/ni61437253,"Scarlett Johansson Not Refusing To Dye Hair Red For ‘Avengers’ Sequels, Despite Report"
gossipcop-2900315313,hollywoodlife.com/2017/12/06/ashton-kutcher-danny-masterson-firing-the-ranch-rape-allegations-netflix/,Ashton Kutcher Rocked By Danny Masterson Firing: ‘He’s Trying To Protect The Show’
gossipcop-5923061018,people.com/music/miley-cyrus-pranked-by-liam-hemsworth-during-car-ride/,Miley Cyrus Gets Hilariously Pranked — Again! — by Liam Hemsworth
gossipcop-2744475342,www.dailytelegraph.com.au/entertainment/friends-fears-for-jessica-simpson/news-story/12e019ca6511a4e42a56c803d5cff4bb,Friends fears for Jessica Simpson
gossipcop-5749954827,hollywoodlife.com/2016/02/04/david-victoria-beckham-split-divorce-rumors-truth/,Victoria & David Beckham Heartbreaking $1 Billion Divorce? The Truth
gossipcop-1783348927,www.eonline.com/news/840741/kim-kardashian-responds-to-claims-she-was-attacked-in-los-angeles-such-weird-rumors,Kim Kardashian Responds to Claims She Was ''Attacked'' in Los Angeles: ''Such Weird Rumors''
gossipcop-5006940589,www.politico.com/story/2017/11/06/kellyanne-conway-texas-shooting-democrats-disrespectful-244595,Conway: Politicizing Texas shooting 'disrespectful to the dead'
gossipcop-9254172601,www.bramptonguardian.com/whatson-story/8105983-selena-gomez-feeling-empowered/,Selena Gomez feeling empowered
gossipcop-722149347,broadwaydirect.com/cuba-gooding-jr-joins-broadways-chicago/,"Cuba Gooding, Jr. Joins Broadway’s Chicago"
gossipcop-1760479830,hollywoodlife.com/2018/06/29/selena-gomez-thinking-about-justin-bieber-hotel-transylvania-3-media-tour/,Selena Gomez: Why She’s Thinking About Justin Bieber During Her ‘Hotel Transylvania 3’ Media Tour
gossipcop-1132358492,www.sheknows.com/parenting/articles/1136144/primetime-emmys-laura-dern-reese-witherspoon,Laura Dern & Reese Witherspoon Prove They're as Close as Ever & Not Feuding
gossipcop-5328116357,www.etonline.com/gallery/193572_gwen_stefani_blake_shelton_cutest_moments,Gwen Stefani and Blake Shelton's Cutest Moments
gossipcop-4773027628,www.hellomagazine.com/fashion/news/2018080359965/kate-middleton-meghan-markle-fashion-compared-video/,Video: We compare Meghan Markle and Kate Middleton's unique fashion style
gossipcop-213006330,cash-servis.ru/rgzadsd/se9g4au.php?pniwotmyk=keith-in-heat,Keith in heat
gossipcop-1828588873,www.thesun.co.uk/tvandshowbiz/2425987/tormented-brad-pitt-will-only-be-allowed-to-spend-four-hours-with-his-children-on-christmas-day/,‘Tormented’ Brad Pitt will only be allowed ‘to spend four hours with his children on Christmas Day’
gossipcop-9439787307,hollywoodlife.com/2017/02/11/robert-pattinson-kristen-stewart-snl-opening-monologue/,Robert Pattinson ‘Absolutely Loved’ Kristen Stewart’s ‘Hilarious’ SNL Gig: ‘She Was Hilarious’
gossipcop-1680893129,hollywoodlife.com/2018/05/16/kanye-west-caitlyn-jenner-reconnecting-behind-kim-kardashian-back/,Kanye West Reportedly Reconnects With Caitlyn Jenner & Keeping It Secret From Kim Kardashian
gossipcop-5170938134,www.popdust.com/angelina-jolie-syrian-refugee-hunger-strike-vs-tom-cruises-pooh-1892819634.html,Angelina Jolie Syrian Refugee Hunger Strike Vs Tom Cruise’s Pooh
gossipcop-41034190,medium.com/@akashyadav0015/justin-bieber-got-engaged-selena-gomez-is-upset-4fb62454ca3c,Justin Bieber Got Engaged.. Selena Gomez is upset – Akash Yadav – Medium
gossipcop-9322870121,www.jta.org/2018/07/24/news-opinion/the-telegraph/billy-joel-says-night-wore-star-david-one-memorable-concerts,Billy Joel says the night he wore a Star of David was one of his most memorable concerts
gossipcop-2509430407,hollywoodlife.com/2018/03/28/are-mariah-carey-bryan-tanaka-engaged-wedding-plans/,Mariah Carey Reportedly Proposed To BF Bryan Tanaka With Super Romantic Song: Wedding Plans Revealed
gossipcop-3431236759,www.refinery29.com/2017/10/175017/chris-hemsworth-elsa-pataky-relationship-parenting-gq,"Chris Hemsworth Says He & His Wife ""Didn't See Each Other For Years"""
gossipcop-969746041,www.newidea.com.au/angelina-jolie-is-set-to-marry-husband-number-four,BREAKING: Angelina to wed husband No. 4
gossipcop-5080099404,hollywoodlife.com/2018/01/16/selena-gomez-repair-relationship-with-mom-process/,Selena Gomez Still Believes She Can Repair Relationship with Mom Mandy: It’s A Process
gossipcop-2096039206,people.com/style/12-reasons-kaia-gerber-is-the-next-kendall-jenner/,12 Reasons Kaia Gerber Is the Next Kendall Jenner
gossipcop-5643064581,www.sfgate.com/news/media/Celebrities-React-to-President-Donald-Trump-764602.php,Celebrities React to President Donald Trump Removing Protection For Transgender Students
gossipcop-6012454695,time.com/5049659/taylor-swift-interview-person-of-the-year-2017/,'I Was Angry.' Taylor Swift on What Powered Her Sexual Assault Testimony
gossipcop-8156946150,www.celebitchy.com/490913/the_queen_scolded_prince_william_for_kneeling_on_the_palace_balcony_/,The Queen scolded Prince William for kneeling on the palace balcony
gossipcop-2507720803,www.imdb.com/news/ni61551321,"Jim Carrey Did Not Claim Donald Trump Is “Reptilian Illuminati,” Despite Report"
gossipcop-6224642088,www.inquisitr.com/4995915/ariana-grande-is-not-calling-off-her-wedding-to-pete-davidson-despite-tabloid-report/,"Ariana Grande Is Not Calling Off Her Wedding To Pete Davidson, Despite Tabloid Report"
gossipcop-2047440708,www.bravotv.com/why-caitlyn-jenner-kept-her-gender-reassignment-surgery-private-from-kris-jenner-kardashian-kids,This Is Why Caitlyn Jenner Kept Her Gender Reassignment Surgery Private from Kris Jenner
gossipcop-9946470464,www.thecut.com/2018/02/jennifer-aniston-justin-theroux-break-up-gossip.html,Why Did Jennifer Aniston and Justin Theroux Break Up?
gossipcop-9705566762,radaronline.com/videos/jessica-simpson-eric-johnson-build-alcohol-brand/,Cheers? Sloppy Jessica Simpson & Eric Johnson Becoming Booze Moguls!
gossipcop-6540109120,hollywoodlife.com/2017/12/06/brad-pitt-angelina-jolie-christmas-together-with-kids/,Brad Pitt & Angelina Jolie Reportedly Agree To Spend Christmas Together With The Kids
gossipcop-4630371616,people.com/movies/leonardo-dicaprio-nina-agdal-breakup/,Leonardo DiCaprio and Girlfriend Nina Agdal Have Split After a Year
gossipcop-2966872671,www.timesofisrael.com/jewish-celebs-share-their-thoughts-on-trump-inauguration/,Jewish celebs share their thoughts on Trump inauguration
gossipcop-6251256750,www.imdb.com/title/tt0165598/,That '70s Show (TV Series 1998–2006)
gossipcop-3530569807,www.usatoday.com/story/news/politics/2017/08/15/donald-trump-returns-new-york-city-first-time-president-wasnt-joyful-homecoming/568752001/,Trump's assertion left wing protesters just as violent as white supremacists in Charlottesville sets off firestorm
gossipcop-291312136,time.com/money/5108647/jay-z-net-worth/,Here’s How Much Jay-Z Is Worth—and How He Makes Money
gossipcop-514556785,www.mercurynews.com/2018/04/12/alex-rodriguez-slams-report-hes-threatening-to-cut-child-support-payments/,Alex Rodriguez slams report he’s threatening to cut child support payments
gossipcop-4824193123,www.elle.com/culture/celebrities/a22035892/jennifer-aniston-quietly-dating-two-guys-report/,"Jennifer Aniston Is Living Her Life, Dating Two (2) Dudes"
gossipcop-3741968330,www.imdb.com/news/ni61582521,Liam Neeson Caught On Camera Wandering Hotel Halls Nude?
gossipcop-2129824884,hollywoodlife.com/2017/12/13/kim-kardashian-nervous-about-surrogacy-feels-powerless/,Kim Kardashian Nervous About Surrogacy Birth Coping With Feeling ‘Powerless & Not In Control’
gossipcop-3352363275,people.com/celebrity/lionel-richie-sofia-richie-get-hurt-by-scott-disick-playboy-ways/,"Lionel Richie Doesn't Want to See Daughter Sofia 'Get Hurt' by Scott Disick's 'Playboy Ways,' Says Source"
gossipcop-9292808826,,Gigi  Bella Hadid Upset Over Mom Yolanda ’ s Book 
gossipcop-8266119280,toofab.com/photos/we-legit-cannot-tell-kim-and-kylie-apart-during-recent-photoshoot/,Kim Kardashian and Kylie Jenner Are Twinning In Los Angeles
gossipcop-6991597859,okmagazine.com/photos/gwen-stefani-blake-shelton-mexico-beach-drinks-friends-photos/,Gwen Stefani And Blake Shelton Look Like They’re Celebrating Something In Mexico With Friends
gossipcop-1568004340,www.dailymail.co.uk/news/article-3689928/We-don-t-want-refugees-George-Clooney-s-super-rich-Lake-Como-neighbours-say-Italian-idyll-RUINED-migrants-doorstep-Switzerland-closes-border.html,George Clooney's Lake Como neighbours say it is being ruined by migrants
gossipcop-9208678373,www.vanityfair.com/style/2016/05/sharon-ozzy-osbourne-split-after-33-years-of-marriage,Sharon Ozzy Osbourne Split After 33 Years of Marriage
gossipcop-4223607581,www.eonline.com/news/827379/nina-dobrev-nikki-reed-and-ian-somerhalder-have-been-friends-all-along,"Nina Dobrev, Nikki Reed and Ian Somerhalder Have Been Friends All Along"
gossipcop-4314683692,www.nickiswift.com/4700/reasons-gwen-blakes-relationship-totally-fake/,Reasons Gwen and Blake's relationship is totally fake
gossipcop-4029602548,starmagazine.com/photos/gwen-stefani-blake-shelton-ready-baby-summer-wedding/,Gwen Stefani Ready For A Miracle Baby At 47 With Blake Shelton
gossipcop-6550794665,spy.nzherald.co.nz/celebrity/drakes-new-love-makes-rihanna-sick/,Drake's new love makes Rihanna 'sick'
gossipcop-8109991618,www.thecut.com/2018/08/brad-pitt-angelina-jolie-divorce-latest-news.html,A Guide to the Increasingly Intense Brad Pitt–Angelina Jolie Divorce Drama
gossipcop-3832199763,radaronline.com/exclusives/2018/07/joe-jackson-funeral-family-feud-explodes-patriarch-services/,Jackson Family Feud Explodes At Patriarch Joe’s Funeral
gossipcop-1521258335,www.billboard.com/articles/columns/pop/8455548/kelly-clarkson-jennifer-hudson-returning-the-voice-season-15,Kelly Clarkson & Jennifer Hudson Are Returning to Coach 'The Voice' Season 15
gossipcop-1908009150,www.eonline.com/videos/256232/sienna-miller-talks-marathon-love-scenes-with-ben-affleck,"Sienna Miller Talks ""Marathon"" Love Scenes With Ben Affleck"
gossipcop-2939641010,en.wikipedia.org/wiki/Stedman_Graham,Stedman Graham
gossipcop-9066951306,ew.com/movies/2017/05/23/celebrities-react-to-roger-moores-death/,Celebrities react to Roger Moore's death
gossipcop-1992584375,www.intouchweekly.com/posts/gwen-stefani-dumped-156076,"Gwen Stefani Got Dumped by Blake Shelton Over ""Jealousy and Drama"" (EXCLUSIVE)"
gossipcop-5475714813,www.nationalenquirer.com/celebrity/o-j-simpson-dancing-stars-dwts/,O.J. Courting ‘Dancing With The Stars’
gossipcop-8210051643,people.com/tv/everything-khloe-kardashian-said-infidelity-lamar-odom/,Everything New Mom Khloé Kardashian Said About Infidelity After Ex-Husband Lamar Odom Cheated
gossipcop-4791025444,radaronline.com/videos/katie-holmes-boyfriend-jamie-foxx-junk-food/,Diet Dilemma! Katie Holmes Demands Jamie Foxx Give Up Junk Food
gossipcop-6598316141,www.eonline.com/news/956662/the-definitive-guide-to-jennifer-aniston-s-breakup-interviews-from-sensitivity-chips-and-billy-idol-digs-to-all-that-baby-speculation,The Definitive Guide to Jennifer Aniston's Breakup Interviews From Sensitivity Chips and Billy Idol Digs to All That Baby Speculation
gossipcop-7149502042,www.dailytelegraph.com.au/entertainment/kim-kardashian-and-nicole-kidman-spotted-with-shocking-bald-patches/story-e6frewyr-1226292135981?sv=5c8508ae9b09b2bb69fa42b988b6d591,Kim Kardashian and Nicole Kidman spotted with shocking bald patches
gossipcop-1783331592,radaronline.com/photos/the-voice-blake-shelton-kelly-clarkson-feud-fighting-backstage-photos/,‘The Voice’ War! Inside Blake Shelton & Kelly Clarkson’s Explosive Backstage Feud
gossipcop-9307576075,www.ibtimes.com/brad-pitt-didnt-use-custody-negotiations-get-back-angelina-jolie-2694249,Brad Pitt Didn't Use Custody Negotiations To Get Back With Angelina Jolie
gossipcop-540665094,www.nme.com/news/music/justin-bieber-selena-gomez-back-together-2246433,"It looks like Justin Bieber and Selena Gomez are back together, and their fans are losing it"
gossipcop-5167547607,,Stories About Jamie Foxx In Miami While Katie Holmes Is In Paris Are Meaningless
gossipcop-8089277689,www.etonline.com/kanye-west-admits-he-was-hurt-when-jay-z-and-beyonce-missed-his-and-kim-kardashians-wedding-101426,Kanye West Admits He Was 'Hurt' When JAY-Z and Beyonce Missed His and Kim Kardashian's Wedding
gossipcop-6200462930,www.newidea.com.au/ellen-degeneres-400m-divorce-leaves-portia-de-rossi-humiliated,Ellen Degeneres $400m divorce leaves Portia de Rossi humiliated
gossipcop-5475672941,www.ibtimes.co.in/fifty-shades-darker-dakota-johnson-jamie-dornan-refuse-promote-film-711812,Fifty Shades Darker: Dakota Johnson and Jamie Dornan refuse to promote the film?
gossipcop-9700406158,,HollywoodLife FlipFlops On Rihanna  Hassan Jameel Relationship
gossipcop-3984588978,www.justjared.com/2017/07/02/kate-mara-laughs-off-report-about-banning-rooneys-boyfriend-joaquin-phoenix-from-wedding/,Kate Mara Laughs Off Report About Banning Rooney's Boyfriend Joaquin Phoenix from Wedding
gossipcop-7218223908,www.accessonline.com/articles/chris-pratt-gets-real-about-his-divorce-anna-faris-its-not-ideal/,Chris Pratt Gets Real About His Divorce From Anna Faris: 'It's Not Ideal'
gossipcop-6707956876,hollywoodlife.com/2018/02/05/caitlyn-jenner-kylie-relationship-not-at-birth-kardashian-feud/,Caitlyn Jenner’s ‘Frosty’ Relationship With Kylie: Was Kardashian Feud Reason She Wasn’t At Birth?
gossipcop-3042958823,www.lipstickalley.com/threads/tom-hiddleston-thread-part-xii.1199714/page-60,Tom Hiddleston Thread Part XII
gossipcop-8887454037,www.msn.com/en-gb/entertainment/movies/celebrity/angelina-jolie-is-not-happy-with-current-custody-deal-with-brad-pitt-report/ar-AAxKNHc?li=BBnb7Kz,Angelina Jolie 'is not happy' with current custody deal with Brad Pitt: Report
gossipcop-8215665964,hollywoodlife.com/2018/04/26/blake-shelton-gwen-stefani-stronger-miranda-lambert-evan-felker-romance/,Blake Shelton & Gwen Stefani ‘Stronger Than Ever’ After Miranda Lambert’s New Romance
gossipcop-8081058062,www.discogs.com/Taylor-Swift-Greatest-Hits/release/7824268,Taylor Swift ‎– Greatest Hits
gossipcop-3406536293,hollywoodlife.com/2018/02/13/fka-twigs-reacts-robert-pattinson-kristen-stewart-reunion-feelings-revealed/,Robert Pattinson & Kristen Stewart: Is His Ex-Fiancee FKA Twigs Pissed Over Their Reunion?
gossipcop-2301664029,tribune.com.pk/story/1568901/4-leaving-jennifer-aniston-angelina-jolie-one-biggest-mistakes-brad-pitt/,Leaving Jennifer Aniston for Angelina Jolie was one of my biggest mistakes: Brad Pitt
gossipcop-8099376883,www.billboard.com/articles/events/amas/8039497/amas-2017-winners-list,Here Are All the Winners From the 2017 AMAs
gossipcop-547224423,www.thecut.com/2018/05/british-royals-secret-social-media-accounts.html,Which Royals Have Secret Social-Media Accounts?
gossipcop-9147152842,www.celebitchy.com/574578/kendall_jenner_diplo_were_seen_getting_super_flirty_at_coachella/,Kendall Jenner & Diplo were seen getting ‘super flirty’ at Coachella
gossipcop-5061123187,www.eonline.com/news/921007/brad-pitt-vs-the-rumor-mill-why-he-s-the-target-of-even-more-wild-stories-than-usual,Brad Pitt vs. the Rumor Mill: Why He's the Target of Even More Wild Stories Than Usual
gossipcop-5189015490,www.usmagazine.com/page/585/?KSID=b29789dfc44980e02c044a07ed3421b6&p=0,Page 585 – Us Weekly
gossipcop-7506392827,,Mariah Carey Did NOT Buy LifeSize Doll Of Herself For Bryan Tanaka  Despite Report
gossipcop-8052204728,www.vanityfair.com/hollywood/2016/12/princess-diana-charles-the-crown-netflix-marriage,Netflix’s The Crown Is Already Plotting Diana-Charles Drama
gossipcop-2942200189,www.imdb.com/news/ni61368590/,"Irina Shayk Begging Bradley Cooper To Stop Working, Stay Home With Baby?"
gossipcop-4696977813,www.news.com.au/entertainment/celebrity-life/kim-k-said-everyones-assumptions-about-her-surrogacy-are-invasive/news-story/5f13b75eaf1c682ce0d2485965c583bf,Kim Kardashian: Slams surrogacy rumours calling them ‘invasive’
gossipcop-5166329443,rollingout.com/2018/03/13/really-rihanna-wants-to-make-peace-with-chris-brown/,Really? Rihanna wants to make peace with Chris Brown
gossipcop-2393519041,okmagazine.com/videos/blake-shelton-family-gwen-stefani-truth/,What Gwen Doesn’t Know: Blake Shelton Is Hiding Shameful Family Secrets From Stefani! Plus More Celeb News
gossipcop-5875815368,hollywoodlife.com/2017/12/26/kim-kardashian-baby-birth-surrogate-third-child/,Kim Kardashian ‘Getting Antsy’ For Third Baby To Arrive
gossipcop-4078422375,people.com/tv/kim-kardashian-calls-caitlyn-jenner-liar/,Kim Kardashian Slams 'Liar' Caitlyn Jenner for Comments About Late Father Robert: 'She Is Not a Good Person'
gossipcop-133304084,,Halle Berry NOT Dating Female Friend  Despite Speculative Claim
gossipcop-1551062653,www.washingtonpost.com/news/arts-and-entertainment/wp/2017/06/06/for-years-george-clooney-claimed-he-didnt-want-kids-now-he-has-twins/,"For years, George Clooney claimed he didn’t want kids. Now he has twins."
gossipcop-8106811914,,Jennifer Lawrence  Emma Stone ’ s Hug Fuels Feud
gossipcop-9583470247,altrock993.iheart.com/content/2017-03-02-are-mariah-carey-joe-jonas-feuding/,Are Mariah Carey & Joe Jonas Feuding?
gossipcop-1550362715,www.usmagazine.com/celebrity-news/news/a-history-of-kanye-west-kardashians-feuds-with-amber-rose-blac-chyna-w162785/,"A History of Kanye West's, Kardashians’ Feuds With Amber Rose, Blac Chyna"
gossipcop-6006670857,www.elitedaily.com/p/how-did-kendall-jenner-blake-griffin-meet-heres-what-we-know-6781316,How Did Kendall Jenner & Blake Griffin Meet? Here's What We Know
gossipcop-4691528335,theconlincompany.com/now-casting/revenge-body/,Revenge Body with Khloé Kardashian
gossipcop-821748106,www.ibtimes.com/brad-pitt-didnt-celebrate-kids-custody-arrangement-jennifer-aniston-george-clooney-2694903,"Brad Pitt Didn’t Celebrate Kids’ Custody Arrangement With Jennifer Aniston, George Clooney"
gossipcop-3637447945,hollywoodlife.com/2017/02/01/selena-gomez-pregnant-the-weeknd-marriage-baby/,Selena Gomez Pregnant With The Weeknd’s Baby & Racing to Marry? — Report
gossipcop-2433981481,www.thehollywoodgossip.com/2018/02/kate-middleton-is-she-pregnant-with-twin-girls/,Kate Middleton: Is She Pregnant With Twin Girls?!
gossipcop-7010183951,,  Lindsay Shookus Still NOT Pregnant  Ben Affleck Baby Shocker Baby Shocker Untrue
gossipcop-6421579761,,Mila Kunis Has Banned Lea Michele Working With Ashton Kutcher  Report
gossipcop-5945639465,www.thedailybeast.com/katie-holmes-long-road-to-freedom-from-tom-cruise,Tom Cruise’s Strange Hold Over Katie Holmes: From Scientology Minders to the ‘Dating Ban’
gossipcop-4563591133,www.imdb.com/title/tt0120112/,She's So Lovely (1997)
gossipcop-9976464501,www.cheatsheet.com/entertainment/you-wont-believe-how-emma-stone-got-her-start-in-hollywood.html/,You Won’t Believe How Emma Stone Got Her Start in Hollywood
gossipcop-8300023940,www.usmagazine.com/celebrity-news/news/lady-gaga-taylor-kinney-split-after-five-years-together-report-w429811/,"Lady Gaga, Taylor Kinney Split After Five Years Together"
gossipcop-739704663,radaronline.com/photos/kim-kardashian-plastic-surgery-makeover-new-year/,"New Year, New Kim! Kardashian’s Secret Full-Body Plastic Surgery Makeover Revealed"
gossipcop-9391651121,www.kxly.com/entertainment/entertainment-tonight/robert-pattinson-praises-kristen-stewart-following-recent-reunion-exclusive-/753071782,Robert Pattinson praises Kristen Stewart following recent reunion (exclusive)
gossipcop-1216355292,people.com/royals/meghan-markle-told-makeup-artist-pal-before-royal-wedding/,'I'm Always Going to Be Meg': The Sweet Thing Meghan Markle Told Makeup Artist Pal Before Wedding
gossipcop-3269877470,hollywoodlife.com/2018/08/30/brad-pitt-margot-robbie-romance-rumors-crush-the-truth/,Brad Pitt & Co-Star Margot Robbie: Is She Crushing On Him Too? The Truth
gossipcop-7331461423,caffertyfile.blogs.cnn.com/2011/09/27/has-president-obama-made-racism-worse/,Has President Obama made racism worse?
gossipcop-3514654311,www.wonderwall.com/celebrity/story-about-khloe-kardashian-guilty-over-happy-pregnancy-as-kylie-jenner-struggles-is-made-up-3011454.article,"Story About Khloe Kardashian ""Guilty Over Happy Pregnancy"" As Kylie Jenner ""Struggles"" Is Made-Up"
gossipcop-9903637821,www.ajc.com/entertainment/celebrity-news/celebrities-react-death-linkin-park-singer-chester-bennington/MJmB4BjCmtMFOmrNaDkgmJ/,Celebrities react to death of Linkin Park singer Chester Bennington
gossipcop-7229034890,www.express.co.uk/news/royal/989037/meghan-markle-news-sister-samantha-markle-book-prince-harry-wedding,Meghan Markle to be hit with EXPLOSIVE revelations as sister Samantha ready to TELL ALL
gossipcop-5152768016,hollywoodlife.com/2018/02/26/robert-pattinson-kristen-stewart-twilight-reboot-film-anniversary/,Robert Pattinson & Kristen Stewart Would ‘Love’ To See A ‘Twilight’ Reboot After 10th Anniversary
gossipcop-8253144308,www.therichest.com/pop-culture/15-women-brad-pitt-has-surprisingly-been-linked-to/,15 Women Brad Pitt Has Surprisingly Been Linked To
gossipcop-8373466783,www.inquisitr.com/3937951/taylor-swift-wants-to-reconcile-her-romance-with-ex-boyfriend-conor-kennedy-after-rumored-drake-romance/,Taylor Swift Wants To Reconcile Her Romance With Ex-Boyfriend Conor Kennedy After Rumored Drake Romance?
gossipcop-6230597261,okmagazine.com/photos/khloe-kardashian-plastic-surgery-cost-transformation/,Khloe Kardashian Has Spent Over $3 Million For Her Sexy Body Transformation
gossipcop-647158817,www.mercurynews.com/2018/07/12/brad-pitts-hurricane-katrina-homes-are-falling-apart-residents-say-in-new-report/,"Brad Pitt’s Hurricane Katrina homes are falling apart, residents say in new report"
gossipcop-6281656927,www.intouchweekly.com/posts/caitlyn-jenner-girlfriend-sophia-hutchins-145848,"There's Even More Evidence That Caitlyn Jenner Is Dating a 21-Year-Old Model and We're Like, Get It, Girl!"
gossipcop-2863463279,hollywoodlife.com/2017/11/28/khloe-kardashian-excited-tristan-thompson-trade-la/,Khloe Kardashian Is Thrilled Over Tristan Thompson’s Possible Trade To Los Angeles Clippers
gossipcop-8428178189,hollywoodlife.com/2018/08/22/are-gwen-stefani-blake-shelton-married-secret-wedding/,Gwen Stefani & Blake Shelton Secretly Married For 6 Mos.? Report Claims They’re In Wedded Bliss
gossipcop-4782811321,celebrityinsider.org/paris-jackson-reveals-darkest-family-secrets-in-new-tell-all-book-21383/,Paris Jackson Reveals Darkest Family Secrets In New Tell-All Book
gossipcop-3342928201,www.mercurynews.com/2018/02/16/justin-therouxs-friends-never-believed-he-and-jennifer-aniston-would-last/,Justin Theroux’s friends never believed he and Jennifer Aniston would last
gossipcop-483940914,www.ibtimes.com/robert-pattinson-kristen-stewart-are-not-getting-back-together-2668983,Robert Pattinson And Kristen Stewart Are Not Getting Back Together
gossipcop-3578554429,www.newidea.com.au/justin-timberlake-and-jessica-biel-pregnant-with-second-child,Baby number two for Justin Timberlake and Jessica Biel
gossipcop-3965602543,www.iheart.com/content/2017-06-13-tinashe-slammed-for-saying-black-community-wont-fully-accept-her-over-light-skin/,Tinashe Slammed For Saying Black Community Won't 'Fully Accept' Her Over Light Skin
gossipcop-3124292084,hollywoodlife.com/2017/06/28/brad-pitt-george-clooney-twins-babies-meeting-gifts-doll-advice/,Brad Pitt Gives George & Amal Clooney African Doll & Advice During 1st Meeting With Twins
gossipcop-8161078001,people.com/style/kylie-jenners-lip-kits-sold-out-again-and-the-internet-is-livid/,Kylie Jenner's Lip Kits Sold Out Again and the Internet is Livid
gossipcop-5098934079,www.dailymail.co.uk/tvshowbiz/article-5217017/Miley-Cyrus-Liam-Hemsworth-start-family-2018.html,Miley Cyrus and Liam Hemsworth 'to start a family in 2018'
gossipcop-2555183019,people.com/music/gregg-allman-dead-celebrity-reactions/,"Keith Urban, John Mayer and More Musicians React to Gregg Allman's Death: 'My Heart Breaks Today'"
gossipcop-1685663261,www.goodhousekeeping.com/life/entertainment/a20701654/tonya-harding-dancing-with-the-stars-finale/,"Tonya Harding Made It to the ""Dancing With the Stars"" Finale and Fans Are Livid"
gossipcop-1187570404,ktu.iheart.com/content/2017-06-19-chris-soules-had-no-alcohol-in-system-after-crash-negative-for-drugs/,"Chris Soules Had No Alcohol In System After Crash, Negative For Drugs"
gossipcop-8179874708,hollywoodlife.com/2010/11/03/gwen-stefani-miscarriage-gavin-rossdale-national-enquirer-adoption/,Report: Gwen Stefani Suffered A Miscarriage Four Months Ago — Now She's Considering Adoption
gossipcop-4223068558,gulfnews.com/life-style/celebrity/hollywood/ben-affleck-looking-for-family-friendly-role-1.2257185,Ben Affleck looking for family friendly role
gossipcop-2636027307,time.com/4939749/emmys-2017-political-moments/,Every Political Moment at the 2017 Emmy Awards
gossipcop-2330654892,www.thrillist.com/entertainment/nation/beyonce-conspiracy-theories-illuminati-pregnancy-solange-more,The Complete History of Crazy Beyoncé Conspiracy Theories
gossipcop-333698649,www.usatoday.com/story/life/entertainthis/2017/06/20/jennifer-lopez-and-alex-rodriguez-photos-vacation-paris-france-monte-carlo/103031794/,Inside Jennifer Lopez and Alex Rodriguez' lavish 'baecation'
gossipcop-2527097857,www.vogue.com/article/georgina-chapman-life-after-harvey-weinstein,Georgina Chapman on Life After Harvey Weinstein
gossipcop-6449992903,www.eonline.com/news/855748/jessica-simpson-i-m-not-pregnant,"Jessica Simpson: ""I'm Not Pregnant"""
gossipcop-8686054156,www.nbc4i.com/news/u-s-world/the-latest-heavy-security-before-sundays-golden-globes/1096444797,The Latest: 'Three Billboards' wins best drama film Globe
gossipcop-594570426,www.eonline.com/news/894726/5-times-the-kardashians-expertly-avoided-confirming-kylie-jenner-and-khloe-kardashian-s-rumored-pregnancies,5 Times the Kardashians Expertly Avoided Confirming Kylie Jenner and Khloe Kardashian's Rumored Pregnancies
gossipcop-4216491738,www.dailymail.co.uk/tvshowbiz/article-5240097/Judge-rejects-Bachelor-stars-fatal-accident-law-challenge.html,Chris Soules loses legal battle to have felony dropped
gossipcop-5755239230,www.popsugar.com/celebrity/Jennifer-Aniston-Get-Back-Together-Brad-Pitt-44590255,Will Jennifer Aniston Get Back Together With Brad Pitt?
gossipcop-1314470611,www.vulture.com/2010/08/mystery_woman_inexplicably_dub.html,"""Mystery Woman"" Inexplicably Dubbing Gloria's Lines In Spanish Modern Family"
gossipcop-5592600945,en.wikipedia.org/wiki/Emma_Stone,Emma Stone
gossipcop-7629942009,people.com/movies/angelina-jolie-splits-lawyer-laura-wasser-divorce-brad-pitt/,"Angelina Jolie, 'Focused on Healing Her Family,' Splits with Lawyer in Brad Pitt Divorce"
gossipcop-4621782557,radaronline.com/photos/cher-celine-dion-billboard-feud-backstage-las-vegas-residency-photos/,Celine Dion & Cher’s Feud Erupts Backstage At Billboard Music Awards
gossipcop-1509745173,www.pressreader.com/uk/reveal/20180703/281603831213374,Connecting People Through News
gossipcop-5002619694,www.yourtango.com/2018315268/is-blake-shelton-alcoholic-details-blake-fall-stage-drinking-problem-addiction,Does Blake Shelton Have A Drinking Problem? New Details About The Fall He Took On Stage After Drinking 'A Lot'
gossipcop-4051674714,okmagazine.com/videos/jennifer-aniston-angelina-jolie-face-off-oscars-photos/,The Real Oscars Showdown Is Going To Be Between Angelina Jolie And Jennifer Aniston
gossipcop-1198146648,www.dailymail.co.uk/tvshowbiz/article-5676683/Elsa-Pataky-reveals-secret-struggles-pressure-marriage-Chris-Hemsworth.html,Elsa Pataky reveals the secret struggles that put 'pressure' on marriage with Chris Hemsworth
gossipcop-3990749056,www.news.com.au/entertainment/celebrity-life/hook-ups-break-ups/justin-bieber-dating-hailee-steinfeld-sources-tell-tmz/news-story/a5e02f8b3dddee2a8e278ce52ffd8502,Justin Bieber ‘dating Hailee Steinfeld’
gossipcop-3349415808,www.cosmopolitan.com/entertainment/celebs/a13856745/celeb-feuds-2017/,8 Juiciest Celebrity Feuds of 2017
gossipcop-4658536053,hollywoodlife.com/2018/06/29/meghan-markle-upset-royal-faux-pas-prince-harry-support/,Meghan Markle In ‘Tears’ Over Scrutiny Of Her Royal Faux Pas: How Prince Harry Is Supporting Her
gossipcop-8386188284,www.thewrap.com/big-little-lies-season-2-adds-three-new-cast-members/,"'Big Little Lies' Season 2 Returns 3 More Cast Members, Adds 3 News Ones"
gossipcop-2272759109,www.imdb.com/news/ni61258151,"HollywoodLife Debunks True Ben Affleck, Jennifer Garner Caribbean Vacation Story"
gossipcop-5743286033,www.imdb.com/news/ni61471874,Danny Moder Told Richard Gere To Stay Away From Julia Roberts?
gossipcop-3361152009,www.imdb.com/news/ni61255200,"Jada Pinkett Smith Not Leaving Will Smith For August Alsina, Despite Claim"
gossipcop-6045045567,en.wikipedia.org/wiki/Stay_with_Me_(Sam_Smith_song),Stay with Me (Sam Smith song)
gossipcop-2421029600,www.washingtonpost.com/news/the-fix/wp/2017/10/18/trumps-alleged-knew-what-he-signed-up-for-remark-to-military-widow-is-worth-caution-but-fits-a-clear-pattern/,"Trump's alleged 'knew what he signed up for' comment to widow is worth caution, but fits a clear pattern"
gossipcop-9953022225,hollywoodlife.com/2017/10/19/kim-kardashian-taylor-swift-gorgeous-kanye-west-diss-track/,Kim Kardashian Refuses To Let Taylor Swift ‘Bully’ Kanye West With More Diss Tracks
gossipcop-3360991196,www.newidea.com.au/the-pictures-that-have-fans-convinced-katie-holmes-is-pregnant,The pictures that have fans convinced Katie Holmes is pregnant
gossipcop-7658547342,www.intouchweekly.com/posts/scott-disick-reign-not-his-child-148339,Scott Disick’s Worst Fear Is That His Youngest Son Reign Isn’t His (EXCLUSIVE)
gossipcop-4056432471,www.mcarchives.com/index.asp?id=14039,Mariah not dating both Nick Cannon and Bryan Tanaka
gossipcop-9574195797,heavy.com/music/2017/03/is-there-a-feud-brewing-between-zayn-malik-and-harry-styles-new-music/,Is There A Feud Brewing Between Zayn Malik & Harry Styles?
gossipcop-3857540577,www.digitalspy.com/movies/oscars/news/a851658/stats-show-women-barely-speak-oscars-best-picture-films/,Stats show women barely speak in the Oscars' Best Picture-winning films
gossipcop-9304916601,hollywoodlife.com/2017/11/19/serena-williams-kim-kardashian-beyonce-feud-wedding-run-in/,Serena Williams: Why She Refuses To Take Sides Between Kim Kardashian & Beyonce
gossipcop-1202990527,www.amazon.com/Lion-Dev-Patel/dp/B01MT3LMT4,"Amazon.com: Lion: Dev Patel, Rooney Mara, Nicole Kidman, David Wenham: Amazon Digital Services LLC"
gossipcop-9752823264,www.celebdirtylaundry.com/2017/pippa-middleton-denies-prince-harrys-girlfriend-meghan-markle-wedding-invitation-fears-shell-steal-spotlight/,"Pippa Middleton Denies Meghan Markle Wedding Invite, Fears Prince Harry’s Girlfriend Will Steal Spotlight?"
gossipcop-6328140489,okmagazine.com/photos/the-weeknd-justin-bieber-for-halloween-pic/,The Weeknd Dresses Up As Justin Bieber For Halloween!
gossipcop-783444592,www.news.com.au/sport/sports-life/why-cant-lindsey-vonn-find-herself-a-date/news-story/2a111d372683dc292ecaa454806303d9,Lindsey Vonn can’t score a date
gossipcop-9138527637,variety.com/2017/music/news/beyonce-twins-jay-z-report-1202408104/,Beyonce and Jay Z Welcome Twins (Report) – Variety
gossipcop-2725366532,www.eonline.com/shows/kardashians/videos/248069/kim-kardashian-gets-hysterical-over-lost-earring,Kim Kardashian Gets Hysterical Over Lost Earring on Kardashians
gossipcop-9671083402,,Blake Shelton Miranda Lambert Awkward RunIn
gossipcop-5613029118,www.lifeandstylemag.com/posts/kate-middleton-twins-145821,"Kate Middleton Won't Be Dressing Her Twins Alike, Even If They're Identical! (EXCLUSIVE)"
gossipcop-9619192400,hollywoodlife.com/2018/06/18/selena-gomez-hurt-justin-bieber-hailey-baldwin-romance/,Selena Gomez Trying To Ignore Justin Bieber’s Romance With Hailey Baldwin But It Still Hurts
gossipcop-1790655063,,Amber Rose  I Did Laugh At Molestation Victim
gossipcop-2851525239,www.dailymail.co.uk/tvshowbiz/article-3133469/Brad-Falchuk-spotted-date-mystery-brunette-amid-reports-Paltrow-over.html,Brad Falchuk spotted out with mystery brunette amid Gwyneth Paltrow split reports
gossipcop-6643858010,www.standard.co.uk/showbiz/celebrity-news/khloe-kardashian-has-fans-convinced-shes-expecting-a-baby-girl-with-dinner-party-snaps-a3760681.html,Khloe Kardashian has fans convinced she's expecting a baby girl
gossipcop-2303606266,hollywoodlife.com/2018/03/07/sofia-richie-reaction-kourtney-kardashian-younes-bendjima-relationship-split-instagram/,Kourtney Kardashian & Younes Bendjima: Why Sofia Richie Is ‘Hoping’ They Won’t Split
gossipcop-1695932627,radaronline.com/videos/brad-pitt-sienna-miller-flirting/,Brad Pitt & Sienna Miller Caught Flirting
gossipcop-1632389986,en.wikipedia.org/wiki/Sean_Penn,Colin Farrell  Robin Wright Dating 
gossipcop-1267637959,www.nme.com/news/music/lena-dunham-jack-antonoff-split-2216170,Lena Dunham and Jack Antonoff have split up
gossipcop-1167199618,www.chron.com/news/media/Travis-Scott-GOES-OFF-On-Kylie-Jenner-Spending-1269306.php,Travis Scott GOES OFF On Kylie Jenner Spending Splurge! Selena Gomez Shades Justin Bieber!
gossipcop-7382234917,www.lgbtqnation.com/2017/04/ellen-portia-food-fight-restaurant-amid-breakup-rumors/,Did Ellen & Portia have a food fight at a restaurant?
gossipcop-7997622939,www.sbnation.com/tennis/2017/7/15/15975050/venus-williams-garbine-muguruza-2017-time-tv-schedule-watch-online-wimbledon-womens-final,"Venus Williams vs. Garbine Muguruza, Wimbledon 2017: Time, TV schedule and live stream for women's final"
gossipcop-9726744105,hollywoodlife.com/2018/06/12/blake-shelton-gwen-stefani-summer-wedding-rumor/,"Gwen Stefani & Blake Shelton: Why Friends & Family Suspect A Secret, Summer Wedding"
gossipcop-1552405208,www.etonline.com/ben-affleck-was-on-a-bender-before-jennifer-garner-took-him-to-rehab-source-says-108748,"Ben Affleck Was on a 'Bender' Before Jennifer Garner Took Him to Rehab, Source Says"
gossipcop-6168578475,www.ellentube.com/video/french-canadian-mother-finds-a-weird-solution-to-save-ellen-degeneres-and-portia-de-rossi-marriage.html,French-Canadian mother finds a weird solution to save Ellen Degeneres and Portia de Rossi marriage
gossipcop-8424920276,www.inquisitr.com/opinion/4545022/adam-sandler-confirms-justin-bieber-didnt-ask-for-acting-advice-says-singer-is-funny-as-hell/,"Adam Sandler Confirms Justin Bieber Didn’t Ask For Acting Advice, Says Singer Is ‘Funny As Hell’ [Opinion]"
gossipcop-8574470312,variety.com/2018/politics/features/caitlyn-jenner-trans-rights-advocate-1202896320/,How Caitlyn Jenner Is Secretly Fighting Trump’s White House on Transgender Rights
gossipcop-8174803770,www.kidney.org/newsletter/selena-gomez-announced-she-had-kidney-transplant,Selena Gomez Reveals She Had a Kidney Transplant
gossipcop-8609432684,www.express.co.uk/news/royal/990555/meghan-markle-news-father-thomas-markle-queen-interview-latest-royal-family-threat,Meghan Markle’s father hits out at Royal Family urging them to ‘BREAK THE SILENCE’
gossipcop-6856403190,www.usmagazine.com/celebrity-news/news/will-smith-addresses-jada-pinkett-smith-divorce-rumors-watch/,Will Smith Addresses Jada Pinkett Smith Divorce Rumors: Watch
gossipcop-1329261407,www.thenational.ae/arts-culture/nicole-kidman-a-stay-at-home-sunday-girl-1.583953,Nicole Kidman: a stay at home Sunday girl
gossipcop-2023027695,en.wikipedia.org/wiki/Christina_Aguilera,Christina Aguilera
gossipcop-4577642462,hollywoodlife.com/2018/06/11/kendall-jenner-jealous-blake-griffin-moving-on-split/,Kendall Jenner ‘Jealous’ That Blake Griffin Has Moved On As She Keeps It Casual With Ben & Anwar
gossipcop-7337238600,www.independent.ie/irish-news/election-2016/parish-pump/floating-voter-its-a-dogeatcandidate-world-on-the-campaign-trail-for-ring-34460370.html,Floating voter: It's a dog-eat-candidate world on the campaign trail for Ring
gossipcop-834472291,hollywoodlife.com/2018/07/11/beyonce-hiding-stomach-flowy-dress-baby-bump-pregnant/,Beyonce Spurs More Pregnancy Rumors In New Flowy Dress Exposing Major Cleavage — Pics
gossipcop-2868963763,www.vulture.com/2018/04/a-guide-to-celebrities-of-the-who-niverse.html,The A-List of Z-List Celebrities
gossipcop-9908303700,,Khloe Kardashian NOT Getting Lip Injections During Pregnancy  Despite Report
gossipcop-9115903463,radaronline.com/exclusives/2018/07/george-michael-biopic-ryan-gosling-michael-douglas-play-icon-movie/,Wham! Producers Want Hollywood’s Hottest To Play George Michael In Biopic
gossipcop-1641350619,hollywoodlife.com/2018/03/08/are-katy-perry-orlando-bloom-married-eloped-prague-secret-wedding/,Did Katy Perry & Orlando Bloom Elope In Prague? Friends Reportedly Buzzing That They’re Married
gossipcop-703016938,www.telegraph.co.uk/news/2016/05/23/eva-longoria-pranked-victoria-beckham-by-forcing-her-to-swap-hee/,Eva Longoria pranked Victoria Beckham by forcing her to swap heels for Ugg boots
gossipcop-4807172047,hollywoodlife.com/2018/02/26/are-justin-bieber-selena-gomez-ready-to-move-in/,Justin Bieber & Selena Gomez Are ‘Committed’ To Each Other: Ready To Move-In?
gossipcop-6705152025,www.dailymail.co.uk/tvshowbiz/article-5226255/Kim-Kardashian-Kanye-West-look-happier-ever.html,Kim Kardashian and Kanye West look happier than ever
gossipcop-5524550050,www.newidea.com.au/meghan-markle-matt-lauer-secret-hookup,US report: Meghan Markle and Matt Lauer ‘had a secret hook up’
gossipcop-965487766,,Paris Jackson ’ s Family Trying To Send Her Back To Rehab  Report
gossipcop-1945469340,www.popsugar.com/celebrity/Robert-Pattinson-Talking-About-Playing-Edward-Cullen-Video-21810258,Robert Pattinson Talking About Playing Edward Cullen Video
gossipcop-2326456744,radaronline.com/exclusives/2018/08/the-voice-season-15-coaches-kelly-clarkson-jennifer-hudson-feud/,J-Hud Vs. Kelly! ‘Idol’ Alums Already At War During Taping Of ‘The Voice’
gossipcop-6116544731,www.dailyedge.ie/reaction-to-kanye-kim-beyonce-comments-1952073-Feb2015/,17 expressions to sum up Kanye’s claims that Beyoncé is inspired by Kim Kardashian
gossipcop-8666619742,clipsg.com/cc/Family-Of-Robert-Downey-Jr,Categories video Family Of Robert Downey Jr
gossipcop-3366613805,www.timeslive.co.za/tshisa-live/tshisa-live/2017-09-08-watch-im-always-the-last-to-hear-about-it-says-trevor-noah-on-fake-death-hoax/,"WATCH: 'I'm always the last to hear about it, says Trevor Noah on fake death hoax"
gossipcop-316700565,www.dailymail.co.uk/tvshowbiz/article-5225149/How-celebrities-celebrated-New-Years-Eve.html,How the celebrities celebrated New Year's Eve
gossipcop-4226541574,hollywoodlife.com/2017/08/10/khloe-kardashian-kris-jenner-feud-kylie-favorite-daughter/,Is Khloe Kardashian Feuding With Kris Jenner? She Worries Kylie Is Her Mom’s Favorite
gossipcop-2399257972,www.celebitchy.com/518566/ben_affleck_spotted_out_with_mystery_blonde_woman_what_is_going_on_/,"Ben Affleck spotted out with mystery blonde woman, what is going on? (updates)"
gossipcop-1337735613,www.dailymail.co.uk/tvshowbiz/article-5292741/Ben-Affleck-lands-NYC-denying-hes-engaged.html,Ben Affleck lands in NYC after denying he's engaged
gossipcop-8392424140,hollywoodlife.com/2017/03/23/john-mayer-wants-katy-perry-back-together-new-song-trying/,John Mayer Using Breakup Song To Win Katy Perry Back?: He’s Been Calling Her
gossipcop-2717691939,www.townandcountrymag.com/society/a15845582/what-matt-lauer-is-doing-now/,Latest News on Fired NBC Today Show Anchor
gossipcop-9179990800,www.digitalspy.com/movies/news/a822669/kristen-stewart-twilight-robert-pattinson-split-interview/,Kristen Stewart reflects on hate from Twilight fans
gossipcop-5105818942,,Kourtney Kardashian Pregnant With Baby 4
gossipcop-590841334,www.dailymail.co.uk/tvshowbiz/article-4780258/Chris-Pratt-Anna-Faris-living-together.html,Chris Pratt and Anna Faris are 'still living together'
gossipcop-666458375,www.newscrane.com/nicole-kidman-leaving-keith-urban-met-with-lawyer-katie-holmes-used-in-tom-cruise-divorce/,Nicole Kidman Leaving Keith Urban-Met With Lawyer Katie Holmes Used In Tom Cruise Divorce?
gossipcop-7378651908,www.inquisitr.com/4936378/meryl-streep-nicole-kidman-feud-on-big-little-lies-set-reports-closer-weekly/,"Meryl Streep And Nicole Kidman Feud On ‘Big Little Lies’ Set, Reports ‘Closer Weekly’"
gossipcop-3308313232,okmagazine.com/photos/inside-beyonce-delivery-room/,Major Ultimatum! Jay-Z REFUSES To Allow Solange Knowles Inside Beyonce's Delivery Room
gossipcop-8323926393,,Angelina Jolie ’ s Dad Begging She Get Help For Eating Disorder  Report
gossipcop-7462640326,hollywoodlife.com/2018/04/02/justin-bieber-response-the-weeknd-song-selena-gomez-kidney-donor/,Justin Bieber Would Gladly Give A Kidney To Selena: He Think’s The Weeknd’s Song Is Petty
gossipcop-4241884018,medium.com/@arjunogale/kanye-west-indefinitely-canceled-8293412b5252,"Kanye West, Indefinitely Canceled – Arjun Ogale – Medium"
gossipcop-5695806264,hollywoodlife.com/2017/03/09/angelina-jolie-adopting-more-kids-brad-pitt-divorce/,Angelina Jolie Ready To Adopt More Kids Once Divorce From Brad Pitt Is Behind Her
gossipcop-1599038586,www.inquisitr.com/4313038/kanye-west-lazy-hires-personal-trainer-but-doesnt-work-out-amid-meltdown-recovery/,"Kanye West Reportedly Lazy, Hires Personal Trainer But Doesn’t Work Out Amid Meltdown Recovery"
gossipcop-9786306448,www.usmagazine.com/entertainment/news/caitlyn-jenner-is-not-joining-dancing-with-the-stars/,Caitlyn Jenner Is Not Joining ‘Dancing With the Stars’
gossipcop-523824796,www.hindustantimes.com/hollywood/when-an-all-star-cast-isn-t-fun-ocean-s-eight-makers-hire-shrink-to-prevent-fights/story-PQeWgf4CLGNk3X1HIuA7ZN.html,Ocean’s Eight makers hire therapist to prevent fights among actors on sets
gossipcop-8224639462,www.msn.com/en-us/tv/celebrity/anne-heche-wants-ellen-degeneres-back/ar-AAvdnbw,Anne Heche Wants Ellen DeGeneres Back?
gossipcop-5872003026,www.latimes.com/entertainment/gossip/la-et-mg-gigi-hadid-instagram-body-shaming-20150928-htmlstory.html,Gigi Hadid 'not asking for special treatment' despite burden of awesomely sexy body
gossipcop-7876689717,woman-in-cyber.com/blogs/cyber-articles/has-isis-b-hacked-b-meghan-markle-39-s-intimate-photos-to-arm-twist-royals-and-england,Has ISIS hacked Meghan Markle's intimate photos to arm-twist royals and England?
gossipcop-2749598052,www.pressreader.com/usa/life-style-weekly/20180601/281595241193507,Connecting People Through News
gossipcop-1976997309,www.latimes.com/entertainment/la-et-grammys-nominees-winners-list-2018-story.html,Grammys 2018: Complete list of winners and nominees
gossipcop-1699548247,www.closerweekly.com/posts/sandra-bullock-boyfriend-bryan-randall-engaged-120541,"Sandra Bullock Is ""Hesitant"" to Marry Boyfriend Bryan Randall (REPORT)"
gossipcop-1376006558,www.tmz.com/2017/05/03/drake-porn-star-pregnant/,"Drake Gets Former Porn Star Pregnant and She Has Text Messages ... She Claims, But He Calls BS"
gossipcop-1066850840,www.closerweekly.com/posts/cindy-crawford-rande-gerber-divorce-162849,"Cindy Crawford and Rande Gerber May Be Headed for Divorce: ""There Is Constant Drama"""
gossipcop-5643074308,www.elle.com/culture/celebrities/a19695888/taylor-swift-searching-for-house-in-london-near-joe-alwyn-report/,Taylor Swift Wants to 'Set Down Roots' With Joe Alwyn in England
gossipcop-5555890304,www.lifeandstylemag.com/posts/rihanna-drake-nicki-minaj-138547,"Rihanna Is Reportedly ""Hurt"" Over Drake's Obsession With Nicki Minaj!"
gossipcop-8214072514,www.inquisitr.com/2145552/britney-spears-planning-secret-wedding/,Is Britney Spears Planning A Secret Wedding In Las Vegas?
gossipcop-4844756803,www.express.co.uk/entertainment/films/944173/Brad-Pitt-Jennifer-Aniston-movie-film-together-divorce,Brad Pitt and Jennifer Aniston film plans: Are they really 'REUNITING on screen'?
gossipcop-9076033469,,Rihanna Tempting Hassan Jameel Hassan Jameel Endless Legs
gossipcop-564932523,www.dailymail.co.uk/video/tvshowbiz/video-1217960/Destroyed-fame-Kylie-Jenner-mocks-magazine-cover.html,'Destroyed by fame': Kylie Jenner mocks magazine cover
gossipcop-3732011492,www.latimes.com/entertainment/la-et-entertainment-news-updates-katherine-1484668920-htmlstory.html,Katherine Heigl and Josh Kelley have welcomed a third child
gossipcop-1065734621,www.imdb.com/news/ni61886370,"Dakota Johnson’s Dad Not “Suspicious” Of Chris Martin, Despite Report"
gossipcop-2491359601,www.elle.com/culture/celebrities/a21053421/rihanna-broke-up-with-billionaire-boyfriend-hassan-jameel-report/,Rihanna Rumored To Have Broken Up With Her Billionaire Boyfriend Because She 'Gets Tired of Men'
gossipcop-3848445896,wikivividly.com/wiki/Jack_Nicholson,Jack Nicholson
gossipcop-9217504373,www.express.co.uk/life-style/life/948449/meghan-markle-prince-harry-news-wedding-date-tamed-latest-exclusive,Why Meghan Markle ‘TAMED’ Prince Harry more than Cressida and Chelsy ever could
gossipcop-7120181239,star1043.iheart.com/featured/ryan-seacrest/content/2017-08-30-robert-pattinson-recalls-living-with-screech-aka-dustin-diamond/,Robert Pattinson Recalls Living With Screech (a.k.a Dustin Diamond)
gossipcop-8278619497,www.etonline.com/news/214798_amber_rose_shuts_down_french_montana_dating_rumors,"Amber Rose Shuts Down French Montana Dating Rumors, Calls Rapper Her 'Bruvaaa'"
gossipcop-3796839427,www.animalplanet.com/tv-shows/puppy-bowl/,Puppy Bowl 2018 Live Stream – Watch Online 
gossipcop-9537928057,,Jennifer Lawrence ’ s Friends Do Hate Darren Aronofsky  Report
gossipcop-7383365732,www.elle.com/culture/celebrities/a14780969/dakota-johnson-watching-angelina-jolie-while-jennifer-aniston-presents-golden-globes-tweet/,Dakota Johnson Caught Watching Angelina Jolie While Jennifer Aniston Presented at Golden Globes 2018
gossipcop-2886104361,www.eonline.com/news/871916/robert-pattinson-cools-off-with-fka-twigs-are-things-heating-up-with-katy-perry,Robert Pattinson Cools Off With FKA Twigs: Are Things Heating Up With Katy Perry?
gossipcop-5588058407,www.theguardian.com/music/2018/may/02/i-miss-the-old-kanye-what-has-happened-to-raps-most-complex-star,‘I miss the old Kanye’: what has happened to rap’s most complex star?
gossipcop-878724409,www.theodysseyonline.com/15-saddest-taylor-swift-breakup-songs,The 15 Saddest Taylor Swift Breakup Songs
gossipcop-8543066373,www.dailymotion.com/video/x1w6s41,Katy Perry And Madonna's RAUNCHY Photoshoot
gossipcop-8485688306,people.com/music/gwen-stefani-cancels-performance-ruptured-eardrum/,Gwen Stefani Forced to Skip Vegas Performance After Rupturing Her Eardrum
gossipcop-8074971162,hollywoodlife.com/2017/12/15/miley-cyrus-liam-hemsworth-christmas-plans-shopping-perfect-gift/,Miley Cyrus: Why She’s Struggling To Buy The Perfect Holiday Gift For Liam Hemsworth
gossipcop-2468376756,vt.co/entertainment/celebrity/taylor-swift-fans-certain-shes-pregnant/,"Taylor Swift fans think that she's pregnant, but are they body shaming her?"
gossipcop-7661813492,www.intouchweekly.com/posts/ellen-degeneres-portia-de-rossi-divorce-149568,Ellen DeGeneres and Portia de Rossi Are “At Their Breaking Point” (EXCLUSIVE)
gossipcop-5943125367,hollywoodlife.com/2018/06/01/alexandra-daddario-zac-efron-relationship-friends-not-dating/,Alexandra Daddario Slams Rumors She’s Still Dating Zac Efron — What Happened?
gossipcop-3799330435,www.newidea.com.au/jennifer-aniston-justin-theroux-split-turns-nasty,Jennifer Aniston and Justin Theroux's split gets nasty
gossipcop-6502992052,www.bustle.com/p/jennifer-lopez-alex-rodriguez-might-be-engaged-theres-instagram-post-to-prove-it-photo-9679319,"Jennifer Lopez & Alex Rodriguez Might Be Engaged, & There’s An Instagram Post To Prove It — PHOTO"
gossipcop-4439841665,www.usmagazine.com/celebrity-news/news/luke-bryan-jokes-gwen-stefani-is-too-hot-for-blake-shelton-watch-2015511/,Luke Bryan Jokes Gwen Stefani Is Too Hot for Blake Shelton: Watch
gossipcop-2213898444,www.elle.com/uk/life-and-culture/culture/a22101321/david-victoria-beckham-buy-harper-pony-birthday/,"David Beckham And Victoria Beckham Reportedly Bought Harper £7,000 Pony For 7th Birthday"
gossipcop-465550573,www.msn.com/en-us/video/p/funniest-fake-bug-pranks-people-scared-of-spiders-and-other-bugs/vp-AAwz4At,Funniest Fake Bug Pranks: People Scared Of Spiders & Other Bugs
gossipcop-4944479774,deadline.com/2017/05/brad-grey-dead-hollywood-reactions-paramount-1202093717/,Brad Grey: Hollywood Reacts To Death Of Former Paramount Chief
gossipcop-9441803455,www.businessinsider.com/rules-prince-william-and-kate-middleton-must-follow-2018-5,10 rules Prince William and Kate Middleton must always follow that other royals don't
gossipcop-2897235761,www.mamamia.com.au/kim-kardashian-kanye-west-divorce/,Are Kim Kardashian and Kanye West actually heading for divorce? An investigation.
gossipcop-7775490314,www.usmagazine.com/celebrity-news/news/taylor-swift-is-preparing-to-come-out-of-hiding/,Taylor Swift Is Preparing to ‘Come Out of Hiding’
gossipcop-5311655779,www.amazon.com/Brangelina-Untold-Story-Angelina-Jolie/dp/0981239668,Brangelina: The Untold Story of Brad Pitt and Angelina Jolie: Ian Halperin: 9780981239668: Amazon.com: Books
gossipcop-2421920838,www.inquisitr.com/4582655/tom-cruise-reportedly-wish-to-be-in-suris-life-again-as-he-plans-to-marry-vanessa-kirby-in-2018/,"Tom Cruise Reportedly Wishes To Be In Suri’s Life Again, As He Plans To Marry Vanessa Kirby In 2018"
gossipcop-6142392840,hollywoodlife.com/2017/10/30/selena-gomez-the-weeknd-split-break-up-relationship-over/,Selena Gomez & The Weeknd Reportedly Split Following Hangouts With Justin Bieber
gossipcop-7921708101,hollywoodlife.com/2017/10/18/kim-kardashian-kanye-west-blac-chyna-diss-track-rob-lawsuit/,Kim Kardashian Urging Kanye West Not To Drop Blac Chyna Diss Track After She Sues Rob & Family
gossipcop-9882673156,www.justjared.com/2017/08/22/robert-pattinson-hangs-out-with-co-star-mia-goth-in-germany/,Robert Pattinson Hangs Out with Co-Star Mia Goth in Germany
gossipcop-3282302319,www.pressreader.com/usa/in-touch-usa/20180202/282260960887241,Connecting People Through News
gossipcop-933198794,,Ariel Winter Begging Boyfriend Levi Meaden To Propose  Report
gossipcop-4919322995,www.mirror.co.uk/3am/celebrity-news/kim-kardashian-resents-kanye-wests-12971911,Kim Kardashian 'resents Kanye West's 'other woman''
gossipcop-1474016935,discussion.femalefirst.co.uk/viewtopic.php?t=749076,Female First Forum
gossipcop-1535895023,www.newidea.com.au/jennifer-aniston-why-i-will-never-be-a-mum,Jennifer Aniston: Why I will never be a mum
gossipcop-8549232263,www.teenvogue.com/story/robert-pattinson-responds-twilight-revival-rumors,Robert Pattinson Responds To Those 'Twilight' Revival Rumors
gossipcop-5990548490,www.dailymail.co.uk/tvshowbiz/article-4396214/Mariah-Carey-gives-Bryan-Tanaka-25-000-month.html,"Mariah Carey 'gives Bryan Tanaka $25,000 a month'"
gossipcop-9276096851,www.thesun.co.uk/tvandshowbiz/5770099/brad-pitt-celibacy-year-no-sex-heartbreak-women/,Brad Pitt vows a year of celibacy prompting heartbreak for women across the world
gossipcop-6429412886,marquee.blogs.cnn.com/2011/09/15/brad-pitt-im-so-happy-to-have-angelina/,Brad Pitt: I'm so happy to have Angelina
gossipcop-4291525988,www.nytimes.com/2018/01/02/business/media/hoda-kotb-today-matt-lauer.html,Hoda Kotb Named to Replace Matt Lauer as Co-Anchor of NBC’s ‘Today’
gossipcop-863456235,"en.wikipedia.org/wiki/American_Media,_Inc.","American Media, Inc."
gossipcop-6277941914,www.newidea.com.au/brad-pitt-scared-angelina-jolie-jennifer-aniston-public-fight-oscars,Brad Pitt freak outs over Angelina Jolie and Jennifer Aniston's public showdown
gossipcop-7856697950,clipsg.com/cc/is-Darren-Aronofsky-dating-jennifer-lawrence,Categories video is Darren Aronofsky dating jennifer lawrence
gossipcop-7789729848,hollywoodlife.com/2017/08/16/chris-pratt-dating-anna-faris-divorce-work-fatherhood-son-jack/,Chris Pratt Swearing Off Dating After Anna Faris: Wants To Drown Himself In Work & Fatherhood
gossipcop-7101969602,hollywoodlife.com/2017/09/20/katie-holmes-called-tom-cruise-see-suri-daughter/,Did Katie Holmes Call Tom Cruise & Demand He See Suri For The First Time In 4 Years?
gossipcop-3744192211,www.eonline.com/fr/news/533484/all-the-times-kate-middleton-and-prince-harry-have-teased-prince-william-about-his-lack-of-hair,All the Times Kate Middleton and Prince Harry Have Teased Prince William About His (Lack of) Hair
gossipcop-7174862283,www.nytimes.com/2017/10/10/us/gwyneth-paltrow-angelina-jolie-harvey-weinstein.html,"Gwyneth Paltrow, Angelina Jolie and Others Say Weinstein Harassed Them"
gossipcop-8281889924,www.vogue.com/article/kate-middleton-third-baby-comment-poland,"Kate Middleton Jokes (We Think?) About Third Baby, and the World Freaks Out"
gossipcop-7209530256,www.dailymail.co.uk/tvshowbiz/article-4796898/Kate-Walsh-splits-boyfriend-Trevor-Davis.html,Kate Walsh 'splits from boyfriend Trevor Davis'
gossipcop-4388708613,hollywoodlife.com/2018/03/04/kim-kardashian-ryan-seacrest-scandal-upset-sexual-harassment/,Kim Kardashian ‘Heartbroken’ Over Ryan Seacrest Scandal: She ‘Can’t Believe Any Of It’
gossipcop-1919556616,www.pressreader.com/australia/nw/20180409/283802854295691,Connecting People Through News
gossipcop-3696200723,en.wikipedia.org/wiki/Courteney_Cox,Courteney Cox
gossipcop-9040197271,news.google.com/topics/CAAqJQgKIh9DQkFTRVFvSUwyMHZNRGw1Y21nU0JXVnVMVlZUS0FBUAE,Jennifer Aniston
gossipcop-3815098857,www.iheart.com/content/2017-12-18-iggy-azalea-blasts-nick-young-after-accidental-dinner-reunion/,Iggy Azalea Blasts Nick Young After Accidental Dinner Reunion
gossipcop-3007843744,www.msn.com/en-ca/entertainment/celebrity/tom-cruise-upset-about-katie-holmes-jamie-foxx-%E2%80%9Cromance-going-public%E2%80%9D/ar-BBIsR8U?li=AAhp1o8,"Tom Cruise Upset About Katie Holmes, Jamie Foxx “Romance Going Public”?"
gossipcop-4475534519,www.thesun.co.uk/fabulous/5765311/kate-middleton-queen-official-royal-title-prince-william-king/,"What is Kate Middleton’s royal title, will it change when Prince William is King and will she ever be Queen?"
gossipcop-9690385393,www.thelist.com/110590/kate-middleton-meghan-markle-relationship/,The truth about Kate Middleton and Meghan Markle's relationship
gossipcop-831301533,www.thehollywoodgossip.com/2018/05/kendall-jenner-pregnant-with-blake-griffins-baby/,Kendall Jenner: Pregnant with Blake Griffin's Baby?
gossipcop-2965379750,www.celebdirtylaundry.com/2017/ryan-seacrest-forced-to-talk-about-julianne-hough-wedding-on-live/,Ryan Seacrest Forced to Talk About Julianne Hough Wedding on Live!
gossipcop-5706375578,variety.com/2018/tv/news/michael-strahan-sara-haines-good-morning-america-1202880388/,"Michael Strahan, Sara Haines Will Host ABC’s New ‘GMA’ Hour"
gossipcop-8514991057,okmagazine.com/news/michelle-obama-naked-topless-cover-spanish-lifestyle-magazine/,"Michelle Obama is Naked, Topless on the Cover of a Spanish Lifestyle Magazine"
gossipcop-5030393897,www.usmagazine.com/celebrity-news/news/jennifer-lopez-talks-marriage-and-alex-rodriguez/,Jennifer Lopez Talks Marriage and Alex Rodriguez
gossipcop-9188797765,www.haystack.tv/v/pres-iran-defends-serena-williams-catsuit,Former Pres Of Iran Defends Serena Williams' Catsuit! ▼
gossipcop-1954191714,www.dailymail.co.uk/tvshowbiz/article-5934589/Selena-Gomez-seen-mystery-man-exJustin-Bieber-engaged.html,Selena Gomez is seen with same mystery man from May
gossipcop-6098748582,www.telegraph.co.uk/news/2018/04/20/prince-charles-confirmed-successor-queen-next-head-commonwealth/,Prince Charles 'deeply touched' to be confirmed as Queen's Head of the Commonwealth successor
gossipcop-2205817813,www.essence.com/love-sex/beyonce-jay-z-saved-their-marriage-lyrics-album-everything-is-love/,This Is Real Life! Beyoncé and Jay-Z Reveal How They Did The Work and Saved Their Marriage On New Album
gossipcop-1580450694,www.eonline.com/videos/234988/rosie-huntington-whiteley-is-pregnant-in-mad-max,"Rosie Huntington-Whiteley Is Pregnant in ""Mad Max"""
gossipcop-8594997526,dailynewsonline.com/brad-pitt-and-an-unexpected-approach-to-jennifer-aniston.html,Brad Pitt and an unexpected approach to… Jennifer Aniston! – Daily News Online
gossipcop-1084487702,radaronline.com/exclusives/2017/12/angelina-jolie-brad-pitt-divorce-family-secrets/,Angelina Jolie’s Uncle Tells All On Family Secrets After Bitter Brad Pitt Divorce
gossipcop-7512135180,radaronline.com/photos/jennifer-aniston-worker-killed-bel-air-home-construction/,Jennifer’s Horror: Construction Worker Killed Just Feet From Aniston’s Mansion
gossipcop-9304614910,,Tom Cruise Shunning Spotlight  Living As Hermit With No Personal Life 
gossipcop-7525864502,www.hollywoodreporter.com/news/american-pie-reunion-salaries-242160,Who Got Paid What for the 'American Pie' Reunion
gossipcop-1442274618,www.billboard.com/articles/columns/pop/7647997/ed-sheeran-love-yourself-justin-bieber-divide-interview,Ed Sheeran Reveals 'Love Yourself' Was Originally Written For His New Album 'Divide'
gossipcop-9981512950,www.usmagazine.com/celebrity-news/news/will-bindi-irwin-get-married-to-boyfriend-chandler-powell/,Will Bindi Irwin Get Married to Boyfriend Chandler Powell?
gossipcop-8372145117,www.mirror.co.uk/3am/celebrity-news/meghan-markles-nephew-reveals-heartache-11386023,Meghan Markle's nephew reveals heartache at the family rift that tore them apart
gossipcop-1299878401,www.pizza.leapdigital.net/mln03a3/lzvxjnc.php?pniwotmyk=leonardo-dicaprio-oscars-2018,Hacked By Rauxey
gossipcop-4701516938,celebrityinsider.org/heres-why-kendall-jenner-is-not-planning-on-becoming-a-mom-like-her-sisters-anytime-soon-98481/,Here’s Why Kendall Jenner Is Not Planning On Becoming A Mom Like Her Sisters Anytime Soon
gossipcop-7890297085,people.com/movies/jennifer-aniston-and-justin-theroux-split-after-two-years-of-marriage/,Jennifer Aniston and Justin Theroux Split 'Lovingly' After Two Years of Marriage
gossipcop-9320114358,www.usmagazine.com/page/2111/?KSID=607a3bab270a0339e615a3b4eb41480b&p=0,Page 2111 – Us Weekly
gossipcop-2254004589,www.huffingtonpost.com/topic/kris-jenner,Kris Jenner
gossipcop-5005633749,www.businessinsider.com/kim-kardashian-not-attending-paris-fashion-week-2017-9,Kim Kardashian will not be attending Paris Fashion Week this year
gossipcop-4313375432,www.townandcountrymag.com/society/tradition/a19674665/kate-middleton-post-birth-appearance-differences-comparison/,How Kate Middleton’s First Appearance With Royal Baby No. 3 Compares to George and Charlotte’s Debuts
gossipcop-7141227243,www.vanityfair.com/hollywood/2017/06/oj-simpson-keeping-up-with-the-kardashians,O.J. Simpson Reportedly Keeps Up with the Kardashians in Prison
gossipcop-8303168859,www.imdb.com/news/ni61462712,"Nick Viall, Vanessa Grimaldi Not Doing Spinoff Show, Despite Report"
gossipcop-6254693630,www.thehollywoodgossip.com/2017/06/mehgan-james-busted-lying-about-rob-kardashian-relationship/,Mehgan James: BUSTED Lying About Rob Kardashian Relationship!
gossipcop-9417952410,hollywoodlife.com/2017/06/14/blake-shelton-miranda-lambert-cmt-awards-performance-2017-split/,Blake Shelton’s CMT Awards Performance: Why Miranda Lambert Was ‘Touched’
gossipcop-8606143021,ew.com/news/2017/04/29/climate-march-marchers-al-gore-celebs/,"Climate March draws marchers, Al Gore, and support from celebs"
gossipcop-5682477415,www.thehollywoodgossip.com/2018/01/jennifer-aniston-and-justin-theroux-headed-for-divorce-because-o/,Jennifer Aniston & Justin Theroux: Headed For Divorce Because of Brad Pitt?!
gossipcop-1264231750,www.imdb.com/news/ni61360002,"Louis Tomlinson Talks To Andy Cohen About Zayn Malik, Donald Trump – Listen To Interview!"
gossipcop-3503173508,hollywoodlife.com/2018/01/22/jennifer-lopez-drake-name-checking-diplomatic-immunity/,Jennifer Lopez: It’s ‘Hilarious’ That Drake Is Name-Checking Her In New Song — It’s ‘Cute In A Way’
gossipcop-922696589,www.billboard.com/articles/columns/pop/7717050/alicia-keys-gwen-stefani-relationship-blake-shelton-the-voice-today-show-interview-video,Alicia Keys Says She Loves Gwen Stefani More Than Blake Shelton Does: Watch
gossipcop-8159726226,www.imdb.com/news/ni61555569,"Justin Timberlake, Jessica Biel Not Getting “$300 Million Divorce,” Despite Tabloid Cover Story"
gossipcop-1999241035,www.pressreader.com/australia/womans-day-australia/20180702/281672550686268,Connecting People Through News
gossipcop-8846117589,www.flickr.com/photos/155259285@N04/36578480166/,"Ellen Degeneres:Ellen degeneres not warning justin bieber to get help, despite report"
gossipcop-977237554,www.newidea.com.au/jennifer-aniston-and-brad-pitt-busted-in-aspen,Brad Pitt and Jennifer Aniston 'busted' over Aspen reunion
gossipcop-5374900442,people.com/tv/kourtney-kardashian-warns-scott-disick-younes-bendjima/,Kourtney Kardashian Warns Scott Disick Not to 'Disrespect' Ex Younes Bendjima
gossipcop-2804158259,www.popileriz.org/watch/jennifer-aniston-justin-theroux-had-explosive-showdown-over-brad-pitt/JiDc0YoijQ0,Jennifer Aniston Justin Theroux Explosive Showdown Brad Pitt
gossipcop-3138987908,www.lifeandstylemag.com/posts/priscilla-presley-plastic-surgery-103194,Fans Are at a Loss for Words Over Priscilla Presley's Youthful Appearance
gossipcop-2394847363,www.glamour.com/gallery/photos-paris-hilton-kim-kardashian-friends,TBT: See Photos of Paris Hilton and Kim Kardashian When They Were Friends
gossipcop-3780295352,www.instagram.com/jelenanetwork/?hl=en,Selena Gomez & Justin Bieber (@jelenanetwork) • Instagram photos and videos
gossipcop-9164697123,www.celebdirtylaundry.com/2017/chelsea-handler-parties-with-jennifer-garner-after-getting-dumped-by-jennifer-aniston-ben-affleck-worried/,Chelsea Handler Parties With Jennifer Garner After Getting Dumped By Jennifer Aniston – Ben Affleck Worried?
gossipcop-9239840629,www.thesun.co.uk/tvandshowbiz/5597346/justin-theroux-cuddling-naomi-watts-upset-jennifer-aniston/,This picture of Justin Theroux cuddling up to ‘close friend’ Naomi Watts ‘upset’ wife Jennifer Aniston
gossipcop-6535964027,www.thehollywoodgossip.com/2018/04/meghan-markle-is-a-total-bridezilla-report/,Meghan Markle is a Total Bridezilla: Report
gossipcop-9305277981,www.wonderwall.com/celebrity/photos/pippa-middleton-refuses-to-invite-meghan-markle-to-wedding-1952263.article,Pippa Middleton Refuses To Invite Meghan Markle To Wedding?
gossipcop-6198474285,people.com/politics/celebrities-slam-donald-trump-for-criticizing-san-juan-mayor/,Celebrities Slam Donald Trump for Criticizing San Juan Mayor as She Pleads for Help for Her People
gossipcop-2262275023,www.billboard.com/articles/news/lyrics/8265891/lil-dicky-freaky-friday-lyrics-chris-brown,"Here Are the Lyrics to Lil Dicky's 'Freaky Friday,' Feat. Chris Brown"
gossipcop-3392513826,www.marieclaire.com.au/brad-pitt-princess-charlotte-casiraghi,Brad Pitt Responds To Rumours He’s Dating Princess Charlotte Of Monaco
gossipcop-7175308721,www.latimes.com/business/hollywood/la-fi-ct-gma-strahan-haines-20180723-story.html,Michael Strahan and Sara Haines will co-host a new midday hour of ABC's 'Good Morning America'
gossipcop-9257888115,www.yourtango.com/2018314762/who-is-angelina-jolies-boyfriend-details-new-details-on-the-mystery-man-shes-been-spotted-with,Who Is Angelina Jolie's Boyfriend? New Details On The New Mystery Man She's Been Spotted With
gossipcop-3501777404,www.intouchweekly.com/posts/kim-kardashian-kanye-west-divorce-121098/photos/kim-kardashian-kanye-west-13-218348,Kim Kardashian and Kanye West to Divorce: “Paranoia Has Taken Over [Kanye’s] Life” (EXCLUSIVE)
gossipcop-6050854656,timesofindia.indiatimes.com/life-style/events/happy-new-year-2018-wishes-quotes-whatsapp-status-greetings-and-messages/articleshow/62295336.cms,"Happy New Year 2018: Wishes, Greetings, Whatsapp Status, Messages & Quotes"
gossipcop-8177799668,metro.co.uk/2018/05/17/justin-theroux-selena-gomez-falling-jen-aniston-split-takes-new-turn-7552963/,Justin Theroux and Selena Gomez ‘falling for each other’ post-Jen Aniston split
gossipcop-5094734755,www.usatoday.com/story/news/politics/onpolitics/2017/08/13/charlottesville-ivanka-trump-condemns-white-supremacy/562903001/,Ivanka Trump issues direct condemnation of 'white supremacy and neo-nazis'
gossipcop-8593120285,,Alex Rodriguez Wants Jennifer Lopez To Hang Out Less With Leah Remini 
gossipcop-5580023606,people.com/movies/everything-we-know-about-jennifer-aniston-justin-therouxs-divorce/,Everything We Know About Jennifer Aniston and Justin Theroux's Split
gossipcop-5033071666,www.eonline.com/news/934385/why-katy-perry-is-relieved-taylor-swift-accepted-her-olive-branch,"Why Katy Perry Is ""Relieved"" Taylor Swift Accepted Her Olive Branch"
gossipcop-481844406,www.mirror.co.uk/3am/celebrity-news/weird-marriage-rules-tom-cruise-11126495,Weird marriage rules Tom Cruise imposed on Katie Holmes: 'Silence during labour' and 'no public dating' after their split
gossipcop-1279320212,www.yourtango.com/2018315491/are-sarah-hyland-and-wells-adam-engaged-new-rumors-theyre-planning-a-wedding,Are Sarah Hyland And Wells Adams Engaged? New Details On The Rumors They're Planning A Wedding
gossipcop-3780210928,www.mirror.co.uk/3am/celebrity-news/kylie-jenner-says-everyone-jealous-12232494,Kylie Jenner sneers that 'everyone is jealous' of her post baby body after being slammed for promoting 'dangerous' waist trainers
gossipcop-228740691,www.newyorker.com/culture/culture-desk/matt-lauers-firing-and-nbcs-theatre-of-accountability,Matt Lauer’s Firing and NBC’s Theatre of Accountability
gossipcop-7152735703,www.thesun.co.uk/tvandshowbiz/2466587/cheryl-liam-payne-son-bear-split/,When was Cheryl and Liam Payne’s son Bear born and what does his name mean?
gossipcop-255832279,people.com/tv/kim-shares-throwback-photo-of-kris-and-caitlyn-after-family-drama-sending-fans-into-overdrive/,"Kim Shares Throwback Photo of Kris and Caitlyn After Family Drama, Sending Fans into Overdrive"
gossipcop-8165873356,www.bustle.com/p/are-gwen-stefani-blake-shelton-engaged-in-2017-the-couple-has-been-going-strong-for-years-7531161,Are Gwen Stefani & Blake Shelton Engaged In 2017? The Couple Has Been Going Strong For Years
gossipcop-4544043450,celebrityinsider.org/angelina-jolie-is-getting-ready-for-expensive-halloween-party-and-brad-pitt-will-be-there-80383/,Angelina Jolie Is Getting Ready For Expensive Halloween Party And Brad Pitt Will Be There
gossipcop-9111749094,popculture.com/celebrity-moms/2018/06/03/rumor-kim-kardashian-wanting-triplets-kanye-west-debunked/,Rumor About Kim Kardashian Wanting Triplets With Kanye West Debunked
gossipcop-4683979133,radaronline.com/videos/thomas-markle-regrets-interview-meghan-harry-wedding/,"Emotional Thomas Markle Says Meghan Is A ‘Prize’ For Harry, Talks Regrets In First Interview"
gossipcop-7134675583,www.etonline.com/media/videos/ellen-degeneres-and-portia-de-rossi-rock-coordinating-outfits-to-justin-timberlakes,Ellen DeGeneres and Portia De Rossi Rock Coordinating Outfits to Justin Timberlake's Concert
gossipcop-1639098685,hollywoodlife.com/2018/06/14/is-caitlyn-jenner-adopting-baby-rumored-girlfriend-sophia-hutchins/,"Is Caitlyn Jenner, 68, Planning To Adopt? Reportedly Wants To Have A Baby With Rumored GF, 21"
gossipcop-5905501632,,Jennifer Lopez Snubbed Vanessa Hudgens On ‘ Second Act ’ Set 
gossipcop-1212049133,www.express.co.uk/celebrity-news/969267/Victoria-Beckham-David-Instagram-Spice-Girls-age-Royal-Wedding-news-latest-pictures,Victoria Beckham pokes fun at husband David's popularity after Royal Wedding backlash
gossipcop-9582227714,www.hindustantimes.com/hollywood/brad-pitt-can-now-visit-kids-without-angelina-jolie-s-permission-is-happiest-he-s-been-in-weeks/story-a2fLsY9Z2BKpOGjpX9MogO.html,"Brad Pitt can now visit kids without Angelina Jolie’s permission, is happiest he’s been in weeks"
gossipcop-2576522647,www.fame10.com/entertainment/7-things-you-didnt-know-about-ashlee-simpson-and-evan-ross-relationship/,7 Things You Didn’t Know About Ashlee Simpson And Evan Ross’ Relationship
gossipcop-1725178626,www.dailystar.co.uk/showbiz/583986/britney-spears-plastic-surgery-nose-job-lip-fillers-botox-face-lift,Britney Spears dissected by plastic surgeon – has she overhauled her entire face?
gossipcop-6908325566,,Nicole Kidman  Keith Urban Getting  413 Million Divorce 
gossipcop-4437948086,people.com/tv/teresa-joe-giudice-birthdays-apart/,Teresa Giudice & Husband Joe Spend Their Birthdays Apart as Source Says He Lost 45 Lbs. in Prison
gossipcop-6765565755,hollywoodlife.com/2017/08/08/drake-chris-brown-comment-rihanna-crop-over-festival-pic/,Drake Thinks Chris Brown’s ‘Comment Creeping’ On Rihanna Is ‘Sad & Desperate’
gossipcop-5793035685,www.msn.com/en-za/entertainment/hollywood/was-rihanna-ever-pregnant-with-chris-brown-or-drake%E2%80%99s-baby/ar-AAxZEK7?li=BBr8RiI,Was Rihanna Ever Pregnant With Chris Brown Or Drake’s Baby?
gossipcop-341261813,people.com/health/katie-holmes-talks-training-the-doorman-workout-diet/,Katie Holmes Talks Getting in Shape for 'The Doorman'
gossipcop-7313994513,www.intouchweekly.com/posts/jennifer-aniston-and-brad-pitt-146995,Brad Pitt Thinks Leaving Jennifer Aniston For Angelina Jolie Was “One of the Biggest Mistakes of His Life” (EXCLUSIVE)
gossipcop-2565429819,www.inquisitr.com/4673859/brad-pitt-angelina-jolie-divorce-jolies-cancer-reportedly-scared-brad-pitt-led-to-their-split/,"Brad Pitt, Angelina Jolie Divorce — Jolie’s Cancer Scare Did Not Lead To Split [Debunked]"
gossipcop-49622870,www.telegraph.co.uk/news/2016/06/15/jennifer-aniston-pregnant-with-miracle-baby-aged-47-with-husband/,Jennifer Aniston's spokesman denies reports the 47-year-old actress expecting 'miracle baby'
gossipcop-4160950867,pagesix.com/2018/07/02/mila-kunis-addresses-upsetting-divorce-pregnancy-rumors/,"Mila Kunis addresses ‘upsetting’ divorce, pregnancy rumors"
gossipcop-3727700129,heightline.com/charlize-theron-dating-partner-net-worth/,"Who Is Charlize Theron Dating, Her Partner, Boyfriend And Net Worth"
gossipcop-2021849676,hollywoodlife.com/2018/08/01/carrie-underwood-expecting-twins-daughters-pregnant-mike-fisher/,"Carrie Underwood Expecting Twin Girls After Accident Left Her With Scarred Face, Claims New Report"
gossipcop-9444794721,www.sacbee.com/news/nation-world/world/article211173964.html,"A glimpse at the relationship of Meghan Markle, Kate Middleton, Prince Harry and Prince William before the British royal wedding"
gossipcop-8454984419,people.com/celebrity/nicole-kidman-keith-urban-secrets-to-a-successful-relationship,"Nicole Kidman, Keith Urban: Secrets to a Successful Relationship"
gossipcop-7065027208,,Shiloh JoliePitt Begging Angelina Jolie For Friends 
gossipcop-7849971925,www.foxnews.com/entertainment/2018/05/05/khloe-kardashian-and-tristan-thompson-are-fully-back-together-following-cheating-scandal-and-baby-report.html,Khloe Kardashian and Tristan Thompson are 'fully back together' following cheating scandal and baby: report
gossipcop-7604909597,www.elitedaily.com/p/are-selena-gomez-justin-bieber-friends-new-reports-say-theyre-hanging-out-2990086,Are Selena Gomez & Justin Bieber Friends? New Reports Say They’re Hanging Out
gossipcop-3564164651,marriedbiography.com/caitlyn-jenner-weird-sense-joy-days-says-cellulite-makes-feminine/,Caitlyn Jenner is having weird sense of joy these days! Says Cellulite makes her feel more feminine! – Married Biography
gossipcop-163343752,www.dailybreak.com/break/does-the-queen-favor-meghan-markle-over-kate-middleton,Dailybreak
gossipcop-7944047198,www.complex.com/music/2017/07/kim-kardashian-upset-over-jay-z-kanye-west-444-diss,Kim Kardashian Is Reportedly Upset That Jay Z Dissed Kanye West on '4:44'
gossipcop-4818195160,www.msn.com/en-us/entertainment/celebrity/debunking-the-weeks-tabloid-stories-april-20-2018/ss-AAw7hbw,"Debunking the week's tabloid stories: April 20, 2018"
gossipcop-1220474761,radaronline.com/photos/ben-affleck-brain-damage-crisis-motorcycle-accident/,Ben’s Medical Nightmare! Affleck Could Face Brain Damage After Scary Motorcycle Crash
gossipcop-7158572267,www.vanityfair.com/style/2018/07/prince-harry-meghan-markle-united-states-tour-report,Are Prince Harry and Meghan Markle Coming to the U.S.?
gossipcop-8734494756,www.usmagazine.com/celebrity-news/news/will-bindi-irwin-get-married-to-boyfriend-chandler-powell/,Will Bindi Irwin Get Married to Boyfriend Chandler Powell?
gossipcop-8373962867,en.wikipedia.org/wiki/Keeping_Up_with_the_Kardashians,Keeping Up with the Kardashians
gossipcop-6208362223,,Thompson Pissed Lamar Odom
gossipcop-6927243499,abc7.com/archive/8730494/,"Tom Cruise &#38; Katie Holmes divorce: Suri to live with mom, report says"
gossipcop-8017572914,www.ajc.com/sports/fans-react-tiger-woods-arrested-for-dui/Bl8TDW5KLpjQwpgid7YXIL/,Fans react:Tiger Woods’ arrested for DUI
gossipcop-5787050391,www.inquisitr.com/3927558/caitlyn-jenner-pushing-kanye-west-for-presidency-campaign-amid-kardashian-backlash-over-trump-support/,Caitlyn Jenner Pushing Kanye West For Presidency Campaign Amid Kardashian Backlash Over Trump Support
gossipcop-5607283395,www.pinterest.ca/pin/360710251377424162/,Pin by 2Pac 4Life on MediaTakeout
gossipcop-5886617783,www.biography.com/people/groups/anne-heche-and-ellen-degeneres,Anne Heche and Ellen DeGeneres
gossipcop-2880320914,www.dailymail.co.uk/tvshowbiz/article-4740636/Rihanna-feels-sexy-confident-new-curves.html,Rihanna 'feels sexy and more confident with new curves'
gossipcop-7441479148,,Jennifer Aniston Leaning On Vince Vaughn Amid Divorce 
gossipcop-5774819182,people.com/music/britney-spears-terrified-fan-crashes-stage-gun/,Britney Spears Appears Terrified as Man Crashes Stage During Vegas Residency: 'He's Got a Gun?'
gossipcop-2530086995,www.huffingtonpost.com/entry/nicole-kidman-marriages-to-tom-cruise-and-keith-urban_us_57ee841ce4b0c2407cdd805d,Nicole Kidman Reflects On 11-Year Marriage To Tom Cruise
gossipcop-7123899027,www.eonline.com/news/865997/paris-jackson-and-90210-star-trevor-donovan-are-just-friends-despite-showing-pda,Paris Jackson and 90210 Star Trevor Donovan Are ''Just Friends'' Despite Showing PDA
gossipcop-6174186742,github.com/hrldcpr/buzzfeed/blob/master/titles_two.txt,two.txt at master · hrldcpr/buzzfeed · GitHub
gossipcop-7506044975,www.pinterest.co.uk/pin/814447913835382698/,"George Clooney’s Twins Drenched His $5,000 Tuxedo In Milk"
gossipcop-8643039583,hollywoodlife.com/2017/03/30/liam-payne-why-baby-name-secret-cheryl-son-privacy/,Liam Payne & Cheryl ‘Relishing’ Every Private Minute With Son: Why They’re Keeping Name Secret
gossipcop-2824975232,hollywoodlife.com/2018/01/03/justin-bieber-selena-gomez-on-a-break-fighting/,Do Justin Bieber & Selena Gomez Need A Break After Explosive Post-Vacation Fight?
gossipcop-6246680213,www.hellomagazine.com/celebrities/2017051739026/Miley-Cyrus-regrets-Wrecking-Ball-video/,Miley Cyrus regrets Wrecking Ball video
gossipcop-4974227520,www.christianpost.com/news/kaley-cuoco-pregnant-big-bang-actress-and-husband-purchase-home-126604/,Kaley Cuoco Pregnant? 'Big Bang Theory' Actress and Husband Buy New Home
gossipcop-8914244598,www.soundslikenashville.com/news/blake-shelton-inspires-gwen-stefani-sexy/,Blake Shelton Inspires Gwen Stefani to Feel Sexy
gossipcop-5931400853,rumors.trendolizer.com/2017/11/meghan-markle-prince-harry-made-soul-pact-promising-to-love-each-other-for-all-eternity.html,"Meghan Markle, Prince Harry Made &quot;Soul Pact&quot; Promising To Love Each Other For &quot;All Eternity&quot;?"
gossipcop-1369150512,hollywoodlife.com/2017/11/01/kylie-jenner-travis-scott-world-series-bet-body-massage/,Kylie Jenner & Travis Scott: Their Sexy World Series Bet Revealed
gossipcop-5962488425,latestgossipsite.125sites.com/mila-kunis-blasts-perez-hilton-for-internet-trolling-celebrity-reporting-crumbling/,"» Mila Kunis Blasts Perez Hilton For Internet ‘Trolling,’ Celebrity Reporting ‘Crumbling’Gossip Site"
gossipcop-9492612180,people.com/parents/pregnant-beyonce-rep-denies-lip-injections/,Beyoncé's Rep Shuts Down Claim the Mom-to-Be Had Lip Injections While Pregnant: 'You Are the Saddest Individuals'
gossipcop-9905067341,www.gobankingrates.com/net-worth/celebrities/kanye-west-net-worth/,Kanye West Net Worth: Is Mr. West Almost a Billionaire?
gossipcop-3824818320,www.iheart.com/content/2017-09-25-celebrities-react-nfl-players-kneel-lock-arms-during-national-anthem/,"Celebrities React: NFL Players Kneel, Lock Arms During National Anthem"
gossipcop-9896660804,www.inquisitr.com/4913434/khloe-kardashian-didnt-get-banned-from-cleveland-cavaliers-games-debunked/,Khloe Kardashian Didn’t Get Banned From Cleveland Cavaliers Games [DeBunked]
gossipcop-8450631162,observer.com/2018/07/scott-disick-sofia-richie-relationship-moving-in-together/,Scott Disick and Sofia Richie Reached Another Relationship Milestone
gossipcop-8451664003,www.imdb.com/title/tt2527336/,Star Wars: Episode VIII
gossipcop-349841818,www.wonderwall.com/celebrity/julia-roberts-not-forcing-danny-moder-to-follow-detox-diet-despite-report-3012753.article,"Julia Roberts NOT Forcing Danny Moder To Follow Detox Diet, Despite Report"
gossipcop-2908447234,hollywoodlife.com/2017/04/03/blake-shelton-upset-miranda-lambert-songs-sing-about-him/,Blake Shelton: He’s Terrified Miranda Lambert Will Always Be ‘Singing About Him’
gossipcop-2262598168,www.kinggossip.com/gossip-rumors/celebrities-tweet-love-prayers-to-florida-amid-hurricane-irma-gossip-cop/,"Celebrities Tweet Love, Prayers To Florida Amid Hurricane Irma – Gossip Cop"
gossipcop-8268246790,hollywoodlife.com/2018/08/08/kourtney-kardashian-pregnant-fourth-baby-younes-bendjima-dad-breakup/,Kourtney Kardashian Reportedly Pregnant With Baby #4 — Is Ex-BF Younes Bendjima The Dad?
gossipcop-7474271525,radaronline.com/videos/kourtney-kardashian-justin-bieber-living-together/,Kourtney Kardashian & Justin Bieber Playing House As Scott Disick Spirals
gossipcop-2388079029,hollywoodlife.com/2017/12/16/matt-damon-alyssa-milano-criticism-twitter-sexual-misconduct/,Matt Damon Taking Alyssa Milano’s Criticism To Heart — Doesn’t Condone Sexual Misconduct
gossipcop-2587855270,en.wikipedia.org/wiki/Angelina_Jolie,Angelina Jolie
gossipcop-3778826762,www.billboard.com/articles/columns/hip-hop/8460233/kanye-west-all-smiles-battles-kardashians-family-feud,Kanye West is All Smiles as He Battles Kardashians on 'Family Feud'
gossipcop-8923507774,hollywoodlife.com/2017/06/15/the-weeknd-selena-gomez-paris-birthday-surprise/,The Weeknd’s Romantic Paris Plans For Selena Gomez’s Birthday Revealed
gossipcop-677536384,www.imdb.com/news/ni61473983,"Kanye West Not Rejected From ‘American Idol’ Reboot, Despite Report"
gossipcop-8779895915,www.usmagazine.com/celebrity-news/news/o-j-simpson-im-not-khloe-kardashians-dad/,O.J. Simpson: I’m Not Khloe Kardashian’s Dad
gossipcop-6407649580,www.thesun.co.uk/tvandshowbiz/5735247/miley-cyrus-liam-hemsworth-married-engaged-split/,"Are Miley Cyrus and Liam Hemsworth married, when did they get engaged and what are their wedding plans?"
gossipcop-4250351299,www.dailymail.co.uk/tvshowbiz/article-4480976/Paris-Jackson-favourite-play-Madonna-film-biopic.html,Paris Jackson is favourite to play Madonna in film biopic
gossipcop-6611476707,www.news.com.au/entertainment/tv/reality-tv/kris-jenner-dumps-toyboy-corey-gamble-reports/news-story/bbdff8d922cd1e356c7fd3414d47d1d8,"Kris Jenner, Corey Gamble split: Reality star ‘needed space’"
gossipcop-5976442423,metro.co.uk/2018/08/12/brad-pitt-and-angelina-jolie-at-each-others-throats-in-custody-battle-over-their-children-7830181/,Brad Pitt and Angelina Jolie ‘can’t agree on anything’ in custody row
gossipcop-7949740282,,Selena Gomez Did Get Dog To Help Heal After Kidney Transplant  Report
gossipcop-7552821021,www.brit.co/zayn-malik-admits-he-never-really-spoke-to-harry-styles-while-in-one-direction/,Zayn Malik Admits He “Never Really Spoke” to Harry Styles While in One Direction
gossipcop-6970833883,www.bustle.com/p/meghan-markle-was-really-at-pippa-middletons-wedding-reception-but-the-details-are-a-much-debated-mystery-9038753,"Meghan Markle Was Really At Pippa Middleton's Wedding Reception, But The Details Are A Much Debated Mystery"
gossipcop-8363534048,celebrityinsider.org/gwen-stefani-seeks-comfort-from-blake-shelton-as-her-las-vegas-show-reportedly-tanks-169243/,Gwen Stefani Seeks Comfort From Blake Shelton As Her Las Vegas Show Reportedly Tanks
gossipcop-2137646598,www.journalpost.com/entertainment/celeb/selena-and-justin-bieber-split-reason/,Real reason behind Justin Bieber and Selena Gomez’s breakup has finally been revealed
gossipcop-8744988389,www.albawaba.com/entertainment/did-lindsay-lohan-convert-to-islam%3F-1091090,Did Lindsay Lohan Convert to Islam?
gossipcop-9074676563,hollywoodlife.com/2017/10/06/jay-z-beyonce-raising-twins-harder-than-thought-marriage-relationship-trouble/,Beyonce & JAY-Z Had No Idea Raising Twins Would Be So Tough: Is It Hurting Their Relationship?
gossipcop-921963353,www.foxnews.com/entertainment/2017/09/20/judge-judy-gets-apology-for-false-national-enquirer-alzheimer-story.html,Judge Judy gets apology for false National Enquirer Alzheimer story
gossipcop-7754577216,pagesix.com/2016/08/28/kanye-wests-ego-is-still-out-of-control/,Kanye West’s ego is still out of control
gossipcop-8557480927,radaronline.com/videos/jennifer-lopez-engaged-alex-rodriguez-strict-wedding-rules/,J. Lo’s Way Or The Highway! Diva Singer Puts Ultra-Strict Pre-Wedding Rules On A-Rod
gossipcop-9208827533,www.theguardian.com/film/2017/jun/10/rachel-weisz-my-parents-were-refugees-brexit-feels-like-a-death,Rachel Weisz: 'My parents were refugees. Brexit feels like a death'
gossipcop-8164038364,www.cardschat.com/news/ellens-game-gossip-site-paints-degeneres-as-ungrateful-poker-host-59267,Ellen's Game? Gossip Site Paints DeGeneres as Ungrateful Poker Host
gossipcop-4676077845,,Celebrity Reactions  Donald Trump Las Vegas Shooting Speech
gossipcop-8101257614,www.thehollywoodgossip.com/2018/02/justin-theroux-and-jennifer-aniston-all-you-need-to-know-about-t/,Justin Theroux and Jennifer Aniston: All You Need to Know About Their Split
gossipcop-7522847934,www.closerweekly.com/posts/julia-robert-danny-moder-divorce-156686,"Julia Roberts and Danny Moder's Marriage Is ""Hanging by a Thread"" — Will They Divorce?"
gossipcop-7128723496,,Nicki Minaj Embarrassed
gossipcop-8356295970,www.newidea.com.au/angelina-jolie-politics,Angelina Jolie quits Hollywood for politics
gossipcop-9199209919,discussion.femalefirst.co.uk/viewtopic.php?t=751342,Female First Forum
gossipcop-4370895065,people.com/royals/mom-of-3-who-suffered-same-morning-sickness-as-princess-kate-shares-her-survival-tips-its-miserable/,Mom of 3 Who Suffered Same Morning Sickness as Princess Kate Shares Her Survival Tips: ‘It’s Miserable’
gossipcop-4512280469,www.intouchweekly.com/posts/neil-patrick-harris-david-burtka-marriage-150392,Neil Patrick Harris' Marriage to David Burtka Is Falling Apart (EXCLUSIVE)
gossipcop-1631688673,www.ibtimes.co.in/christian-bale-avoiding-sun-prepare-dracula-movie-712185,Christian Bale avoiding sun to prepare for Dracula movie?
gossipcop-8175330411,www.inquisitr.com/4127742/kylie-jenner-drake-to-date-after-tyga-split-kris-jenner-organizing-kuwtk-get-together/,"Kylie Jenner, Drake To Date After Tyga Split: Kris Jenner Organizing ‘KUWTK’ Get-Together?"
gossipcop-6488165260,www.foxnews.com/entertainment/2018/04/30/miranda-lambert-and-blake-had-affair-her-ex-claims.html,"Miranda Lambert and Blake Shelton had an affair, her ex claims"
gossipcop-5544659837,fashionmagazine.com/culture/selena-gomez-justin-bieber-relationship/,A Complete Timeline of Selena Gomez and Justin Bieber's Relationship
gossipcop-2502492072,hollywoodlife.com/2018/01/24/kylie-jenner-crying-delivery-room-drama-cant-sleep/,Kylie Jenner: Why She’s Crying Herself To Sleep Over Delivery Room Drama
gossipcop-4195278948,hollywoodlife.com/2017/11/24/levi-meaden-ariel-winter-getting-married-engaged-christmas-proposal/,Ariel Winter Getting Engaged? She’s Hoping For A Christmas Proposal From BF Levi Meaden
gossipcop-6956686994,www.aol.com/article/entertainment/2018/07/18/meghan-markle-reportedly-finds-certain-royal-rules-frustrating-to-understand/23484989/,Meghan Markle reportedly finds certain royal rules 'frustrating' to understand
gossipcop-6584026587,www.vanityfair.com/hollywood/2018/06/george-clooney-afi,Exclusive: Here’s What It Was Like Backstage at George Clooney’s A.F.I. Tribute
gossipcop-8201861970,hollywoodlife.com/2018/05/09/are-katie-holmes-jamie-foxx-getting-married-secret-wedding/,Katie Holmes & Jamie Foxx Reportedly Getting Married After Years Of Secretly Dating
gossipcop-5101516086,www.thesun.co.uk/tvandshowbiz/7107700/victoria-beckham-reality-tv-show-fashion/,Victoria Beckham ‘in talks’ to star in her own reality TV show behind-the-scenes of fashion empire
gossipcop-3297692322,hollywoodlife.com/2018/05/11/scott-disick-wants-kids-sofia-richie-baby-family/,Scott Disick Has ‘Baby Fever’ & Wants To Start A Family With Sofia Richie
gossipcop-4220353298,hollywoodlife.com/2017/03/20/gwen-stefani-blake-shelton-adopting-little-girl-baby/,Gwen Stefani & Blake Shelton Adopting? She Reportedly Wants Kid Before End Of Year
gossipcop-1146379778,www.billboard.com/articles/columns/pop/8464893/justin-bieber-dating-history-timeline,A Timeline of Justin Bieber's Dating History
gossipcop-8086137462,people.com/home/jennifer-lopez-and-alex-rodriguez-flaunt-sweet-romance-and-matching-outfits-on-italy-vacation/,"Jennifer Lopez, Alex Rodriguez's Italy Vacation Photos"
gossipcop-8969378695,toofab.com/2018/05/14/lifetime-harry-and-meghan-a-royal-romance-made-us-cringe/,19 Times Lifetime's 'Harry & Meghan: A Royal Romance' Made Us Cringe
gossipcop-5181890716,www.intouchweekly.com/posts/jamie-foxx-texting-ex-154934,Jamie Foxx's Secret Texts With His Ex Are Threatening His Relationship With Katie Holmes (EXCLUSIVE)
gossipcop-7483873270,www.intouchweekly.com/posts/gwen-stefani-miranda-lambert-acm-speech-blake-shelton-129230/photos/blake-shelton-miranda-lambert-cute-8-104911,Miranda Lambert's ACMs Speech Annoyed Gwen Stefani (REPORT)
gossipcop-2629780527,www.dailystar.co.uk/showbiz/goss/672562/Rita-Ora-For-You-Fifty-Shades-Freed-Liam-Payne-Justin-Bieber,Rita Ora nearly teamed up with Justin Bieber instead of Liam Payne for latest hit
gossipcop-6510348219,,Claire Foy Freaked Out Adam Sandler Touching Knee Graham Norton Graham Norton
gossipcop-9789696386,www.instagram.com/p/BdfNCwunJgs/,"Vlogmail on Instagram: “Gossip Cop Busted 3,136 Stories In 2017, HollywoodLife Was Worst Offender #celebritynews #celebrityrumors, #fakenews, #gossip, #gossipcop,…”"
gossipcop-5305391950,www.imdb.com/news/ni61478058,"Olivia Munn, Trevor Noah Not Dating, Despite Speculation"
gossipcop-2316846257,en.wikipedia.org/wiki/Heidi_Klum,Heidi Klum
gossipcop-9347053063,www.mercurynews.com/2018/08/23/angelina-jolie-agrees-to-temporary-truce-as-brad-pitt-divorce-war-makes-her-unpopular-in-hollywood/,Angelina Jolie agrees to temporary truce as Brad Pitt divorce war makes her ‘unpopular in Hollywood’
gossipcop-3524515284,www.contactmusic.com/gwyneth-paltrow/7,Gwyneth Paltrow Page 7
gossipcop-742904634,www.closerweekly.com/posts/prince-harry-girlfriend-meghan-markle-toronto-136191/photos/prince-harry-meghan-markle-240132,Prince Harry Is House Hunting in Toronto to Live Close to Girlfriend Meghan Markle!
gossipcop-7154697152,wtvr.com/2017/09/07/heather-heyers-mom-susan-bro-on-ellen-degeneres-show/,Heather Heyer’s mom reveals powerful takeaway from Charlottesville tragedy
gossipcop-6111365103,radaronline.com/exclusives/2018/08/brad-pitt-dismisses-angelina-jolie-claim-she-is-hurting-for-money/,Brad Pitt Scoffs At Angelina Jolie’s Claim She Is Hurting For Money
gossipcop-5922300529,www.tmz.com/2017/06/15/karrueche-tran-testifies-court-chris-brown-restraining-order/,Karrueche Tran Granted Five Year Restraining Order Against Chris Brown
gossipcop-5797352043,en.wikipedia.org/wiki/Sofia_Richie,Sofia Richie
gossipcop-7340388591,www.ibtimes.co.uk/tom-cruise-hasnt-seen-his-daughter-four-years-ex-wife-katie-holmes-upset-1639320,Tom Cruise 'hasn't seen his daughter in four years' – Is ex-wife Katie Holmes upset?
gossipcop-5335953036,,  Robert Pattinson  Actors Who Play Heroes Hide Gross Stuff Gross Stuff In Real Life
gossipcop-3207353525,ew.com/movies/2017/01/27/john-hurt-dead-celebrities-react/,Celebrities react to John Hurt's death
gossipcop-6375307541,counterculturemom.com/beyonce-says-shes-demon-possessed-i-agree/,Beyonce Says She’s Demon Possessed. I Agree.
gossipcop-1949850843,www.etonline.com/news/195783_sofia_richie_11_things_you_need_to_know_about_the_model_rumored_to_be_dating_justin_bieber,"11 Things You Didn't Know About Sofia Richie, Justin Bieber's New Girl"
gossipcop-7050497431,,Kylie Jenner Backup Plan Travis Scott Absence
gossipcop-6926260327,okmagazine.com/photos/kourtney-kardashian-younes-bendjima-married/,Did Kourtney Kardashian And Younes Bendjima Just Get Married In Rome?
gossipcop-1495995782,www.independent.co.uk/news/people/dame-judi-dench-battles-failing-eyesight-but-says-stop-telling-me-to-retire-9856849.html,Dame Judi Dench battles failing eyesight but says 'stop telling me to retire'
gossipcop-8933967802,www.amny.com/entertainment/celebrities/prodigy-dead-celebrities-react-to-mobb-deep-rapper-s-passing-1.13750759,Prodigy dead; Celebrities react to Mobb Deep rapper's passing
gossipcop-13736481,www.cheatsheet.com/health-fitness/how-kylie-jenner-lost-weight-post-pregnancy.html/,"Kylie Jenner Has Lost a Startling Amount of Weight Post-Pregnancy, and Here’s How"
gossipcop-5706082535,hollywoodlife.com/2017/12/04/selena-gomez-sad-justin-bieber-alone-time-video/,Selena Gomez Admits To Wanting ‘Alone Time’: Is She Having Issues With Justin Bieber?
gossipcop-2224998256,www.standard.co.uk/showbiz/celebrity-news/glowing-rihanna-stokes-pregnancy-rumours-at-grammy-awards-after-party-a3752261.html,Rihanna stokes pregnancy rumours at Grammys 2018 after party
gossipcop-452097363,metro.co.uk/2018/08/22/nicole-kidman-is-unrecognisable-as-she-undergoes-gritty-makeover-for-destroyer-7869333/,Nicole Kidman is unrecognisable as she undergoes gritty makeover for Destroyer
gossipcop-9420187484,www.break.com/article/is-there-a-britney-spears-sex-tape-2752733,Is there a Britney Spears Sex Tape?
gossipcop-9943809806,www.nationalenquirer.com/celebrity/miley-cyrus-liam-hemsworth-breakup/,Liam Hemsworth To Miley Cyrus: Ditch Drugs — Or We’re Done
gossipcop-3847431006,www.elle.com/culture/celebrities/a12211968/lady-gaga-reveals-heartbreaking-reason-she-split-from-taylor-kinney/,Lady Gaga Reveals Heartbreaking Reason She Split from Taylor Kinney
gossipcop-3503815402,www.etonline.com/scott-disick-hires-fake-artist-to-prank-kris-jenner-as-revenge-for-art-shaming-khloe-kardashian,Scott Disick Hires Fake Artist to Prank Kris Jenner as Revenge for 'Art Shaming' Khloe Kardashian
gossipcop-5240781827,www.thecut.com/2018/06/david-victoria-beckham-divorce.html,Are David Beckham & Victoria Beckham Getting a Divorce?
gossipcop-1216245722,hollywoodlife.com/2017/12/23/scott-disick-sofia-richie-sex-life-absolute-dynamite-details/,Scott Disick Boasts That Sex Life With Sofia Richie Is ‘Absolute Dynamite’
gossipcop-2907511686,www.indiatoday.in/movies/hollywood/story/angelina-jolie-plastic-surgery-sahar-tabar-fraud-1102162-2017-12-07,'Zombie' lookalike of Angelina Jolie admits she lied about plastic surgery to amuse herself
gossipcop-269486470,www.cheatsheet.com/health-fitness/meghan-markles-bucket-list-reveals-royals-surprising-to-dos.html/,Meghan Markle’s Bucket List Reveals the Royal’s Surprising To-Dos
gossipcop-5835983458,www.rollingstone.com/culture/culture-news/the-avril-lavigne-death-hoax-that-wont-die-117706/,The Avril Lavigne Death Hoax That Won’t Die
gossipcop-7440044702,sc.wordpress.com/tag/despite-report/,"Despite Report — Blogs, Pictures, and more on WordPress"
gossipcop-7794866642,www.mirror.co.uk/news/uk-news/meghan-markle-strict-royal-rules-12950443,Meghan Markle 'frustrated' by strict royal rules and is 'learning the hard way' about life inside the family
gossipcop-4574196191,hollywoodlife.com/2017/08/26/angelina-jolie-lonely-brad-pitt-back-together-divorce-begging/,Angelina Jolie Would Drop Divorce & Take Brad Pitt Back If He Begged For Another Chance
gossipcop-6182668676,,  Lady Gaga   Christian Carino NOT Talking Wedding Already Talking Wedding Already Despite Report
gossipcop-958341208,radaronline.com/exclusives/2017/10/dwts-vanessa-lachey-nick-eliminated-wardrobe-malfuction-planned/,‘DWTS’ Fakery: Vanessa Lachey ‘Staged’ Wardrobe Malfunction!
gossipcop-529091419,hollywoodlife.com/2018/03/14/sofia-richie-kourtney-kardashian-twin-look-alike-hot-scott-disick/,"Sofia Richie Hoping To Keep Scott Disick ‘Turned On’ By Emulating His Ex, Kourtney & It’s Working"
gossipcop-6250034139,www.theultsrc.org/jennifer-aniston-showing-off-revenge-body-for-brad-pitt-justin-theroux/,"Jennifer Aniston showing off “Revenge Body” for Brad Pitt, Justin Theroux"
gossipcop-316471145,variety.com/2018/film/news/sag-awards-winners-list-screen-actors-guild-2018-1202668627/,2018 SAG Awards Winners: Full List – Variety
gossipcop-8313617124,hollywoodlife.com/2018/01/04/caitlyn-jenner-disses-kylie-kendall-calls-them-burden/,Caitlyn Jenner Calls Daughters Kylie & Kendall A Burden: ‘I Spent 23 Years Carting Them Around’
gossipcop-2772986449,www.usatoday.com/story/life/entertainthis/2017/11/01/nyc-terror-attack-lin-manuel-miranda-mariah-carey-more-celebs-send-love-city/820496001/,NYC terror attack: Celebrities react on social media
gossipcop-2532233011,www.usmagazine.com/celebrity-news/news/kylie-jenner-receives-flowers-from-baby-daddy-travis-scott/,Kylie Jenner Receives Flowers From ‘Baby Daddy’ Travis Scott
gossipcop-6543495671,thestir.cafemom.com/celebrities/212968/kate-middleton-secret-parenting-account,Kate Middleton Reportedly Has a Secret Account on a Popular Parenting Website
gossipcop-1787135911,,Jennifer Aniston About Justin Theroux ’ s Sauna Addiction 
gossipcop-7288705564,www.msn.com/en-us/entertainment/celebrity/david-and-victoria-beckham-living-apart-whats-really-going-on/ar-BBIP3Lz,David and Victoria Beckham living apart? What's really going on
gossipcop-1344406228,www.vulture.com/2017/11/which-lines-on-taylor-swifts-album-diss-kanye-and-kim.html,The Songs on Taylor Swift’s Album That Definitely Diss Kanye and Kim
gossipcop-2853982179,www.cbsnews.com/news/kevin-hart-and-eniko-parrish-welcome-baby-boy/,Kevin Hart and Eniko Parrish welcome baby boy
gossipcop-8433421052,hollywoodlife.com/2017/12/28/kylie-jenner-travis-scott-las-vegas-new-years/,Kylie Jenner ‘Pleading’ With Travis Scott To Ditch Vegas & Spend New Year’s With Her
gossipcop-4727176849,www.intouchweekly.com/posts/blake-shelton-put-miranda-lambert-through-hell-162437,"Blake Shelton Put Miranda Lambert ""Through Hell"" — So She's Getting Her Revenge (EXCLUSIVE)"
gossipcop-7347215426,ohnotheydidnt.livejournal.com/106418170.html,Lionel Richie tracks Sofia Richie's phone
gossipcop-6015120299,okmagazine.com/photos/heather-morris-nancy-kerrigan-feud-on-dancing-with-the-stars/,Watch Out! Heather Morris & Nancy Kerrigan's 'DWTS' Feud Just Got A Whole Lot Nastier
gossipcop-9852328784,www.independent.co.uk/royalwedding/meghan-markle-age-net-worth-family-mother-parents-latest-news-royal-wedding-prince-harry-a8292356.html,"How old is Meghan Markle, what is her net worth, and who are her parents?"
gossipcop-212976411,www.independent.co.uk/life-style/meghan-markle-nephew-cannabis-royal-wedding-sparkle-tyler-dooley-prince-harry-a8357426.html,Meghan Markle's nephew sells new cannabis strain for the royal wedding
gossipcop-5395575299,www.yourtango.com/2018315344/is-kylie-jenner-pregnant-again-with-baby-two-new-details-shes-expecting-again-with-travis-scott,Is Kylie Jenner Pregnant Again With Baby #2? New Rumors She's Expecting Again With Travis Scott
gossipcop-431069813,www.rollingstone.com/music/music-news/taylor-swift-to-withhold-reputation-from-streaming-services-197389/,Taylor Swift to Withhold ‘Reputation’ From Streaming Services
gossipcop-5931255794,www.timeslive.co.za/tshisa-live/tshisa-live/2017-07-25-trevor-noah-shuts-down-fake-death-rumours-again/,Trevor Noah shuts down fake death rumours - again
gossipcop-1108936720,www.dailymail.co.uk/tvshowbiz/article-6101259/Kendall-Jenner-livid-Kris-refuses-invite-Caitlyn-annual-Christmas-Eve-party.html,Kendall Jenner is livid when Kris refuses to invite Caitlyn to the annual Christmas Eve party
gossipcop-9691037476,hollywoodlife.com/2017/06/01/nba-finals-predictions-2017-cavaliers-warriors-picks-who-will-win/,NBA Finals: Why LeBron & The Cavaliers Will Win The Title
gossipcop-1494735819,www.elitedaily.com/p/the-kardashians-reactions-to-khloe-kardashians-baby-girl-are-so-so-cute-8514459,"The Kardashians' Reactions To Khloe Kardashian's Baby Girl Are So, So Cute"
gossipcop-5148596968,www.dailymail.co.uk/tvshowbiz/article-2964016/Kim-Khloe-Kourtney-distancing-Bruce-Jenner-new-season-KUWTK.html,"Kim Kardashian, Khloe and Kourtney 'distancing themselves from Bruce Jenner'"
gossipcop-6424240423,hollywoodlife.com/2018/03/23/angelina-jolie-jealous-brad-pitt-jennifer-aniston-secret-meetings-relationship/,Jennifer Aniston & Brad Pitt Secret Rumored Meetings Driving Angelina Jolie Insane With Jealousy
gossipcop-9978137790,www.etonline.com/blake-shelton-calls-meeting-gwen-stefani-a-miracle-after-hitting-rock-bottom-104680,Blake Shelton Calls Meeting Gwen Stefani 'a Miracle' After 'Hitting Rock Bottom'
gossipcop-7379846746,,  Jamie Foxx Officially Dumped Officially Dumped Katie Holmes For Baby Mama 
gossipcop-8784192070,www.ok.co.uk/celebrity-news/1354154/rob-kardashian-tristan-thompson-cut-off-plea-sister-khloe-true-ditch-love-rat-mum-blac-chyna-cheat,Rob Kardashian wants Tristan Thompson 'cut off' from family
gossipcop-4528365096,www.usmagazine.com/celebrity-news/news/neri-oxman-steps-out-amid-news-of-brad-pitt-romance/,Neri Oxman Steps Out Amid News of Brad Pitt Romance
gossipcop-1230409750,www.justjared.com/2018/04/08/kim-kardashian-shows-off-her-bikini-body-while-on-vacation-in-turks-caicos/,Kim Kardashian Shows Off Her Bikini Body While on Vacation in Turks & Caicos!
gossipcop-5884179925,www.aol.com/article/news/2017/08/15/president-donald-trump-retweeted-a-cartoon-of-a-train-killing-acnn-reporter/23078025/,President Donald Trump retweeted a cartoon of a train killing a CNN reporter
gossipcop-5399761541,www.aceshowbiz.com/news/view/00109389.html,Avril Lavigne Is 'Mildly Amused' by Resurfaced Death Hoax
gossipcop-9222651201,ultimateclassicrock.com/bruce-springsteen-tribute-covers/,The Video History of Bruce Springsteen’s Tributes to Departed Friends and Influences
gossipcop-294856255,www.inquisitr.com/4822966/brad-pitt-vowed-to-stay-celibate-amid-angelina-jolie-divorce-is-not-true-reports-gossip-cop/,"Brad Pitt Vowing ‘To Stay Celibate’ Amid Angelina Jolie Divorce Is Not True, Reports ‘Gossip Cop’"
gossipcop-9041236345,www.newidea.com.au/angelina-jolie-politics,Angelina Jolie quits Hollywood for politics
gossipcop-609522805,celebrityinsider.org/inside-caitlyn-jenners-skin-cancer-nightmare-check-out-the-disturbing-pics-127615/,Inside Caitlyn Jenner’s Skin Cancer Nightmare – Check Out The Disturbing Pics!
gossipcop-9796099387,www.theejohndoe.com/,Katharine McPhee Jane Doe Jane Doe
gossipcop-7242428900,prepareforchange.net/2018/07/25/kendall-jenner-accuses-victorias-secret-of-being-illuminati-after-fashion-show-snub/,Kendall Jenner accuses Victoria’s Secret of being ‘illuminati’ after fashion show snub
gossipcop-1628848955,books.google.com/books?id=799BAQAAMAAJ&pg=PA225&lpg=PA225&dq=Moms+Hitting+On+Tom+Hardy+At+London+Playground+?&source=bl&ots=pvgS4YlVv8&sig=3czSlwNe4hFzPwq80e2HvY-zSuM&hl=en&sa=X&ved=2ahUKEwj8-pfmwZbdAhWkMXwKHZarA944ChDoATABegQICRAB,The Athenaeum
gossipcop-6326387769,www.usmagazine.com/celebrity-news/pictures/everything-will-smith-jada-pinkett-smith-have-said-about-marriage/,"Everything Will Smith, Jada Pinkett Smith Have Said About Marriage"
gossipcop-3156785282,www.thehollywoodgossip.com/2009/07/tabloid-kristen-stewart-pregnant-with-robert-pattinsons-baby/,Tabloid: Kristen Stewart Pregnant with Robert Pattinson's Baby
gossipcop-5742909832,www.cbsnews.com/news/gayle-king-addresses-oprah-2020-presidential-run-speculation/,"Gayle King thinks Oprah is ""intrigued"" by idea of a presidential run"
gossipcop-1587930811,hollywoodlife.com/2018/02/12/jamie-foxx-katie-holmes-baby-pregnant-want-to-start-family/,Are Katie Holmes & Jamie Foxx Expecting A Baby? New Report Claims They Want To Start A Family
gossipcop-9959276960,www.harpersbazaar.com/celebrity/latest/a20976513/emma-stone-dating-justin-theroux-rumors/,Emma Stone Is on Vacation with Justin Theroux in the South of France
gossipcop-3791398232,radaronline.com/photos/selena-gomez-weeknd-tour-nyc-career-on-hold-family-friends-worried-photos/,Groupie Selena! Gomez Ditches Career To Tour With The Weeknd
gossipcop-1112019542,bhcourier.com/wp-content/uploads/2016/09/091616Fissue.pdf,Paula Abdul Evicted From Penthouse Apartment  Fake
gossipcop-1783354953,www.thecut.com/2018/06/sofia-richie-scott-disick-dating-again.html,"Why Did Sofia Richie, 19, Take Scott Disick, 35, Back?"
gossipcop-6840563874,www.msn.com/en-us/music/celebrity/lady-gaga-did-not-have-pre-grammys-face-lift-despite-report/ar-BBIvfIB,"Lady Gaga Did NOT Have Pre-Grammys Face Lift, Despite Report"
gossipcop-6119851882,hollywoodlife.com/2018/01/18/kourtney-kardashian-kylie-jenner-bonding-over-pregnancy-baby-getting-close/,Kylie Jenner Bonding With Kourtney Kardashian While Pregnant: Why They’ve Become ‘Very Close’
gossipcop-2842957773,www.laineygossip.com/nina-dobrev-glen-powell-officially-together-julianne-houghs-wedding-checking-each-other-in-january/47411,Nina Dobrev and Glen Powell officially together at Julianne Hough's wedding after checking each other in January
gossipcop-9479384971,www.thesun.co.uk/fabulous/6125493/kate-middleton-prince-william-body-language-new-baby-boy/,"Self-protective, loving and intimate: What Kate and Wills’ body language with their new baby boy reveals"
gossipcop-3678761931,mashable.com/2017/02/13/solange-beyonce-frank-ocean-grammys/,Solange tweets serious shade at Grammys after Beyoncé snub
gossipcop-987677530,radaronline.com/exclusives/2017/08/kelly-ripa-ryan-seacrest-fight-live-move-new-york-city-los-angeles/,Morning Mayhem! Kelly ‘Ready To Walk’ After Ryan’s Big ‘Live’ Betrayal
gossipcop-4367523155,,Outlet Flip Flops On What Camilla Parker Bowles Thinks Of Meghan Markle
gossipcop-6974111719,www.instyle.com/news/blake-shelton-people-sexiest-man-alive-2017,Blake Shelton Is People’s Sexiest Man Alive for 2017
gossipcop-6178465486,hollywoodlife.com/2018/04/10/angelina-jolie-struggling-brad-pitt-dating-rumors-neri-oxman-relationship/,Angelina Jolie Emotional Over Brad Pitt Dating Neri Oxman Rumors — She Can’t Handle It
gossipcop-7595812226,www.birminghammail.co.uk/news/showbiz-tv/wedding-meghan-markle-pippa-middleton-14660208,Is this why Meghan Markle snubbed Pippa Middleton for the Royal Wedding reception?
gossipcop-8968682336,okmagazine.com/photos/john-mayer-sends-gift-after-katy-perry-split-from-orlando-bloom/,What Katy Perry Did With This Gift John Mayer Sent Her Is Straight Up SAVAGE
gossipcop-3294379135,www.ibtimes.co.uk/bruce-jenner-horrified-by-kim-kardashian-dragging-north-west-like-accessory-1491888,Bruce Jenner horrified by Kim Kardashian for dragging North West like an accessory
gossipcop-496337708,www.elle.com/culture/celebrities/a22139058/why-kylie-jenner-stopped-lip-fillers/,Why Kylie Jenner Actually Removed All Her Lip Fillers
gossipcop-500443225,pagesix.com/2018/08/10/ben-affleck-and-jennifer-garners-divorce-may-be-dismissed/,Ben Affleck and Jennifer Garner’s divorce may be dismissed
gossipcop-4899774846,www.nme.com/news/music/justin-bieber-fan-arrested-for-trespassing-at-los-angeles-home-2152853,Justin Bieber fan arrested for trespassing at his Los Angeles home
gossipcop-403336283,hiphopwired.com/543661/amber-rose-asked-club-not-play-songs-exes/,Amber Rose Asked Club Not To Play Songs By Her Exes
gossipcop-1593991142,radaronline.com/videos/kim-kardashian-perfume-kylie-jenner-feud-copycat-kuwtk/,Kylie ‘Fuming’ Over ‘Copycat’ Sister Kim’s Perfume Launch
gossipcop-4427651581,www.msn.com/en-us/entertainment/celebrity/debunking-the-weeks-tabloid-stories-june-8-2018/ss-AAyHRZN,"Debunking the week's tabloid stories: June 8, 2018"
gossipcop-1584920173,, Keanu Reeves Did NOT Say Blood Of Babies To Get High To Get High
gossipcop-9216826007,www.x17online.com/2017/10/ben_affleck_last_day_rehab_emotional_support_dog_husky_photos_101817,Ben Affleck Gifted A Pet Pooch On What A Source Tells Us Is His Final Day In Rehab
gossipcop-8851426755,,OK  Debunks Jennifer Aniston Pregnancy Rumors After Saying She ’ s Having Brad Pitt ’ s Baby
gossipcop-6810829138,www.billboard.com/articles/news/bbma/7801136/billboard-music-awards-2017-winners-list,Here Is the Complete List of Winners From the 2017 Billboard Music Awards
gossipcop-7215618462,hellogiggles.com/news/zac-efron-serial-killer-ted-bundy/,Heres your first terrifying look at Zac Efron as a serial killer Ted Bundy
gossipcop-2787961579,www.newidea.com.au/what-oj-simpson-told-khloe-kardashian-after-he-was-released-from-prison,OJ Simpson called Khloe Kardashian about paternity test
gossipcop-1361560822,www.cosmopolitan.com/entertainment/celebs/a22612730/mila-kunis-macaulay-culkin-arent-friendly/,"Mila Kunis Says She and Ex Macaulay Culkin Aren't as ""Friendly"" as They Could Be"
gossipcop-9433485305,www.eonline.com/shows/e_news/news/870718/are-jennifer-aniston-and-brad-pitt-reuniting-on-jimmy-kimmel-live,Are Jennifer Aniston And Brad Pitt Reuniting On Jimmy Kimmel Live? on E! News
gossipcop-621464173,www.dailymail.co.uk/tvshowbiz/article-5210509/Kim-Kardashian-shares-family-Christmas-card.html,Kim Kardashian shares family Christmas card
gossipcop-7298924973,www.pressreader.com/australia/ok-australia/20180104/284185106200138,Connecting People Through News
gossipcop-734111706,www.inquisitr.com/5001151/kylie-jenner-travis-scotts-friends-think-they-could-be-secretly-engaged-reports-hollywood-life/,"Kylie Jenner & Travis Scott’s Friends Think They Could Be Secretly Engaged, Reports ‘Hollywood Life’"
gossipcop-1300529280,www.imdb.com/news/ni61272519,Celebrity Fourth Of July Tweets 2017 – See Stars’ Independence Day Messages!
gossipcop-2929154589,okmagazine.com/news/anne-hathaway-complains-matthew-mcconaghey-body-odor/,Anne Hathaway Complains About Matthew McConaughey's Body Odor
gossipcop-2863007901,www.lifeandstylemag.com/posts/drake-jennifer-lopez-back-together-153596,Drake Is Already Trying to Win Back Jennifer Lopez After Alex Rodriguez's Cheating Scandal
gossipcop-8210999726,hollywoodlife.com/2013/08/08/chris-brown-chose-karrueche-tran-over-rihanna-relationship/,Chris Brown: Why He Chose Karrueche Tran Over Rihanna
gossipcop-2922675088,www.inquisitr.com/4656872/scott-disick-writing-kardashian-tell-all-to-expose-kims-strained-marriage-to-kanye-west-kourtney-secrets/,"Scott Disick Writing Kardashian Tell-All To Expose Kim’s Strained Marriage To Kanye West, Kourtney Secrets"
gossipcop-1951916011,www.ajc.com/entertainment/celebrity-news/richard-simmons-sues-radaronline-national-enquirer-protect-privacy/SgEuwzRXD4UePV2DCqqjgJ/,"Richard Simmons sues RadarOnline, National Enquirer to protect privacy"
gossipcop-6527168219,celebrityinsider.org/brad-pitt-and-angelina-jolies-divorce-stalls-again-his-relationship-with-neri-oxman-to-blame-148210/,"Brad Pitt And Angelina Jolie’s Divorce Stalls Again, His Relationship With Neri Oxman To Blame?"
gossipcop-6058088749,extratv.com/2017/04/15/rumor-bust-there-is-no-760m-prenup-for-jennifer-lopez-and-alex-rodriguez/,Rumor Bust! There Is No $760M Prenup for Jennifer Lopez & Alex Rodriguez
gossipcop-7397523769,www.newsweek.com/channing-tatum-work-family-jenna-dewan-tatum-split-871533,Did Channing Tatum Cheat on Jenna Dewan? Actor Admitted He Struggled to Balance Work and Family
gossipcop-365453077,hollywoodlife.com/2017/04/08/perrie-edwards-selena-gomez-13-reasons-why-massively-disturbing/,Perrie Edwards Dissing Selena Gomez’s ’13 Reasons Why?’ — It Was ‘Massively Disturbing’
gossipcop-9756692853,www.cosmopolitan.com/entertainment/celebs/a13856745/celeb-feuds-2017/,8 Juiciest Celebrity Feuds of 2017
gossipcop-7295172272,celebrityinsider.org/jennifer-garner-and-josh-duhamel-have-been-secretly-dating-for-months-105031/,Jennifer Garner And Josh Duhamel Have Been Secretly Dating For Months
gossipcop-7846357834,www.irishmirror.ie/all-about/bradley-cooper,"News, views, gossip, pictures, video"
gossipcop-1093555782,www.eonline.com/news/743716/tyga-insists-his-age-difference-with-kylie-jenner-doesn-t-matter-talks-blac-chyna-and-not-dealing-in-hate,"Tyga Insists His Age Difference With Kylie Jenner Doesn't Matter, Talks Blac Chyna and Not Dealing in Hate"
gossipcop-3011180721,,Beyonce Lip Injections Speculation Is False
gossipcop-2917215,www.usmagazine.com/celebrity-news/news/justin-theroux-found-post-its-from-brad-pitt-during-jen-aniston-marriage/,Justin Theroux Found Post-Its From Brad Pitt During Jen Aniston Marriage
gossipcop-4274657473,people.com/movies/angelina-jolie-brad-pitt-custody-battle/,Angelina Jolie Could Lose Primary Custody of Kids If Brad Pitt Isn't Allowed Access: Report
gossipcop-1919200285,www.newidea.com.au/jennifer-aniston-pregnant-and-in-hiding,Jennifer Aniston's shock news: Pregnant and in hiding
gossipcop-6641270518,www.dailymail.co.uk/tvshowbiz/article-5401079/Cheryl-Cole-Liam-Payne-relationship-strain.html,Cheryl Cole and Liam Payne relationship 'under strain'
gossipcop-6108605530,radaronline.com/photos/kourtney-kardashian-crashes-date-selena-gomez-justin-bieber-church-date/,Kourtney Crashes Justin & Selena’s Church Date
gossipcop-6122226398,jezebel.com/5557059/kristen-stewarts-gay-rumor-tila-tequilas-suicide-stunt,Kristen Stewart's Gay Rumor; Tila Tequila's Suicide Stunt
gossipcop-8972767612,www.hollywoodreporter.com/news/golden-globes-2017-jenna-bush-hager-apologizes-hidden-fences-flub-962556,"Jenna Bush Hager Offers Teary-Eyed Apology for 'Hidden Fences' Flub: ""I'm Not Perfect"""
gossipcop-6090353237,www.ibtimes.co.uk/angelina-jolie-branded-shameless-by-angry-fans-she-goes-braless-meet-archbishop-canterbury-1612325,Angelina Jolie branded 'shameless' by angry fans as she goes braless to meet Archbishop of Canterbury
gossipcop-8004500037,hollywoodlife.com/2018/07/23/justin-bieber-big-family-hailey-baldwin-amazing-dad/,Justin Bieber Would Love To Have A Big Family With Hailey Baldwin — Why He’ll Be An ‘Amazing Dad’
gossipcop-1718653811,www.dailymail.co.uk/tvshowbiz/article-5820001/Justin-Theroux-reunites-Sienna-Miller-Chaos-launch-party-New-York-City.html,Justin Theroux reunites with Sienna Miller at Chaos launch party in New York City
gossipcop-5417654316,extratv.com/2018/05/30/is-halle-berry-dating-keanu-reeves/,Is Halle Berry Dating Keanu Reeves?!
gossipcop-8064008022,www.businessinsider.com/jessica-simpson-2011-11,19 Years In The Life Of Jessica Simpson
gossipcop-6915614018,www.ibtimes.co.in/what-brad-pitt-wants-date-jennifer-lawrence-make-angelina-jolie-jealous-752036,What! Brad Pitt wants to date Jennifer Lawrence to make Angelina Jolie jealous?
gossipcop-2266277403,deadline.com/2016/11/steve-harvey-daytime-talk-show-end-new-show-img-nbcu-1201852895/,"Steve Harvey To End Daytime Talk Show, Launch New One With IMG & NBCU"
gossipcop-4328256070,www.dailymail.co.uk/tvshowbiz/article-5396549/Britney-Spears-Sam-Asghari-love-baby.html,Britney Spears and Sam Asghari would 'love to have a baby'
gossipcop-5543776726,celebrityinsider.org/brad-pitt-is-reportedly-ready-for-neri-oxman-to-meet-his-kids-how-will-angelina-jolie-react-152856/,Brad Pitt Is Reportedly Ready For Neri Oxman To Meet His Kids! How Will Angelina Jolie React?
gossipcop-7864955549,www.usmagazine.com/page/1060/?p=0&KSID=599bc1b2621be243d1c9b350135ec171&jwsource=cl,Page 1060 – Us Weekly
gossipcop-8332264638,www.redonline.co.uk/red-women/news-in-brief/a528247/best-fathers-day-celebrity-instagrams/,The most adorable Father's Day messages
gossipcop-7223946294,,Kim Kardashian Kanye West Fight
gossipcop-7954213149,mtonews.com/diddy-creeping-caught-on-a-date-with-a-white-woman,DIDDY CREEPING??? Caught On A DATE . . . With A WHITE WOMAN!!!
gossipcop-4705350350,www.msn.com/en-us/tv/celebrity/jessica-simpson-getting-dollar1-billion-dollar-divorce/ar-BBLq3hh,Jessica Simpson Getting $1 Billion Dollar Divorce?
gossipcop-1236264724,www.belfasttelegraph.co.uk/entertainment/news/joaquin-phoenix-and-rooney-mara-found-love-while-shooting-biblical-epic-report-35359969.html,Joaquin Phoenix and Rooney Mara 'found love' while shooting biblical epic
gossipcop-1411966817,www.pinterest.co.uk/nasbywilliam/megyn-kelly/,189 best megyn kelly images on Pinterest
gossipcop-3861068651,alivetales.com/check-reality-behind-brad-pitt-jennifer-aniston-bonding-like-never-before/,"Check Reality Behind Brad Pitt, Jennifer Aniston “Bonding Like Never Before,” – Alivetales"
gossipcop-7172708559,www.bustle.com/p/are-taylor-swift-tom-hiddleston-still-friends-it-sounds-like-their-split-was-amicable-54392,Are Taylor Swift & Tom Hiddleston Still Friends? It Sounds Like Their Split Was Amicable
gossipcop-738723713,hollywoodlife.com/2018/02/17/robert-pattinson-loves-kristen-stewart-reunion-rumors/,Rob Pattinson Still ‘Loves’ Kristen Stewart Amid Reunion Rumors: Does He Want To Date Her Again?
gossipcop-8941881759,www.smh.com.au/entertainment/movies/jennifer-lawrence-bill-murray-johnny-depp-and-the-role-of-the-muse-20151221-glsm3u.html,"Jennifer Lawrence, Bill Murray, Johnny Depp and the role of the muse"
gossipcop-6013813420,www.dailymotion.com/video/x6hierr,Gwyneth Paltrow 'Not' Sabotaging Chris Martin & New GF
gossipcop-8375729179,www.upi.com/Derek-Jeter-wife-Hannah-Davis-welcome-first-child/1601503081507/,"Derek Jeter, wife Hannah Davis welcome first child"
gossipcop-4189148342,www.theverge.com/2016/7/17/12210852/kim-kardashian-snapchat-taylor-swift-kanye-west-famous,Kim Kardashian used Snapchat to prove Taylor Swift was lying about Kanye West's Famous
gossipcop-1561429427,tenor.com/view/caitlyn-jenner-the-new-celebrity-apprentice-celebrity-apprentice-arnold-schwarzenegger-gif-7793516,Arnold Caitlyn Kiss GIF
gossipcop-4304207578,www.independent.co.uk/arts-entertainment/tv/news/sarah-jessica-parker-kim-cattrall-feud-sex-and-the-city-molly-shannon-defends-divorce-costar-a8207936.html,Sarah Jessica Parker defended by co-star over Kim Cattrall feud
gossipcop-66595579,hollywoodlife.com/2018/05/24/gwen-stefani-pregnant-blake-shelton-baby-clues/,Gwen Stefani Pregnant With Blake Shelton’s Baby? Why Friends Think She’s Got A Secret
gossipcop-2115164156,www.inquisitr.com/4656872/scott-disick-writing-kardashian-tell-all-to-expose-kims-strained-marriage-to-kanye-west-kourtney-secrets/,"Scott Disick Writing Kardashian Tell-All To Expose Kim’s Strained Marriage To Kanye West, Kourtney Secrets"
gossipcop-7187264696,radaronline.com/videos/kim-kardashian-jealous-jennifer-lawrence-feud/,Bitter Blood! Kim Kardashian In A ‘Jealous Rage’ Over Jennifer Lawrence
gossipcop-8258563789,capelino.com/liv-tyler-is-waiting-for-fourth-child/,Liv Tyler is waiting for fourth child – Celebrity News
gossipcop-2840118415,tasteofreality.com/is-heather-locklear-joining-rhobh/,Is Heather Locklear Joining RHOBH?!
gossipcop-9807039478,www.archynety.com/entertainment/o-j-simpson-asks-kim-kardashian-for-help-to-forgive/,O.J Simpson asks Kim Kardashian for help to forgive?
gossipcop-9245911842,www.inquisitr.com/4093856/suits-star-meghan-markle-and-prince-harrys-christmas-wedding-not-confirmed/,‘Suits’ Star Meghan Markle And Prince Harry’s Christmas Wedding Not Confirmed
gossipcop-9690463003,www.newidea.com.au/brad-pitt-my-twelve-years-of-hell-with-angelina-jolie,Brad Pitt: My twelve years of hell with Angelina Jolie
gossipcop-4133877470,www.billboard.com/articles/news/television/7949007/kardashians-donating-500000-hurricane-harvey-relief,"Kardashian Family Donating $500,000 to Hurricane Harvey Relief Efforts"
gossipcop-7455036395,radaronline.com/exclusives/2017/01/kanye-west-grows-close-caitlyn-jenner-after-breakdown/,Caitlyn Jenner Plays Surrogate Mom To Suffering Kanye West
gossipcop-8837022774,www.dailymail.co.uk/tvshowbiz/article-6039219/Scott-Disick-reveals-Kourtney-Kardashian-planned-reconcile-40s-split.html,Scott Disick reveals he and Kourtney Kardashian planned to reconcile
gossipcop-5954149601,www.harpersbazaar.com.au/celebrity/margot-robbie-playboy-hugh-hefner-movie-14594,Margot Robbie In Talks For Hugh Hefner Playboy Biopic
gossipcop-5239714562,www.imdb.com/news/ni61287527,HollywoodLife Pits Selena Gomez Against Bella Hadid In Exploitative Bikini Story
gossipcop-4485310153,people.com/style/selena-gomez-puma-ad-sports-bra-justin-bieber-engagement/,Selena Gomez Promotes New Puma Campaign After Ex Justin Bieber's Engagement News
gossipcop-5624067838,www.dailymail.co.uk/news/article-3586901/Caitlyn-Jenner-transition-Bruce-suffering-sex-change-regret-claims-longtime-friend.html,Caitlyn Jenner may 'de-transition back to Bruce after suffering from sex change regret'
gossipcop-2879402342,www.metacritic.com/feature/angelina-jolie-best-and-worst-movies,Angelina Jolie: All Films Considered
gossipcop-4301878959,www.rollingstone.com/culture/culture-news/las-vegas-shooting-john-mayer-lady-gaga-other-celebs-call-for-gun-control-196544/,Las Vegas Shooting: Celebrities Call for Gun Control – Rolling Stone
gossipcop-6013555346,www.dailymail.co.uk/tvshowbiz/article-4936794/Caitlyn-Jenner-takes-plane-spin-LA.html,Caitlyn Jenner takes her plane out for a spin in LA
gossipcop-1409790969,hollywoodlife.com/2018/04/24/gwen-stefani-kids-blake-shelton-propose/,Gwen Stefani’s Kids Pressuring Blake Shelton To Propose To Their Mom
gossipcop-3504256414,people.com/movies/kevin-hart-cheating-scandal-j-cole-music-video-kevins-heart/,Kevin Hart Relives His Cheating Scandal By Playing Himself in J. Cole Music Video
gossipcop-5918373456,www.cnn.com/2017/02/02/entertainment/matthew-mcconaughey-trump/index.html,Matthew McConaughey: It's time to embrace Trump
gossipcop-6970569579,www.yahoo.com/entertainment/blogs/now/does-angelina-jolie-engagement-ring-compare-one-brad-160032794.html,How Does Angelina Jolie’s Engagement Ring Compare to the One Brad Pitt Gave Jennifer Aniston?
gossipcop-9036398389,www.imdb.com/news/ni61563168,Harry Styles Did Not “Shade” Taylor Swift With “Girl Crush” Performance
gossipcop-9215520345,hollywoodlife.com/2018/04/18/angelina-jolie-brad-pitt-neri-oxman-dating-rumors-reaction/,Angelina Jolie Reportedly Collapses After Meltdown Over Brad Pitt Dating Rumors: She’s ‘Very Jealous’
gossipcop-662718352,ew.com/tv/2017/06/10/adam-west-dead-celebrities-react/,Burt Ward and other celebrities pay tribute to Batman star Adam West
gossipcop-3316804883,people.com/tv/bachelor-whitney-bischoff-talks-engagement-didnt-let-past-close-off-heart/,Bachelor Whitney Bischoff Talks Engagement: Didnt Let Past Close Off Heart
gossipcop-7069573622,hollywoodlife.com/2017/11/02/brad-pitt-angelina-jolie-new-marriage-not-successful/,Brad Pitt ‘Doubtful’ Angelina Jolie Can ‘Have A Successful 4th Marriage’ After Theirs Failed
gossipcop-4355609760,hollywoodlife.com/2016/04/01/kendall-jenner-scott-disick-hooking-up-in-bed-kourtney-kardashian-april-fools/,Kourtney Kardashian Catches Kendall Jenner In Bed With Scott Disick: Hooking Up?
gossipcop-2030216914,www.imdb.com/news/ni61460765,Environmentalist Leonardo DiCaprio Used Seaplane To Party Hop Around Maldives?
gossipcop-3102216182,www.vanityfair.com/style/2017/03/kate-middleton-prince-william-ski-trip,Kate Middleton Is “Less than Pleased” with Prince William’s Ski-Trip Behavior
gossipcop-3738976126,www.letsplayindex.com/videos/40911141-kim-kardashian-sick-of-prince-harry-meghan-markle-royal,"Kim Kardashian Sick Of Prince Harry, Meghan Markle ""Royal Wedding Fever""?"
gossipcop-3645931945,www.cosmopolitan.com/entertainment/tv/a8568469/kylie-jenner-khloe-kardashian-revenge-body-contestant-cry/,Kylie Jenner Made a Contestant Cry on Khloé Kardashian's New Reality Show
gossipcop-3702589757,www.dailymotion.com/video/x6q6lbw,Jamie Foxx spends the day with Katie Holmes and Suri Cruise
gossipcop-4578161984,www.independent.co.uk/arts-entertainment/films/news/ben-affleck-batman-comic-con-2017-quitting-leaving-dceu-justice-league-release-date-trailer-a7856736.html,The Batman: Ben Affleck addresses rumours he's leaving the DCEU
gossipcop-4890355966,www.newidea.com.au/george-and-amal-clooney-1-billion-divorce-announcement,US report: George and Amal’s ‘$1 billion divorce announcement’
gossipcop-3094239722,www.rte.ie/entertainment/2016/1230/841844-charlie-sheen-faces-backlash-after-trump-death-wish/,Charlie Sheen defends Trump death wish after backlash
gossipcop-6225895099,www.washingtonpost.com/news/morning-mix/wp/2017/04/27/bachelor-chris-soules-arrested-after-deadly-crash-that-killed-iowa-farmer/,‘Bachelor’ Chris Soules arrested after deadly crash that killed Iowa farmer
gossipcop-7201000645,hollywoodlife.com/2017/05/10/britney-spears-married-sam-asghari-secret-wedding/,Britney Spears Marries Model BF Sam Asghari In Secret Ceremony — Report
gossipcop-2246616187,uk.businessinsider.com/worst-top-10-hit-song-every-year-since-2000-2018-7,"The worst hit song of every year since 2000, from Macklemore to Train (twice)"
gossipcop-178000221,time.com/money/5224398/kate-middleton-net-worth/,Kate Middleton Had a Massive Fortune Before She Was a Duchess. Here’s What We Know About the Royal’s Net Worth
gossipcop-8921655125,www.dailymail.co.uk/tvshowbiz/article-6101259/Kendall-Jenner-livid-Kris-refuses-invite-Caitlyn-annual-Christmas-Eve-party.html,Kendall Jenner is livid when Kris refuses to invite Caitlyn to the annual Christmas Eve party
gossipcop-5406061203,hollywoodlife.com/2017/06/30/halle-berry-loves-jay-z-eric-benet-diss-track-cheating-scandal/,Halle Berry ‘Loves’ JAY-Z’s Eric Benét Diss Track — His Cheating Ruined Our Marriage
gossipcop-2542048921,,Robert Pattinson  Bella Hadid New Couple Nor Cozied Up At Dior Paris Show  Report
gossipcop-9393662304,celebrityinsider.org/a-source-reported-that-blake-shelton-is-cheating-on-gwen-stefani-their-friends-still-believe-that-the-couple-will-walk-down-the-aisle-someday-104378/,A Source Reported That Blake Shelton Is Cheating On Gwen Stefani – Their Friends Still Believe That The Couple Will Walk Down The Aisle Someday
gossipcop-2048459712,www.vox.com/culture/2018/1/28/16943026/grammys-2018-winners-list,Grammy winners 2018: the complete list
gossipcop-5346527320,hollywoodlife.com/2017/10/27/katie-holmes-jamie-foxx-relationship-more-public-hesitant/,Katie Holmes Pushing Jamie Foxx To Go More Public With Their Relationship — Why He’s ‘Hesitant’
gossipcop-6380258893,www.teenvogue.com/gallery/kendall-jenner-best-kuwtk-quotes,Kendall Jenner's 20 Best 'Keeping Up With the Kardashians' Moments
gossipcop-2761931201,www.bankrate.com/lifestyle/celebrity-money/michael-strahan-net-worth/,Michael Strahan Net Worth
gossipcop-8980489693,bossip.com/1607079/gone-eric-benet-halle-berry-dumps-new-boo-alex-da-kid-during-bora-bora-baecation/,Gone Eric Benet: Halle Berry Dumps New Boo Alex Da Kid During Bora Bora Baecation
gossipcop-3589330483,www.telegraph.co.uk/news/2018/02/28/oprah-winfrey-says-waiting-sign-god-run-us-president/,Oprah Winfrey says she is waiting for 'sign from God' to run for US president
gossipcop-7527749656,hollywoodlife.com/2017/08/31/gwen-stefani-blake-shelton-breakup-rumors-what-he-thinks/,"Blake Shelton: What He Really Thinks of The Gwen Stefani Split Rumors, Says Source"
gossipcop-837671885,www.aceshowbiz.com/news/view/00106556.html,Report: Kim Kardashian to Do Nude Cookbook
gossipcop-1435049921,bossip.com/798363/kevin-hart-talks-to-wendy-williams-about-cheating-on-ex-wife-and-sits-on-hot-seat-video/,Kevin Hart Talks To Wendy Williams About Cheating On Ex-Wife And Sits On Hot Seat [Video]
gossipcop-4237985894,abc.go.com/shows/jimmy-kimmel-live/video/featured/VDKA3711367,WATCH: Catherine Zeta-Jones on Michael and Kirk Douglas Video
gossipcop-7013705598,www.msn.com/en-us/entertainment/celebrity/prince-harry-meghan-markle-ordered-to-%E2%80%9Ctone-down%E2%80%9D-pda-by-queen-elizabeth/ar-BBKyFCg,"Prince Harry, Meghan Markle Ordered To “Tone Down” PDA By Queen Elizabeth?"
gossipcop-1064096338,www.inquisitr.com/4240560/did-ariana-grande-fly-back-to-the-u-s-on-taylor-swifts-plane-after-manchester-bombing-rumors/,Did Ariana Grande Fly Back To The U.S. On Taylor Swift’s Plane After Manchester Bombing?
gossipcop-5694632857,www.nytimes.com/2017/10/10/us/gwyneth-paltrow-angelina-jolie-harvey-weinstein.html,"Gwyneth Paltrow, Angelina Jolie and Others Say Weinstein Harassed Them"
gossipcop-9810012848,www.kinggossip.com/gossip-rumors/taylor-swifts-enemies-joining-forces-against-her-gossip-cop/,Taylor Swift's Enemies Joining Forces Against Her? – Gossip Cop
gossipcop-7909120625,www.celebitchy.com/571027/ls_angelina_jolie_plans_to_marry_her_mystery_british-philanthropist_boyfriend/,L&S: Angelina Jolie plans to marry her mystery British-philanthropist boyfriend?
gossipcop-6438643242,hollywoodlife.com/2018/08/08/kourtney-kardashian-pregnant-fourth-baby-younes-bendjima-dad-breakup/,Kourtney Kardashian Reportedly Pregnant With Baby #4 — Is Ex-BF Younes Bendjima The Dad?
gossipcop-6630473431,www.etonline.com/media/videos/jessica-biel-was-shocked-by-the-pressure-to-lose-weight-after-giving-birth-95964,Jessica Biel Was Shocked By the Pressure to Lose Weight After Giving Birth
gossipcop-3205422760,yournewswire.com/justin-bieber-pedophiles/,Justin Bieber: Pedophiles Run The ‘Evil’ Music Industry
gossipcop-5445233292,www.redbookmag.com/life/news/a41597/george-clooney-amal-divorce/,Apparently Amal Is Leaving George Clooney
gossipcop-2630132619,www.aol.com/article/lifestyle/2018/01/25/expert-meghan-markle-and-duchess-kates-handwriting-reveals-major-difference/23343707/,Expert: Meghan Markle and Duchess Kate's handwriting reveals major difference
gossipcop-7727501669,tribune.com.pk/story/1568901/4-leaving-jennifer-aniston-angelina-jolie-one-biggest-mistakes-brad-pitt/,Leaving Jennifer Aniston for Angelina Jolie was one of my biggest mistakes: Brad Pitt
gossipcop-6554497334,www.justjared.com/2017/09/01/nick-jonas-shows-off-his-massive-biceps-after-the-gym/,Nick Jonas Shows Off His Massive Biceps After the Gym
gossipcop-3247050768,mtonews.com/beyonce-absolute-diva-invited-everyone-mansion-ignored-guests,Beyonce Is An 'ABSOLUTE DIVA' . . . She Invited EVERYONE To Her Mansion . . . And IGNORED ALL HER GUESTS!!!
gossipcop-4212522424,www.wetpaint.com/rihanna-pregnancy-rumors-grammys-2018-1624347/,Rihanna Laughing Off Pregnancy Rumors: “She’s Not Even Trying” — Report
gossipcop-1544238959,hollywoodlife.com/2018/02/07/kanye-west-changing-diapers-kim-kardashian-fight-baby-chicago/,Kanye West Reportedly Refuses To Change Chicago’s Diapers & Kim Is Furious With Him
gossipcop-654770829,www.express.co.uk/news/royal/871707/Prince-Harry-Meghan-Markle-Rachel-Zane-Suits-royal-royal-family-Queen-Wimbledon,Revealed: Prince Harry had a crush on Meghan Markle ‘TWO YEARS’ before meeting her
gossipcop-4315795137,www.latimes.com/entertainment/la-et-entertainment-news-updates-celebs-react-to-death-of-charles-manson-1511193508-htmlstory.html,'Good riddance': Celebrities react to the death of Charles Manson
gossipcop-6692065401,www.teenvogue.com/story/selena-gomez-thrilled-done-justin-bieber,Selena Gomez Is Reportedly Done With Justin Bieber for Good
gossipcop-6172771554,hollywoodlife.com/2017/10/04/blake-shelton-luke-bryan-american-idol-jealous-the-voice/,Blake Shelton ‘Disappointed’ Luke Bryan Joined ‘American Idol’ Over ‘The Voice’
gossipcop-7575824801,hollywoodlife.com/2017/07/19/khloe-kardashian-lamar-odom-tell-all-book-family-secrets/,Khloe Kardashian Fears Lamar Odom Tell-All Book Could ‘Divulge Major Family Secrets’
gossipcop-7622719633,hollywoodlife.com/2018/06/06/are-robert-pattinson-kristen-stewart-back-together/,Rob Pattinson Still ‘Cares Deeply’ For Kristen Stewart — Getting Back Together After Party Reunion?
gossipcop-4778459686,www.elitedaily.com/p/are-stella-maxwell-kristen-stewart-still-dating-heres-everything-we-know-5493753,Are Stella Maxwell & Kristen Stewart Still Dating? Here's Everything We Know
gossipcop-4177865021,hollywoodlife.com/2017/05/11/kanye-west-furious-over-forbes-richest-rappers-list-jay-z-drake/,Kanye West Furious He Didn’t Make Forbes Top 5 Richest Hip Hop Artists
gossipcop-9595290016,www.iol.co.za/entertainment/celebrity-news/oprahs-dad-to-pen-tell-all-book-948809,Oprah's dad to pen tell-all book
gossipcop-5775116376,www.etonline.com/brad-pitt-is-spending-time-with-kids-while-filming-new-movie-with-leonardo-dicaprio-106609,Brad Pitt Is Spending Time With Kids While Filming New Movie With Leonardo DiCaprio
gossipcop-5322830267,www.dailymail.co.uk/tvshowbiz/article-6002395/Betty-White-96-reveals-no-plans-retire-80-years-showbusiness.html,Betty White reveals that she has no plans to retire
gossipcop-1669042987,www.samaa.tv/culture/2017/11/angelina-jolie-desperate-reconciliation-pitt-feelings-not-mutual/,Angelina Jolie desperate for reconciliation with Pitt–and the feeling’s not mutual
gossipcop-4196066615,www.dailymail.co.uk/tvshowbiz/article-4862458/Brad-Pitt-s-car-spotted-Angelina-Jolie-s-house.html,Brad Pitt and Angelina Jolie dismiss reunion reports
gossipcop-2249727095,www.inquisitr.com/4599312/kris-jenner-wishes-to-invite-kate-middleton-prince-william-to-her-crazy-christmas-party/,Kris Jenner Wishes To Invite Kate Middleton And Prince William To Her Crazy Christmas Party
gossipcop-129245065,www.eonline.com/news/792760/patrick-dempsey-why-i-called-off-my-divorce-to-jillian-dempsey,Patrick Dempsey: Why I Called Off My Divorce to Jillian Dempsey
gossipcop-2429826373,www.econotimes.com/Jennifer-Aniston-Justin-Theroux-Latest-Rumors-Friends-Alum-To-Pay-Leftover-Actor-Millions-For-His-Silence-1406628,"Jennifer Aniston, Justin Theroux Latest Rumors: ‘Friends’ Alum to Pay ‘The Leftovers’ Actor Millions for His Silence?"
gossipcop-1949526577,www.ibtimes.co.in/prince-william-kate-middleton-reveal-how-theyll-rule-throne-742940,"Prince William, Kate Middleton reveal how they'll rule the throne?"
gossipcop-821743854,www.harpersbazaar.com/celebrity/latest/a21234420/david-beckham-victoria-beckham-divorce-rumors-response/,David and Victoria Beckham Shut Down Divorce Rumors
gossipcop-2716526882,,Eva Longoria Using Victoria Beckham As Trainer  Nutritionist To Pregnancy Weight 
gossipcop-3710842136,www.eonline.com/news/894368/kim-kardashian-explains-why-she-didn-t-invite-surrogate-to-baby-shower,Kim Kardashian Explains Why She Didn't Invite Surrogate to Baby Shower
gossipcop-4899061600,www.dailytelegraph.com.au/entertainment/selena-gomezs-ig-driving-justin-bieber-crazy/video/24bb343d7c37b1b9e33edeab4bba332e,Selena Gomez’s IG Driving Justin Bieber CRAZY!
gossipcop-8309884782,people.com/movies/jennifer-aniston-staying-busy-after-justin-theroux-how-shes-moving-on/,Jennifer Aniston Is 'Staying Busy' After Split from Justin Theroux — How She's Moving On
gossipcop-4997413912,en.wikipedia.org/wiki/Emily_Blunt,Emily Blunt
gossipcop-9435811401,pagesix.com/2018/08/28/meghan-markles-onscreen-dad-puts-her-real-one-to-shame/,Meghan Markle’s on-screen dad shades her real father
gossipcop-9620372118,blackamericaweb.com/2018/07/16/paris-jackson-on-reports-she-has-come-out-as-bisexual-everyone-has-known-for-years-this-is-not-news/,Paris Jackson On Reports She Has Come Out As Bisexual: ‘Everyone Has Known For Years. This Is Not News’
gossipcop-1694904591,www.eonline.com/shows/kardashians/news/939185/inside-scott-disick-s-unique-relationship-with-the-kardashian-family-as-kourtney-s-co-parent,Inside Scott Disick's Unique Relationship With the Kardashian Family as Kourtney's Co-Parent on Kardashians
gossipcop-335159104,www.dailymail.co.uk/tvshowbiz/article-6115875/Hailey-Baldwin-worries-Selena-Gomez-never-Justin-Bieber.html,Hailey Baldwin worries Selena Gomez will never get over Justin Bieber
gossipcop-139974010,www.ibtimes.co.in/deadpool-2s-cable-actor-josh-brolin-used-steroids-beef-videos-734189,Deadpool 2's Cable actor Josh Brolin used steroids to beef up? [VIDEOS]
gossipcop-4971497614,www.intouchweekly.com/posts/beyonce-jay-z-twins-difficult-delivery-135164,"Beyoncé and Husband JAY-Z Experienced a Difficult Delivery During the Birth of Their Twins: ""There Was a Lot of Drama"" (EXCLUSIVE)"
gossipcop-1760401680,variety.com/2017/film/news/2018-sag-award-nominations-list-nominees-1202638033/,2018 SAG Award Nominations: See Full List of Nominees – Variety
gossipcop-5252708386,okmagazine.com/videos/jennifer-garner-dating-josh-duhamel-romance-moving/,Josh Duhamel Meets Jennifer Garner's Kids
gossipcop-8352116249,people.com/tv/kourtney-kardashian-says-ex-scott-disick-always-family/,Kourtney Kardashian: Scott Disick 'Will Always Be Family'
gossipcop-3662901506,radaronline.com/videos/ellen-degeneres-talk-show-host-boss-hell/,Boss From Hell! Ellen DeGeneres Treats Her Talk Show Staff Like ‘Peasants!’
gossipcop-6260287579,radaronline.com/exclusives/2017/08/kourtney-kardashian-going-knife-transform-voice/,Kourtney Kardashian Going Under The Knife To Transform Voice!
gossipcop-5722368574,www.huffingtonpost.com/entry/james-corden-harry-styles-kiss_us_5a2fe75ee4b01598ac482c76,James Corden And Harry Styles Kiss For Holiday-Themed 'Carpool Karaoke'
gossipcop-4998029134,www.cairnspost.com.au/entertainment/caitlyn-jenner-regrets-bashing-kylie-jenners-pregnancy-begging-to-be-in-the-delivery-room/video/49addf7bfbb5046acc3cbf546d3baff6,Caitlyn Jenner Regrets BASHING Kylie Jenner's Pregnancy; BEGGING To Be In The Delivery Room
gossipcop-2343299673,hollywoodlife.com/2018/03/26/brad-pitt-sees-his-kids-multiple-times-week-more-often/,Brad Pitt Now Seeing His 6 Kids Several Times A Week — Inside Their Private Time Together
gossipcop-7747294421,hollywoodlife.com/2017/12/15/miley-cyrus-liam-hemsworth-christmas-plans-shopping-perfect-gift/,Miley Cyrus: Why She’s Struggling To Buy The Perfect Holiday Gift For Liam Hemsworth
gossipcop-6351708817,,Kate Middleton Meghan Markle Push
gossipcop-7714440879,www.cnn.com/2015/11/17/health/charlie-sheen-health/index.html,Charlie Sheen says he is HIV-positive
gossipcop-147879308,people.com/celebrity/katie-holmes-jamie-foxx-dating-inside-their-secret-relationship/,Are Katie Holmes and Jamie Foxx Dating?
gossipcop-2823147292,www.imdb.com/news/ni61244267,Star Jones Slams RadarOnline For False Barbara Walters Feud Story
gossipcop-996800529,www.huffingtonpost.com/2011/08/04/fergie-adresses-plastic-s_n_918030.html,Fergie Addresses Plastic Surgery Rumors In Cosmo UK
gossipcop-7122770142,okmagazine.com/photos/kendall-jenner-feels-insecure-kaia-gerber/,Kendall Jenner Feels 'Insecure' Now That 16-Year-Old Kaia Gerber Is Catching Up
gossipcop-5506303401,hollywoodlife.com/2017/09/13/george-amal-clooney-pregnant-again-baby-3rd-child-twins-birth/,Are George & Amal Clooney Pregnant With Baby #3 Less Than A Year After Twins’ Birth?
gossipcop-8132886943,,Katie Holmes Jamie Foxx Return
gossipcop-2273816633,www.eonline.com/news/845229/anna-faris-is-live-tweeting-chris-pratt-s-walk-of-fame-day-shirtless-photos-included,Anna Faris Live-Tweets Chris Pratt's Walk of Fame Day—and He Laughs and Cries at the Ceremony
gossipcop-4091251786,wpde.com/news/entertainment/mariah-carey-on-new-years-eve-performance-they-foiled-me,Mariah Carey on New Year's Eve performance: 'They foiled me'
gossipcop-4864984870,www.billboard.com/articles/columns/pop/8459823/beyonce-jay-z-on-the-run-ii-tour-live-review,Beyonce & JAY-Z Show Strength In Vulnerability At Sensational On The Run II Tour Kick-Off
gossipcop-44021597,www.contactmusic.com/katie-holmes/news/katie-holmes-and-jamie-foxx-steal-a-secret-getaway-to-mexico-together_5514331,Katie Holmes And Jamie Foxx Steal A Secret Getaway To Mexico Together
gossipcop-5900134428,,Lady Gaga NOT Dating Christian Carino To Help Acting Career  Despite Claim
gossipcop-2420429687,canoe.com/entertainment/celebrity/brad-pitts-mom-wants-him-to-get-back-with-jennifer-aniston,Brad Pitt's mom wants him to get back with Jennifer Aniston
gossipcop-9160143371,extratv.com/2018/03/01/jennifer-aniston-leans-on-friends-co-star-courteney-cox-after-justin-theroux-split/,Jennifer Aniston Leans on ‘Friends’ Co-Star Courteney Cox After Justin Theroux Split
gossipcop-8347330267,hollywoodlife.com/2017/09/12/kim-kardashian-kanye-west-spend-1-5-million-surrogate-security/,Kim & Kanye Reportedly Drop $1.5 Million On Round-The-Clock Security For Surrogate
gossipcop-7392274516,www.nytimes.com/2018/05/19/world/europe/royal-wedding-live.html,‘Stand by Me’: Prince Harry and Meghan Markle Are Married
gossipcop-9735192794,en.wikipedia.org/wiki/Time_Person_of_the_Year,Time Person of the Year
gossipcop-7042288290,hollywoodlife.com/2018/03/12/beyonce-jay-z-family-first-on-the-run-2-tour/,Beyonce & JAY-Z Putting Family First On New Tour: They’re ‘Excited’ To Be Together 24/7
gossipcop-3519594749,us1035.iheart.com/content/2017-10-13-jimmy-kimmel-talks-donald-trump-harvey-weinstein-on-gma/,"Jimmy Kimmel Talks Donald Trump, Harvey Weinstein On 'GMA'"
gossipcop-2738137690,en.wikipedia.org/wiki/Troian_Bellisario,Troian Bellisario
gossipcop-422487545,www.dailymail.co.uk/tvshowbiz/article-3100031/Ben-Affleck-Jennifer-Garner-hit-claims-ve-secretly-separated-headed-divorce.html,Ben Affleck and Jennifer Garner are 'secretly separated' and 'headed for divorce'
gossipcop-8503499623,www.goodhousekeeping.com/life/entertainment/a20978647/sandra-bullock-net-worth/,What Is Sandra Bullock's Net Worth?
gossipcop-3207033706,people.com/movies/katie-holmes-jamie-foxx-relationship-history/,Everything We Know About Katie Holmes and Jamie Foxx's Under-the-Radar Relationship
gossipcop-2648563760,marriedbiography.com/just-a-rumor-billie-lourd-to-play-goldie-hawn-in-the-movie-also-rumored-kate-hudson-to-play-the-part-find-out/,Just a rumor Billie Lourd To Play Goldie Hawn In the Movie! Also rumored Kate Hudson to play the Part! Find out – Married Biography
gossipcop-1391882275,en.wikipedia.org/wiki/Brad_Pitt,Brad Pitt Good Education
gossipcop-6221519484,www.hellomagazine.com/celebrities/2016061831972/tyga-and-kylie-jenner-back-together-rapper-hints-possible-future-reconciliation/,Will Tyga and Kylie Jenner get back together? Rapper hints at possible future reconciliation
gossipcop-6436588959,www.thecut.com/2018/04/equal-pay-day-celebrities-hollywood.html,All the Celebrities Who Have Spoken Out About Equal Pay in Hollywood
gossipcop-1533362257,www.aol.com/article/entertainment/2018/02/01/ellen-degeneres-wife-portia-de-rossi-makes-her-cry-with-60th-birthday-gift/23350602/,Ellen DeGeneres' wife Portia de Rossi makes her cry with 60th birthday gift
gossipcop-666575602,www.celebdirtylaundry.com/2017/kim-kardashian-bans-other-kids-from-art-class-special-treatment-for-north-and-penelope/,Kim Kardashian Bans Other Kids From Art Class – Special Treatment For North And Penelope
gossipcop-3368803232,variety.com/2018/tv/news/michael-strahan-sara-haines-good-morning-america-1202880388/,"Michael Strahan, Sara Haines Will Host ABC’s New ‘GMA’ Hour"
gossipcop-638642401,,Reese Witherspoon Divorce Crisis
gossipcop-5154199280,hollywoodlife.com/2018/05/03/caitlyn-jenner-getting-married-sophia-hutchins-secret-wedding-engagement/,"Are Caitlyn Jenner, 68, & Sophia Hutchins, 21, Getting Married? — Reportedly Making Secret Wedding Plans"
gossipcop-1398282945,ew.com/news/2017/06/08/james-comey-testimony-celebrities-react/,James Comey testifies before Congress: Celebrities react on Twitter
gossipcop-7733393536,www.celebritynetworth.com/couples/sarah-jessica-parker-matthew-broderick-net-worth/,Sarah Jessica Parker and Matthew Broderick Net Worth
gossipcop-9233245823,www.nationalenquirer.com/photos/jennifer-aniston-justin-theroux-divorce-claims/,Jennifer Aniston Racing To $225 Million Divorce
gossipcop-2699251380,en.wikipedia.org/wiki/Carrie_Fisher,Carrie Fisher
gossipcop-3062580207,radaronline.com/photos/ellen-degeneres-portia-de-rossi-marriage-meltdown-date-pics/,Ellen DeGeneres & Portia De Rossi Share Date Night
gossipcop-2022735106,www.allure.com/story/khloe-kardashian-trademarks-name-makeup-collection,"Khloé Kardashian Trademarks ""Koko"" Name for Makeup Collection"
gossipcop-4277956731,mynewsla.com/hollywood/2017/12/20/star-cover-story-kim-kanye-1-billion-divorce-busted-gossip-cop/,Star cover story of ‘Kim-Kanye $1 billion divorce’ busted by Gossip Cop
gossipcop-398843150,www.elitedaily.com/p/who-is-rihanna-dating-hassan-jameel-is-still-the-man-in-her-life-according-to-reports-8056373,"Who Is Rihanna Dating? Hassan Jameel Is Still The Man In Her Life, According To Reports"
gossipcop-1539005641,gawker.com/168637/california-supreme-court-rejects-friends-lawsuit-defends-sanctity-of-writers-room,"California Supreme Court Rejects 'Friends' Lawsuit, Defends Sanctity Of Writers' Room"
gossipcop-2218190845,hollywoodlife.com/2017/04/14/angelina-jolie-new-house-mansion-cecil-b-demille-pics/,Angelina Jolie Buys $25 Million L.A. Mansion: Prepping For Wedding? — See Pics Inside
gossipcop-1645974110,,Joe Jonas Has Flings With Fans Sophie Turner
gossipcop-2235012969,,Ashton Kutcher Forbid Mila Kunis From Working With Scott Eastwood 
gossipcop-656513706,www.etonline.com/james-brolin-reflects-20-years-marriage-barbra-streisand-exclusive-94300,James Brolin Reflects on 20 Years of Marriage With Barbra Streisand (Exclusive)
gossipcop-8663476446,www.thedailybeast.com/katie-holmes-checks-out-irish-wedding-venue,Katie Holmes Checks Out Irish Wedding Venue
gossipcop-7793200495,radaronline.com/videos/kim-kardashian-kanye-west-marriage-interview/,Kim On Crumbling Marriage To Kanye: ‘We Did Absolutely Nothing’ For Our Anniversary
gossipcop-9294163823,hollywoodlife.com/2018/03/26/khloe-kardashian-due-date-days-away-baby-birth-sisters-delivery/,Khloe Kardashian’s ‘Only Days Away’ From Giving Birth — Will Her Sisters Be In Delivery Room?
gossipcop-9782628637,www.nickiswift.com/110062/real-reason-jennifer-aniston-justin-theroux-split/,The real reason Jennifer Aniston and Justin Theroux split
gossipcop-9574358029,www.mirror.co.uk/3am/celebrity-news/angelina-jolie-smiles-children-support-11153817,Skinny Angelina Jolie reveals painfully thin arms on red carpet
gossipcop-2575149955,www.dailystar.co.uk/news/latest-news/700806/royal-wedding-2018-prince-harry-meghan-markle-cold-feet,Prince Harry gets 'cold feet' before Royal Wedding to Meghan Markle
gossipcop-1917210346,hollywoodlife.com/2017/11/08/selena-gomez-justin-bieber-double-date-taylor-swift-joe-alwyn/,Selena Gomez & Justin Bieber: She’s Hoping They Can Double Date With Taylor Swift & Joe Alwyn
gossipcop-3306108022,hollywoodlife.com/2017/02/16/jared-leto-angelina-jolie-dated-years-ago-secretly-regrets/,Jared Leto & Angelina Jolie: He Regrets Letting Her Slip Away After Secret Fling
gossipcop-6344960812,www.msn.com/en-us/news/us/justin-bieber-sanctioned-by-judge/vp-BBKQOPH,Justin Bieber sanctioned by judge
gossipcop-567316461,www.hsn.com/shop/sheryl-crow/16123,Sheryl Crow
gossipcop-1871733188,www.usmagazine.com/celebrity-news/news/al-franken-accused-of-groping-radio-host-leeann-tweeden/,Al Franken Accused of Groping Radio Host Leeann Tweeden
gossipcop-3461420682,stadtvilla1.rssing.com/pd1/ruwwok2whtlwo/l.uiUcsnAaewln/aCtilGonlSnw4f.a6hdl5hel.t//htdptperm:/oP,"Software download - freeware, shareware - RSS - Download Typhoon"
gossipcop-5944505835,www.nationalenquirer.com/mike-walker/matthew-perry-joe-scarborough-lookalikes/,Matthew Perry’s Mistaken Identity
gossipcop-542691561,www.biography.com/people/beyonce-knowles-39230,Beyoncé Knowles
gossipcop-1049883569,www.mirror.co.uk/news/world-news/meghan-markles-uni-pals-reveal-11101548,Meghan Markle's uni pals reveal her secret wild child past that could rival party-loving Prince Harry's
gossipcop-9093685718,www.usmagazine.com/celebrity-news/news/vito-schnabel-shares-his-heartbreak-over-heidi-klum-split-w505616/,Vito Schnabel Shares His Heartbreak Over Heidi Klum Split
gossipcop-1979287389,www.tmz.com/2017/11/23/miley-cyrus-pregnant-food-baby-necklace-liam/,"Miley Cyrus Says She's Not Pregnant, It's Just a Food Baby"
gossipcop-4835208673,www.imdb.com/name/nm0954658/news,Nathan Zellner - News
gossipcop-3531503671,www.lifeandstylemag.com/posts/stars-who-blamed-their-spouses-for-their-weight-gain-105732,"Kris Jenner, Jennifer Aniston, and More Stars Who Blamed Their Significant Others For Their Weight Gain"
gossipcop-2211260486,www.elle.com/culture/celebrities/a20980792/alexandra-daddario-friendzones-zac-efron-kills-dating-rumor/,Alexandra Daddario Shuts Down Zac Efron Dating Reports a Second Time
gossipcop-7982799856,radaronline.com/exclusives/2018/06/angelina-jolie-brad-pitt-custody-fight-explodes/,Stressed Angelina ‘Melting Down’ After Custody War With Brad Explodes!
gossipcop-7306553881,radaronline.com/videos/david-schwimmer-custody-friends/,David Schwimmer Trapped In Nasty Custody Battle With British Ex
gossipcop-3147392811,www.usmagazine.com/celebrity-news/news/jennifer-garner-is-not-surprised-ben-affleck-is-dating-a-playboy-model/,Jennifer Garner Is ‘Not Surprised’ Ben Affleck Is Dating a ‘Playboy’ Model
gossipcop-9971551403,www.dailymail.co.uk/news/article-5946741/George-Lopez-films-urinating-President-Trumps-star-Hollywood-Walk-Fame.html,George Lopez films himself 'urinating' on Trump's Hollywood star
gossipcop-4766639751,hollywoodlife.com/2014/11/09/liam-hemsworth-jennifer-lawrence-friendship-miley-cyrus-breakup/,Jennifer Lawrence & Liam Hemsworth: How They Bonded After Miley Cyrus Split
gossipcop-9186166001,www.scmp.com/magazines/style/people-events/article/2145017/meghan-markle-fashionista-facing-royal-makeover,"Meghan Markle, the fashionista facing a royal makeover"
gossipcop-5774381585,www.etonline.com/inside-brad-pitts-home-visits-his-kids-exclusive-94025,Inside Brad Pitt's Home Visits With His Kids (Exclusive)
gossipcop-4598515061,www.emirates247.com/entertainment/jennifer-aniston-casually-dating-again-2018-07-07-1.671133,Jennifer Aniston casually dating again
gossipcop-9666774741,www.usmagazine.com/celebrity-news/news/ariana-grandes-manager-scooter-braun-talks-las-vegas-shooting-w506564/,Ariana Grande's Manager Scooter Braun Talks Las Vegas Shooting
gossipcop-8469534001,www.dailymail.co.uk/tvshowbiz/article-5622883/Brad-Pitts-genius-new-love-Neri-Oxman-steps-black-outfit-just-like-ex-Angelina-Jolie.html,Brad Pitt's genius new love Neri Oxman steps out in all black outfit
gossipcop-4614223847,variety.com/2017/film/news/amy-schumer-barbie-1202015233/,Amy Schumer Drops Out of ‘Barbie’ Movie – Variety
gossipcop-1864911369,www.imdb.com/news/ni61489464,"“Outlander” Stars Sam Heughan, ‎Caitriona Balfe Tease Season 3 Reunion On “Gma”"
gossipcop-320737206,www.thesun.co.uk/tvandshowbiz/5594388/jennifer-aniston-justin-theroux-split-marriage-reason-fights-neighbour/,"Jennifer Aniston and Justin Theroux’s furious fights with New York neighbour and his bike being covered in sausage the ‘real reason for their split’, claim reports"
gossipcop-1365192937,www.usmagazine.com/celebrity-news/news/colin-jost-calls-scarlett-johansson-his-girlfriend-on-saturday-night-live/,Colin Jost Calls Scarlett Johansson His Girlfriend on ‘Saturday Night Live’
gossipcop-7628768213,www.dailymail.co.uk/tvshowbiz/article-4723388/Chris-Hemsworth-s-comments-star-upset-Elsa-Pataky.html,Chris Hemsworth's comments on co-star 'upset' Elsa Pataky
gossipcop-8192653419,www.vanityfair.com/style/2017/03/kate-middleton-prince-william-ski-trip,Kate Middleton Is “Less than Pleased” with Prince William’s Ski-Trip Behavior
gossipcop-1399234045,pagesix.com/2018/04/13/destinys-child-to-perform-at-coachella/,Beyoncé to reunite with Destiny’s Child at Coachella
gossipcop-1660278855,www.nme.com/news/music/justin-bieber-selena-gomez-back-together-2246433,"It looks like Justin Bieber and Selena Gomez are back together, and their fans are losing it"
gossipcop-210240828,www.pinterest.dk/pin/120189883789612552/,Justin Theroux Steps Out Sans Wedding Ring After Split: Pics
gossipcop-1546564922,hollywoodlife.com/2018/06/29/meghan-markle-upset-royal-faux-pas-prince-harry-support/,Meghan Markle In ‘Tears’ Over Scrutiny Of Her Royal Faux Pas: How Prince Harry Is Supporting Her
gossipcop-9820885769,toofab.com/2018/08/01/catherine-zeta-jones-lookalike-daughter-carys-makes-magazine-debut-talks-douglas-dynasty/,"Catherine Zeta-Jones' Lookalike Daughter Carys Makes Magazine Debut, Talks 'Douglas Dynasty'"
gossipcop-3361416112,people.com/style/kendall-kylie-jenner-tupac-shirt-lawsuit-dropped/,Kendall and Kylie Jenner's Tupac T-Shirt Lawsuit Has Been Dropped
gossipcop-7013719242,www.express.co.uk/life-style/life/926002/kate-middleton-pregnant-news-twins-baby,Royal baby: Is Kate Middleton having twins? Do double births run in the Royal Family?
gossipcop-4401741378,www.msn.com/en-my/video/news/kylie-jenner-cool-with-travis-scott-taking-parenting-breaks-hollywood-buzz/vi-BBKs86W,"Kylie Jenner ""Cool"" With Travis Scott Taking ""Parenting Breaks"" | Hollywood Buzz"
gossipcop-9697644475,www.cosmopolitan.com/entertainment/celebs/news/a50446/kylie-jenner-tyga-dating-relationship-timeline/,A Definitive Timeline of Kylie Jenner and Tyga's Relationship
gossipcop-5002080659,www.aol.com/article/lifestyle/2018/07/02/people-are-really-excited-to-see-that-meghan-markles-old-style-is-back/23473109/,People are really excited to see that Meghan Markle's old style is back
gossipcop-7622692972,www.etonline.com/al-roker-reacts-to-matt-lauers-recent-public-statement-following-today-show-firing-exclusive-101410,Al Roker Reacts to Matt Lauer's Recent Public Statement Following 'Today' Show Firing (Exclusive)
gossipcop-5228261003,oscar.go.com/live,Oscars Live Stream 2018 – Watch Academy Awards Online
gossipcop-522939177,sffq.aviazione.biz/,Baby of Robert Pattinson
gossipcop-5164129802,www.inquisitr.com/4904075/jennifer-aniston-isnt-dating-jake-gyllenhaal-despite-report-that-reese-witherspoon-set-them-up-debunked/,"Jennifer Aniston Isn’t Dating Jake Gyllenhaal, Despite Report That Reese Witherspoon Set Them Up [Debunked]"
gossipcop-9145090502,www.thecut.com/2018/06/meghan-markle-garlic-not-allowed.html,Meghan Markle Can’t Eat Garlic When She’s Abroad
gossipcop-9070961130,www.elle.com/culture/celebrities/a21207423/pippa-middleton-pregnancy-announcement-column/,Pippa Middleton Announces Her Pregnancy in a Fitness Column
gossipcop-7482501796,www.thedailybeast.com/katie-holmes-long-road-to-freedom-from-tom-cruise,Tom Cruise’s Strange Hold Over Katie Holmes: From Scientology Minders to the ‘Dating Ban’
gossipcop-1509983640,www.eonline.com/news/887181/james-corden-apologizes-for-harvey-weinstein-jokes-at-amfar-gala-i-am-truly-sorry,James Corden Apologizes for Harvey Weinstein Jokes at amfAR Gala: ''I Am Truly Sorry''
gossipcop-2080727909,pagesix.com/2018/05/23/royal-wedding-guest-sells-gift-bag-for-nearly-30k-on-ebay/,Royal wedding guest sells gift bag for nearly $30K on eBay
gossipcop-4695766821,www.usmagazine.com/entertainment/news/kuwtk-recap-kris-jenner-is-in-denial-about-o-j-simpsons-parole/,'KUWTK' Recap: Kris Jenner Is in Denial About O.J. Simpson's Parole
gossipcop-4486929567,,Bindi Irwin Does NOT Believe Chandler Powell Is Late Dad ’ s Reincarnation  Despite Late And Wrong Report
gossipcop-1445531939,www.businessinsider.com/kylie-jenner-richer-than-kim-kardashian-report-2018-7,"Kylie Jenner is on the cusp of becoming the world's youngest self-made billionaire, with Forbes estimating her net worth to be 3 times as large as Kim Kardashian's"
gossipcop-2934272661,soflvideo.ru/watch/Mark-Wahlberg%27s-Wife-[Rhea-Durham]---2018,Mark Wahlberg's Wife [Rhea Durham] 2018 - Скачать видео с ютуба без программ бесплатно
gossipcop-2137782347,www.sohh.com/teyana-taylor-tickled-by-kanye-west-dating-gossip-they-got-me-dien-over-here/,"Teyana Taylor Tickled By Kanye West Dating Gossip, ""[They] Got Me Die'N Over Here!"" – SOHH.com"
gossipcop-2285523495,wjla.com/news/entertainment/brad-pitt-hits-back-at-angelina-jolie-over-child-support-jab,Brad Pitt hits back at Angelina Jolie over child support jab
gossipcop-3687021518,www.imdb.com/news/ni61311486,"Lance Bass Love Triangle With Tyson Beckford, Michael Turchin Not True"
gossipcop-5571473271,hollywoodlife.com/2018/05/16/selena-gomez-wants-to-fall-in-love-meet-future-husband/,Selena Gomez Wants To Fall In Love After Justin Bieber Split: She’s Ready To Meet Her Future Husband
gossipcop-3816475916,www.mirror.co.uk/3am/celebrity-news/angelina-jolie-being-consoled-johnny-8910054,Angelina Jolie being 'consoled' by Johnny Depp as she gears up for divorce battle with Brad Pitt
gossipcop-3178329969,www.eonline.com/news/869256/kristen-stewart-and-robert-pattinson-5-years-later-how-they-bounced-back-after-the-affair,"Kristen Stewart and Robert Pattinson, 5 Years Later: How They Bounced Back After the Affair"
gossipcop-704613811,www.oscars.org/news/academy-and-abc-announce-key-dates-90th-oscars,THE ACADEMY AND ABC ANNOUNCE KEY DATES FOR 90TH OSCARS
gossipcop-6478252899,,    Kim Kardashian Did NOT Hot Staffer Hot Staffer To Save Marriage Save Marriage  Despite Claim
gossipcop-3707665860,jezebel.com/megyn-kelly-today-today-wasting-away-again-in-megynke-1819315902,"Megyn Kelly Today, Today: Wasting Away Again In Megynkellyville"
gossipcop-9429546606,radaronline.com/videos/jane-fonda-mental-breakdown/,Sick Jane Fonda’s Mental Meltdown!
gossipcop-9800162301,en.wikipedia.org/wiki/That_%2770s_Show,That '70s Show
gossipcop-2558179704,www.christianpost.com/news/brad-pitt-and-sandra-bullock-dating-rumors-is-george-clooney-matchmaking-the-next-major-hollywood-pair-178784/,Brad Pitt and Sandra Bullock Dating Rumors: Is George Clooney Matchmaking the Pair?
gossipcop-3428558461,www.nationalenquirer.com/photos/angelina-jolie-brad-pitt-child-custody/,Angelina Fleeing The Country With Brad’s Kids
gossipcop-3219523297,,Kylie Jenner Had Surgery To Like Kourtney Kardashian 
gossipcop-1811064392,stellar.ie/trending/plan-b-kim-kardashian-says-shes-begging-her-little-sister-khloe-to-carry-her-third-baby/47271,Plan B? Kim Kardashian Says She’s Begging Her Little Sister Khloe To Carry Her Third Baby
gossipcop-9692974219,www.usatoday.com/story/life/entertainthis/2017/02/02/bachelor-ben-higgins-lauren-bushnell-split-rumors/97388098/,Ben Higgins fights 'fake news' of split with Lauren Bushnell with romantic Instagram
gossipcop-3663225246,www.tv.com/shows/live-with-kelly-and-ryan/reviews/,LIVE with Kelly and Ryan
gossipcop-9210923660,www.elle.com/culture/movies-tv/g17765125/timeline-sarah-jessica-parker-kim-cattrall-sex-and-the-city-feud/,Why Does Kim Cattrall Hate Sarah Jessica Parker? A Timeline of the Sex and the City Feud
gossipcop-9533859944,metro.co.uk/2018/04/16/nicole-kidman-wants-keith-urban-join-cast-big-little-lies-not-convinced-7471560/,Nicole Kidman wants Keith Urban to join cast of Big Little Lies but he’s not convinced
gossipcop-4306645282,www.independent.co.uk/life-style/hailey-baldwin-justin-bieber-engaged-who-is-she-model-stephen-a8438196.html,Who is Hailey Baldwin? Justin Bieber's new fiancée
gossipcop-6874808388,www.elitedaily.com/p/selena-gomezs-reported-reaction-to-justin-biebers-engagement-confirmation-seems-like-idgaf-9717944,Selena Gomez's Reported Reaction To Justin Bieber's Engagement Confirmation Seems Like IDGAF
gossipcop-842443046,www.hollywoodreporter.com/news/george-clooney-leaving-lake-como-365525,George Clooney Looking to Sell Italian Villa Because of Paparazzi (Report)
gossipcop-7261144096,www.inquisitr.com/3573812/robert-pattinson-fka-twigs-expecting-a-baby/,"Robert Pattinson, FKA Twigs Expecting A Baby?"
gossipcop-4262449224,www.nytimes.com/2018/05/01/arts/music/kanye-west-charlamagne-interview-tmz.html,"What Kanye West Said About Slavery, Obama and Mental Health in His New Interviews"
gossipcop-4363700284,thestir.cafemom.com/celebrities/211240/ben-affleck-jennifer-garner-back,Jennifer Garner Told 'She Can Do Better' Amid Reports She & Ben Affleck Are 'Spending Nights Together'
gossipcop-9034651049,www.vanityfair.com/style/2017/10/jennifer-lopez-alex-rodriguez-cover-story,"J-Rod! Jennifer Lopez and Alex Rodriguez on Love, Beauty, and Redemption"
gossipcop-3622584308,www.dailymail.co.uk/tvshowbiz/article-5697191/Justin-Theroux-flashes-beard-girlfriend-Petra-Collins-Jennifer-Aniston-split.html,Justin Theroux flashes beard while with 'girlfriend' Petra Collins
gossipcop-4419486051,home.bt.com/lifestyle/fashion-beauty/8-of-the-worlds-most-expensive-wedding-dresses-11363904162983,8 of the world’s most expensive wedding dresses
gossipcop-1244264367,okmagazine.com/photos/rihanna-hassan-jameel-blowout-fight-smoking-weed/,Rihanna Has A 'Blowout Fight' With Hassan Jameel Over Her Smoking Weed
gossipcop-4025456648,www.newidea.com.au/prince-william-and-kate-middleton-warn-prince-charles-and-camilla-to-stay-away-from-prince-louis,Prince William and Kate Middleton warn Prince Charles and Camilla to stay away from Prince Louis
gossipcop-8888811836,www.usatoday.com/story/life/people/2017/03/16/plastic-surgery-requests-ivanka-trump/99225796/,Would you spend $30K to look like Ivanka Trump?
gossipcop-7214373699,radaronline.com/videos/justin-theroux-tell-all-jennifer-aniston-dark-secrets/,Jen’s Nightmare! Justin Could Spill Star’s Dark Secrets In Scathing Tell-All
gossipcop-9997057215,okmagazine.com/photos/jennifer-garner-ben-affleck-caught-flirting-touching-church-photos/,Back Together? Jennifer Garner & Ben Affleck Caught Getting Super Flirty During Church Visit
gossipcop-9188183978,www.cosmopolitan.com/entertainment/a20883692/selena-gomez-justin-theroux-dating-relationship/,Here's Whattup with All Those Rumors That Selena Gomez and Justin Theroux Are Dating
gossipcop-4768952264,www.imdb.com/news/ni61549754,"Elle Fanning, Maisie Williams Feuding?"
gossipcop-1697863049,www.newidea.com.au/brad-pitt-and-jennifer-aniston-marry-on-their-18th-anniversary,Brad and Jen ‘just married’ on their 18th anniversary
gossipcop-3016533567,www.msn.com/en-sg/entertainment/celebrity/tobey-maguire-scored-emma-stone%E2%80%99s-phone-number/ar-AAmk90h?li=BBr8zL1,Tobey Maguire Scored Emma Stone’s Phone Number?
gossipcop-9368033663,www.thesun.co.uk/tvandshowbiz/celebrities/6644453/katie-holmes-jamie-foxx-split-wedding-tom-cruise/,Katie Holmes ‘splits’ with Jamie Foxx and ‘calls off wedding’ months after revealing secret five-year romance
gossipcop-6054897463,,Kourtney Kardashian Demanding Kris Jenner Kick Scott Disick Show  Report
gossipcop-947530966,www.mirror.co.uk/all-about/kris-jenner,"Latest news, views, gossip, pictures, video"
gossipcop-8687997630,www.wwltv.com/video/entertainment/television/programs/daily-blast-live/jennifer-anistons-divorce-from-justin-theroux-is-turning-into-a-dog-fight/508-8139362,Jennifer Aniston's divorce from Justin Theroux is turning into a dog fight
gossipcop-3282186402,www.digitalspy.com/movies/aquaman/news/a859502/aquaman-first-look-at-nicole-kidman-as-atlanna-black-manta/,Aquaman offers first look at Nicole Kidman's Atlanna and villainous Black Manta
gossipcop-5691814308,theblast.com/kim-kardashian-kanye-west-tweets/,Kim Kardashian Jumps into Kanye West Twitter Storm with ‘KUWTK’ Joke
gossipcop-893288819,hollywoodlife.com/2017/06/16/george-clooney-fathers-day-plans-amal-baby-twins/,George Clooney Planning ‘Complete Bed Day’ With Amal & Twins On Father’s Day
gossipcop-5819688815,variety.com/2017/biz/news/president-trump-james-comey-tweet-total-complete-vindication-1202459855/,"President Trump Blasts James Comey for ‘Lies,’ Declares ‘Total and Complete Vindication’"
gossipcop-6647214659,variety.com/2017/tv/awards/emmy-snubs-oprah-winfrey-biggest-snub-jimmy-fallon-snub-americans-snub-no-nomination-1202491464/,Emmy Snubs: Oprah Winfrey Snub & 5 Others Who Deserved a Nomination – Variety
gossipcop-8912016613,www.imdb.com/news/ni61360351,"LeAnn Rimes’ Short Haircut Does Not Signify Dumping Eddie Cibrian, Despite Report"
gossipcop-1536255789,www.cosmopolitan.com/entertainment/a22505974/kim-kardashian-bikini-pic-instagram-shy/,Kim Kardashian Trolling Her Own Bikini Pic on Instagram Is Everything
gossipcop-1699284758,www.chicagotribune.com/lifestyles/stevens/ct-life-stevens-thursday-megyn-kelly-jane-fonda-0928-story.html,Megyn Kelly asks Jane Fonda about plastic surgery; schooling ensues
gossipcop-991937239,www.nationalenquirer.com/photos/caitlyn-jenner-gay-wedding-sophia/,Caitlyn Jenner Turns Bridezilla For Wedding Chaos
gossipcop-5930092414,radaronline.com/photos/jennifer-aniston-jets-away-after-failing-to-rekindle-with-brad-pitt/,Jennifer Aniston Jets Away After Failing To Rekindle With Brad Pitt – See The Photos
gossipcop-9071930032,www.aceshowbiz.com/news/view/00106150.html,Selena Gomez May Dump The Weeknd After He's Caught Texting Ex Bella Hadid
gossipcop-9370639361,hollywoodlife.com/2018/03/16/gwen-stefani-supporting-blake-shelton-the-voice-ratings-american-idol/,Gwen Stefani Supporting Blake Shelton To Kick Katy Perry & ‘American Idol’s Butt In Ratings War
gossipcop-5822017181,,  Selena Gomez   Justin Bieber NOT Reconnecting Reconnecting Despite Reports
gossipcop-7632253687,bobbybones.iheart.com/content/2017-08-14-taylor-swift-wins-countersuit-against-dj-david-mueller-in-groping-trial/,Taylor Swift Wins Countersuit Against DJ David Mueller In Groping Trial
gossipcop-3140030671,www.huffingtonpost.com/entry/liam-payne-and-singer-cheryl-cole-split-after-two-years-together_us_5b3a4260e4b09e4a8b25d7e1,Liam Payne And Singer Cheryl Cole Split After Over Two Years Together
gossipcop-2345398796,"en.wikipedia.org/wiki/Meghan,_Duchess_of_Sussex","Meghan, Duchess of Sussex"
gossipcop-9003093106,www.foxnews.com/entertainment/2018/05/28/prince-harry-and-meghan-markles-honeymoon-details-revealed.html,Prince Harry and Meghan Markle's honeymoon details revealed
gossipcop-9897372498,www.inquisitr.com/5029595/jennifer-aniston-moving-to-nyc-where-ex-justin-theroux-resides-to-film-new-apple-series/,"Jennifer Aniston Moving To NYC, Where Ex Justin Theroux Resides, To Film New Apple Series"
gossipcop-4514188480,www.townandcountrymag.com/the-scene/weddings/a20964314/royal-wedding-rumors-debunked/,Gossip Behind Prince Harry and Meghan Markle's Wedding Explained
gossipcop-5516587496,people.com/parents/jennifer-lopez-alex-rodriguez-daughters-dance-recital-marc-anthony/,J. Lo and A-Rod Attend Their Daughters' Dance Recital — and Pose with Her Ex Marc Anthony
gossipcop-9895751220,hollywoodlife.com/2012/11/17/justin-bieber-selena-gomez-dating-restaurant-fight/,Selena Gomez & Justin Bieber Have Huge Fight After Dinner Date
gossipcop-383021129,people.com/parents/kendall-jenner-special-bond-niece-stormi-kylie-jenner/,Kendall Jenner Has a 'Really Special Connection' with Niece Stormi: She's 'So Comfortable with Me'
gossipcop-312832224,hollywoodlife.com/2018/03/06/scott-disick-kourtney-kardashian-deleting-instagram-younes-bendjima/,Scott Disick Ready To Ghost Sofia Richie For Kourtney Kardashian If She’s Split From Younes Bendjima
gossipcop-2856846379,www.lifeandstylemag.com/posts/kylie-jenner-pregnant-miserable-152765,"Kylie Jenner's Pregnancy ""Has Been Hell"" — She's Never Been More Miserable (EXCLUSIVE)"
gossipcop-9033391557,www.dailymail.co.uk/news/article-4410398/Caitlyn-Jenner-planning-NUDE-photo-shoot.html,Caitlyn Jenner is planning a NUDE photo shoot
gossipcop-1566205040,mixgulfcoast.iheart.com/content/2017-01-13-flo-rida-not-performing-at-donald-trump-inauguration-despite-report/,"Flo Rida Not Performing At Donald Trump Inauguration, Despite Report"
gossipcop-1046174363,www.business-standard.com/article/pti-stories/kris-jenner-developing-kardashian-kids-spin-off-116081600081_1.html,Kris Jenner developing Kardashian kids spin-off?
gossipcop-2583430416,,  Kim Kardashian NOT Considering Leaving Considering Leaving Kanye West Or Announcing Divorce
gossipcop-2319128159,,Ellen DeGeneres  Drew Barrymore Feuding Over ‘ First Dates ’ Reality Show 
gossipcop-5828309336,radaronline.com/videos/caitlyn-jenner-modeling-career-steals-kendall-jenner-job/,Model Mom! Caitlyn Hits The Catwalk In Bold Career Move
gossipcop-9767818052,www.dailymail.co.uk/tvshowbiz/article-3710458/Jennifer-Garner-44-tries-hard-act-unperturbed-asked-s-pregnant-estranged-husband-Ben-Affleck.html,"Jennifer Garner, 44, tries hard to act unperturbed when asked if she's pregnant with estranged husband Ben Affleck"
gossipcop-5170642059,www.thecut.com/2018/06/sofia-richie-scott-disick-dating-again.html,"Why Did Sofia Richie, 19, Take Scott Disick, 35, Back?"
gossipcop-7552298822,people.com/country/blake-shelton-gwen-stefani-thought-relationship-rebound-at-first/,Blake Shelton Says He and Gwen Stefani Thought Their Relationship Was a 'Rebound Deal' at First
gossipcop-1239121151,hollywoodlife.com/2018/07/18/selena-gomez-wants-boyfriend-second-chance-love-after-justin-bieber/,Selena Gomez Wants ‘Perfect BF’ After Failed Justin Bieber Romance: Her Deal Breakers Revealed
gossipcop-6605624682,www.thesun.co.uk/tvandshowbiz/2466587/cheryl-liam-payne-son-bear-split/,When was Cheryl and Liam Payne’s son Bear born and what does his name mean?
gossipcop-3520745692,hollywoodlife.com/2018/05/23/kylie-jenner-pregnancy-scare-travis-scott-reaction/,Kylie Jenner Suffers Pregnancy Scare 3 Months After Giving Birth To Stormi — Did Travis Freak Out?
gossipcop-655050022,www.inquisitr.com/4852661/channing-tatum-jenna-dewan-jealousy-bitter-fights-led-to-split-reports-radar-online/,"Channing Tatum & Jenna Dewan: Jealousy & ‘Bitter’ Fights Led To Split, Reports ‘Radar Online’"
gossipcop-8089926383,www.usmagazine.com/page/3200/?KSID=607a3bab270a0339e615a3b4eb41480b&p=0,Page 3200 – Us Weekly
gossipcop-2320729409,www.eonline.com/news/897103/inside-khloe-kardashian-and-tristan-thompson-s-baby-s-nursery,Inside Khloe Kardashian and Tristan Thompson's Baby's Nursery
gossipcop-5404890886,people.com/politics/people-president-trump-blocked-twitter-chrissy-teigen-stephen-king/,"Good News, Chrissy Teigen: Judge Rules Trump Violates First Amendment by Blocking Twitter Followers"
gossipcop-4867710974,people.com/tv/maks-chmerkovskiy-returns-dwts-after-skipping-personal-issue/,Maks Chmerkovskiy Returns to Dancing with the Stars After Skipping Last Week Due to 'Personal Issue'
gossipcop-4356794684,www.elitedaily.com/p/kim-kardashians-tweet-about-kylie-jenners-forbes-cover-proves-shes-far-from-jealous-9739386,Kim Kardashian's Tweet About Kylie Jenner's 'Forbes' Cover Proves She's Far From Jealous
gossipcop-6227701232,www.dailymail.co.uk/tvshowbiz/article-5524665/Blake-Shelton-reveals-missed-having-kids-own.html,Blake Shelton reveals that he 'missed out' on having kids of his own
gossipcop-1134909578,people.com/movies/how-jennifer-aniston-is-coping-after-split-she-isnt-a-fan-of-dating-but-still-believes-in-love/,How Jennifer Aniston Is Coping After Split: She 'Isn't a Fan' of Dating But Still Believes in Love
gossipcop-2274729224,www.eonline.com/videos/202781/kourtney-kim-kim-allergic-to-cats,Kourtney & Kim: Kim Allergic to Cats?
gossipcop-8470956010,www.romper.com/p/are-prince-harry-meghan-markle-living-together-now-they-did-long-distance-for-a-long-time-9097519,Are Prince Harry & Meghan Markle Living Together Now? They Did Long Distance For A Long Time
gossipcop-4637304937,www.dailystar.co.uk/news/latest-news/717994/prince-george-birthday-5-kate-middleton-king-prince-william-royal-family-latest-news,Kate Middleton and Prince William keeping a HUGE secret from George to ‘protect him’
gossipcop-7276271383,www.intouchweekly.com/posts/khloe-kardashian-tristan-thompson-affair-another-woman-158321,New Intimate Details of Tristan Thompson's Affair Prove It's Worse Than Khloé Kardashian Knows (EXCLUSIVE)
gossipcop-9993987206,www.yahoo.com/entertainment/margot-robbie-confirms-marriage-to-tom-ackerley-with-the-flip-of-a-finger-155419496.html,Margot Robbie Confirms Marriage to Tom Ackerley — With the Flip of a Finger
gossipcop-5937738884,people.com/movies/channing-tatum-jenna-dewan-split-nearly-nine-years-marriage/,Channing Tatum and Jenna Dewan Split After 9 Years of Marriage
gossipcop-121016029,www.msn.com/en-us/movies/celebrity/justin-theroux-pursuing-emma-stone-following-jennifer-aniston-split/ar-BBKaeh6,Justin Theroux Pursuing Emma Stone Following Jennifer Aniston Split?
gossipcop-1413413611,slate.com/culture/2018/06/bradley-cooper-learns-to-sing-for-new-film.html,Bradley Cooper learns to sing for new film.
gossipcop-1698175515,www.ibtimes.com/camilla-parker-bowles-not-writing-tell-all-book-about-royal-family-report-says-2662753,"Camilla Parker-Bowles Not Writing Tell-All Book About Royal Family, Report Says"
gossipcop-7971438224,www.msn.com/en-us/movies/celebrity/jennifer-garner-dating-finding-love-again/ar-BBICLDp,"Jennifer Garner Dating, Finding Love Again?"
gossipcop-2823169336,variety.com/2017/biz/news/president-trump-arnold-schwarzenegger-apprentice-fired-1202002170/,President Trump Slams Arnold Schwarzenegger for Exiting ‘The Apprentice’: ‘He Was Fired’
gossipcop-1402129558,www.hollywoodreporter.com/news/kate-hudsons-a-line-lob-854217,This Is How Kate Hudson's 7-Inch Golden Globes Haircut Came About
gossipcop-7550379065,www.stuff.co.nz/entertainment/celebrities/84498433/how-will-brad-pitt-and-angelina-jolie-split-up-their-empire,How will Brad Pitt and Angelina Jolie split up their empire?
gossipcop-8129430513,radaronline.com/exclusives/2018/06/angelina-jolie-mystery-man-new-boyfriend-british-millionaire/,In Love Again! Angelina Getting Serious With British Mystery Man
gossipcop-4839688956,www.intouchweekly.com/posts/jennifer-aniston-pregnant-105227,Jennifer Aniston Pregnant With a Miracle Baby at Age 47 (EXCLUSIVE)
gossipcop-9535399657,www.pinterest.co.uk/pin/366269382185789533/,... Response to: Chris Brown Gets FOUR New Cartoonish Tattoos on His Legs
gossipcop-5152718676,www.intouchweekly.com/posts/jennifer-garner-ben-affleck-pregnancy-112222,Jennifer Garner and Ben Affleck Expecting Their 4th Child Together Following Surprise Pregnancy Bombshell (EXCLUSIVE)
gossipcop-1925612704,radaronline.com/videos/mila-kunis-feud-leslie-mann-bad-moms/,The Claws Are Out! Mila Kunis’ Nasty ‘Bad Moms’ Feud With Leslie Mann Explodes
gossipcop-4403265061,news.google.com/stories/CAAqeAgKInJDQklTVHpvSmMzUnZjbmt0TXpZd1NrSUtFUWlwM0lmQmpJQU1FV3hsSEswaFJLZjVFaTFPYVdOdmJHVWdTMmxrYldGdUlHOXdaVzV6SUhWd0lHRmliM1YwSUhSM2J5QnRhWE5qWVhKeWFXRm5aWE1vQUFQAQ,Nicole Kidman opens up about two miscarriages
gossipcop-6793578954,www.datalounge.com/thread/21350471-jennifer-aniston-heartbreak-as-justin-theroux-emma-stone-%E2%80%98get-serious%E2%80%99,Jennifer Aniston Heartbreak As Justin Theroux & Emma Stone ‘Get Serious’
gossipcop-2455582157,www.hollywoodreporter.com/news/madonna-moving-rome-364751,Madonna Considering a Move to Rome (Report)
gossipcop-5483827991,www.dailymail.co.uk/news/article-4237602/Robin-Roberts-Michael-Strahan-spark-feud-rumors.html,Robin Roberts and Michael Strahan spark feud rumors
gossipcop-1801530199,www.oxygen.com/very-real/khloe-kardashians-ex-james-harden-explains-why-dating-her-sucked,Khloé Kardashian's Ex James Harden Explains Why Dating Her Sucked
gossipcop-7837560693,collider.com/ashley-judd-interview-berlin-station-twin-peaks/,Ashley Judd on ‘Berlin Station’ Season 2 & Working with David Lynch on ‘Twin Peaks’
gossipcop-1976736399,people.com/celebrity/a-timeline-of-the-complicated-relationship-between-taylor-swift-and-kim-kardashian-west/,A Timeline of the Complicated Relationship Between Taylor Swift and Kim Kardashian West
gossipcop-1919108585,glabellar55.rssing.com/NtpKtrJpeV:Sx/e8/adwrIwchwhH..mbcxlftumEe?qlCEerptigtteeenrrLbikia6b=1l1tePi.e8otDreYgrn/+Ls2Ie.sa4Wr&ectSh=h,Deep Throat - Download HQ Porn
gossipcop-8018481296,www.dailymail.co.uk/femail/article-5032503/White-Witch-warns-Angelina-Jolie-against-using-spells.html,White Witch warns Angelina Jolie against using spells
gossipcop-7868140335,www.nationalenquirer.com/celebrity/miley-cyrus-liam-hemsworth-mermaid/,Miley Cyrus’ Fiance In Mermaid Panic
gossipcop-3449648617,www.today.com/popculture/biden-celebrities-tweet-support-julia-louis-dreyfus-after-breast-cancer-t116867,"'Veeps stick together': Biden, celebrities tweet support for Julia Louis-Dreyfus"
gossipcop-8081154837,starmagazine.com/2017/06/23/elisabeth-moss-alex-ross-perry-dating/,Elisabeth Moss Secretly Seeing Director Alex Ross Perry
gossipcop-9720326723,www.refinery29.com/2017/08/169831/bella-hadid-victorias-secret-fashion-show-2017,Bella Hadid Will Be Walking This Year's Victoria's Secret Fashion Show
gossipcop-7414166530,www.tmz.com/2018/08/23/drake-kourtney-kardashian-ex-younes-bendjima-attacks-man-video/,"Drake, Odell Beckham Jr Watch as Kourtney's Ex Younes Bendjima Brutally Attacks Man"
gossipcop-1031800447,au.be.yahoo.com/keith-urban-reportedly-gives-nicole-kidman-an-ultimatum-40021435.html,Keith Urban gives Nicole Kidman ultimatum
gossipcop-6887785794,people.com/celebrity/celebrities-honor-martin-luther-king-jr-twitter/,"Celebrities and Politicians Collaborate to Honor Martin Luther King, Jr."
gossipcop-2157078973,www.brides.com/story/alex-rodriguez-shuts-down-jennifer-lopez-engagement-rumors,A-Rod Has This to Say About Those Jennifer Lopez Engagement Rumors
gossipcop-3795942487,www.celebritynetworth.com/richest-celebrities/actors/dean-mcdermott-net-worth/,Dean McDermott Net Worth
gossipcop-691031731,radaronline.com/exclusives/2018/01/kim-kardashian-baby-name-shocker-sister-kylie-jenner-fight/,Kim Kardashian Baby Name Shocker! Star Fights With Pregnant Kylie Over What To Call Daughter
gossipcop-1977287307,en.wikipedia.org/wiki/Super_Bowl_XXXVIII_halftime_show_controversy,Super Bowl XXXVIII halftime show controversy
gossipcop-7483029946,www.celebitchy.com/126833/star_girly_princess_suri_cruise_vs_tomboy_supreme_shiloh_jolie-pitt/,Star: Girly princess Suri Cruise vs. tomboy supreme Shiloh Jolie-Pitt
gossipcop-1527285630,www.msn.com/en-ph/entertainment/celebrity/jamie-foxx-%E2%80%98betrayed%E2%80%99-katie-holmes-by-%E2%80%98flirting%E2%80%99-with-mystery-blonde/ar-BBL9DfA,Jamie Foxx ‘Betrayed’ Katie Holmes By ‘Flirting’ With Mystery Blonde?
gossipcop-3255695027,,Kylie Jenner Spends Only One Hour A Day With Baby Stormi 
gossipcop-1413519098,www.intouchweekly.com/posts/tristan-thompson-feels-dumped-khloe-kardashian-162092,"Tristan Thompson Feels ""Dumped"" After Khloé Kardashian Refuses To Let Him Move Into LA Home (EXCLUSIVE)"
gossipcop-5203580690,clipreview.net/x-george-clooney-amal-required-table_61334a7841383449535455.html,"George Clooney, Amal required table near them at the restaurant have vacated?"
gossipcop-8430063090,hollywoodlife.com/2017/07/12/are-rihanna-hassan-jameel-getting-married-prenup-1-billion-dollars-relationship/,Are Rihanna & BF Hassan Jameel Talking Marriage & An Ironclad Prenup?
gossipcop-175295705,tribune.com.pk/story/1360506/reese-witherspoon-nicole-kidman-not-talking-terms/,Are Reese Witherspoon and Nicole Kidman not on talking terms?
gossipcop-5618809668,la.curbed.com/2017/10/4/16423484/beverly-hills-homeowners-ban-justin-bieber,Justin Bieber can’t get a Beverly Hills rental
gossipcop-6823819000,www.elle.com/culture/career-politics/a19582764/trumps-latest-order-ban-transgender-troops-serving/,Trump's Latest Order Bans Majority of Transgender Troops from Serving
gossipcop-7711381747,radaronline.com/exclusives/2018/04/brad-pitt-girlfriend-neri-oxman-planning-secret-summer-vacation/,Heating Up! Brad Pitt Plans Summer Getaway With Professor Girlfriend Neri Oxman
gossipcop-758468276,www.imdb.com/news/ni61570501,"O.J. Simpson Not Getting Plastic Surgery After Prison Release, Despite Report"
gossipcop-2937757392,o.canada.com/photos/10-photos-of-robert-pattinson-looking-miserable,10 Photos of Robert Pattinson looking miserable
gossipcop-5765775499,www.realitytvworld.com/news/ben-affleck-enters-rehab-with-jennifer-garner-help-1067850.php,Ben Affleck enters rehab with Jennifer Garner's help
gossipcop-2461397585,www.nationalenquirer.com/celebrity/mariah-carey-lionel-richie-feud/,Mariah Carey & Lionel Richie Tour Disaster
gossipcop-9312571596,people.com/movies/kate-hudson-brad-pitt-dating-oliver-hudson-joke/,"'Yeah, It's Been Hell' Oliver Hudson Jokes About Rumors of Brad Pitt Dating Sister Kate Hudson"
gossipcop-3289577556,friendphonespy.gayatrijoshi.online/7c5aydc/peklbju.php?pniwotmyk=separation-after-40-years-of-marriage,Separation after 40 years of marriage
gossipcop-2351174301,www.usmagazine.com/celebrity-news/news/nina-dobrev-and-orlando-bloom-are-just-friends-w477350/,Nina Dobrev and Orlando Bloom Are Just ‘Friends’
gossipcop-3136276770,hollywoodlife.com/2017/08/24/beyonce-excited-taylor-swift-kim-kardashian-diss-track-song/,Beyonce ‘Curious’ To See What Drama May Explode If Taylor Swift Drops Kim K Diss Track
gossipcop-2011566120,au.be.yahoo.com/brad-pitt-and-jen-anistons-new-business-venture-after-reunion-39554745.html,Brad Pitt and Jen Aniston's 'business venture'
gossipcop-5093798931,metro.co.uk/2018/04/16/kristen-stewart-shares-kiss-with-girlfriend-stella-maxwell-amid-rumours-shes-reconnected-with-ex-beau-robert-pattinson-7471635/,Kristen Stewart kisses model girlfriend Stella Maxwell at Coachella
gossipcop-8327439050,www.businessinsider.com/prince-harry-net-worth-2018-4,"Together, Meghan Markle and Prince Harry will be worth about $30 million — and none of that money belongs to the crown"
gossipcop-6483676946,www.thesun.co.uk/tvandshowbiz/4826871/the-kardashian-christmas-card-is-back-but-kanye-west-is-refusing-to-be-in-it/,The Kardashian Christmas card is back – but Kanye West is refusing to be in it
gossipcop-5117218962,ew.com/article/2016/03/27/easter-celebrities-social-media-messages/,Easter 2016: Celebrities share messages on social media
gossipcop-830455484,www.thisisinsider.com/miley-cyrus-liam-hemsworth-called-off-wedding-according-to-rumours-2018-7,Reports suggest Miley Cyrus and Liam Hemsworth have called off their wedding again — and it's apparently because of a disagreement over having kids
gossipcop-267792336,www.complex.com/music/2011/11/drakes-10-hottest-hook-ups/,Drake's 10 Hottest Hook-Ups
gossipcop-1656905825,www.thehollywoodgossip.com/2017/12/brad-pitt-did-he-get-plastic-surgery-after-his-divorce/,Brad Pitt: Did He Get Plastic Surgery After His Divorce?!
gossipcop-8555447697,www.instyle.com/news/katy-perry-orlando-bloom-dating,Katy Perry Accidentally Let It Slip That She's Dating Orlando Bloom ... Again
gossipcop-3996282921,www.j-14.com/posts/harry-styles-spotify-error-129673,Spotify Error Prevents Harry Styles' New Song From Being Streamed
gossipcop-6940044526,kellyandryan.com/uncategorized/ryan-bio/,LIVE with Kelly and Ryan
gossipcop-3990217217,www.celebdirtylaundry.com/2017/jennifer-garner-pregnant-and-alone-following-ben-affleck-divorce/,Jennifer Garner Pregnant And Alone Following Ben Affleck Divorce?
gossipcop-5264543381,kiisfm.iheart.com/featured/next-up/content/2017-10-03-celebrity-reaction-jimmy-kimmel-monologue-on-las-vegas-shooting-and-guns/,Celebrity Reaction: Jimmy Kimmel Monologue On Las Vegas Shooting And Guns
gossipcop-6993270746,www.worldlifestyle.com/celebs/nicole-kidman-reveals-truth-relationship-keith-urban,Nicole Kidman Reveals Truth About Her Relationship With Keith Urban
gossipcop-8474270482,hollywoodlife.com/2017/09/07/katie-holmes-jamie-foxx-relationship-secret-romance-goes-public/,Katie Holmes & Jamie Foxx ‘Tired Of Living A Lie’ — Why They’re Coming Out Now
gossipcop-494121829,www.dailymail.co.uk/tvshowbiz/article-6036983/Jennifer-Aniston-worried-Brad-Pitt-custody-battle-Angelina-Jolie.html,Jennifer Aniston worried for Brad Pitt in Angelina Jolie fight
gossipcop-682766948,www.wonderwall.com/celebrity/justin-timberlake-dropping-prince-tribute-from-concert-tour-3012962.article,Justin Timberlake Dropping Prince Tribute From Concert Tour?
gossipcop-9940130614,abcnews.go.com/Entertainment/Movies/story?id=8271226&page=1,'Funny People's' Leslie Mann's Top 5 Romantic Movies
gossipcop-7424409291,en.wikipedia.org/wiki/Bruce_Springsteen,Bruce Springsteen
gossipcop-3420402856,variety.com/2018/biz/news/brad-pitt-harvey-weinstein-threat-kill-gwyneth-paltrow-1202822084/,Gwyneth Paltrow Says Brad Pitt Threatened to ‘Kill’ Harvey Weinstein Over Alleged Harassment
gossipcop-4093235831,www.imdb.com/news/ni61583566,"Jennifer Lopez, Alex Rodriguez Getting Plastic Surgery Together?"
gossipcop-5602241919,people.com/movies/jennifer-lawrence-darren-aronofsky-split/,Jennifer Lawrence and Darren Aronofsky Split After a Year Together
gossipcop-5647859041,www.girlfriend.com.au/kourtney-kardashian-reacts-to-family-drama,Kris Jenner begs Kourtney Kardashian to take over the Kardashian empire
gossipcop-1063768757,www.vogue.com/article/emma-stone-hair-color-cruella-de-vil,Emma Stone’s Next Role Will Have the Most Extreme Hair Color Yet
gossipcop-6108996724,www.visitbritain.com/us/en/ghosts-past-5-haunted-royal-residences,Ghosts of the past: 5 haunted royal residences
gossipcop-9392133968,,Selena Gomez ’ s Friends NOT Upset About Justin Bieber Reunion  Despite Report
gossipcop-7997596104,www.vividseats.com/concerts/blake-nation-blake-shelton-tribute-tickets.html,Blake Nation - Blake Shelton Tribute Tickets
gossipcop-4506936275,okmagazine.com/photos/taylor-swift-new-song-cant-have-nice-things-diss-kanye-west-kim-kardashian/,Taylor Swift Slams Kanye West & Kim Kardashian In New Diss Track
gossipcop-624893415,hollywoodlife.com/2018/08/14/tristan-thompson-khloe-kardashian-getting-married-soon/,Khloe Kardashian Eager To Get Married To Tristan Thompson? — Why She’s ‘Not Pushing’ For It
gossipcop-8455047747,www.newidea.com.au/camilla-parker-bowles-angelina-jolie-plot-kate-middleton,Camilla Parker-Bowles and Angelina Jolie plot against Kate Middleton and Meghan Markle
gossipcop-2294437470,radaronline.com/exclusives/2017/01/kim-kardashian-stolen-jewelry-funds-terrorists-groups/,Reality Check! Kim Kardashian’s Stolen Gems Funding Evil Terrorists!
gossipcop-1867462484,www.usmagazine.com/entertainment/pictures/justin-biebers-complete-dating-history-w442728/kourtney-kardashian-w442731/,Justin Bieber’s Complete Dating History
gossipcop-523091866,www.marieclaire.com/celebrity/a20194892/selena-gomez-secret-message-justin-bieber-back-to-you/,Selena Gomez May Have Sent a Secret Message to Justin Bieber in Her Latest Instagram
gossipcop-3940486739,www.harpersbazaar.com/celebrity/latest/a9989599/ivanka-trump-why-i-disagree-with-my-dad/,Ivanka Trump Us Weekly Cover Memes
gossipcop-4458011850,www.elle.com/culture/celebrities/a13858244/meghan-markle-moving-in-with-prince-harry-report/,"Meghan Markle Is Reportedly Engaged, in London, and Moving in With Prince Harry"
gossipcop-2327450039,www.inquisitr.com/4521074/are-ryan-seacrest-and-girlfriend-shayna-taylor-on-the-verge-of-a-split-or-an-engagement/,"Are Ryan Seacrest And Girlfriend Shayna Taylor On The Verge Of A Split, Or An Engagement?"
gossipcop-6787508508,www.break.com/article/is-there-a-britney-spears-sex-tape-2752733,Is there a Britney Spears Sex Tape?
gossipcop-7125233713,hollywoodlife.com/2018/05/14/blake-shelton-gwen-stefani-baby-plans-surrogacy-adoption/,Blake Shelton & Gwen’s Baby Plans: ‘Surrogacy & Adoption’ Were Discussed On Mother’s Day
gossipcop-7190490486,www.usmagazine.com/entertainment/news/is-stephen-colletti-headed-to-the-bachelor/,Is Stephen Colletti Headed to 'The Bachelor'?!
gossipcop-168212136,,Ariel Winter  Sarah Hyland Want To Do Reality Show When ‘ Modern Family ’ Ends 
gossipcop-4184261281,www.eonline.com/videos/251954/cindy-crawford-s-daughter-kaia-gerber-talks-acting-debut,Cindy Crawford's Daughter Kaia Gerber Talks Acting Debut
gossipcop-5248691728,starcasm.net/kourtney-kardashians-secret-wedding/,Kourtney Kardashian’s secret wedding allegedly still had a camera crew
gossipcop-4968304342,people.com/movies/sherry-lansing-shares-on-set-secrets-angelina-jolie-tom-cruise-mel-gibson/,"The Real Angelina Jolie, Tom Cruise and Mel Gibson: Former Studio Exec Sherry Lansing Shares Hollywood Secrets"
gossipcop-2725577659,www.msn.com/en-us/movies/celebrity/tom-cruise-not-quitting-scientology-for-daughter-suri-despite-report/ar-BBIwdUO,"Tom Cruise NOT Quitting Scientology For Daughter Suri, Despite Report"
gossipcop-2012311671,en.mediamass.net/people/leonardo-dicaprio/gangnam-style.html,Leonardo DiCaprio goes ‘Gangnam Style’
gossipcop-8542441942,hollywoodlife.com/2018/02/12/jamie-foxx-katie-holmes-baby-pregnant-want-to-start-family/,Are Katie Holmes & Jamie Foxx Expecting A Baby? New Report Claims They Want To Start A Family
gossipcop-5511468130,www.dailymail.co.uk/tvshowbiz/article-5697191/Justin-Theroux-flashes-beard-girlfriend-Petra-Collins-Jennifer-Aniston-split.html,Justin Theroux flashes beard while with 'girlfriend' Petra Collins
gossipcop-8678284031,www.vanityfair.com/hollywood/2017/07/angelina-jolie-cover-story,Angelina Jolie’s Vanity Fair Cover Story
gossipcop-536852889,www.newshub.co.nz/home/entertainment/2018/05/khloe-kardashian-wants-her-daughter-true-to-marry-prince-george-report.html,Khloe Kardashian wants her daughter True to marry Prince George - report
gossipcop-1722053022,pagesix.com/2018/05/23/kevin-federline-wants-60k-in-monthly-child-support-from-britney-spears/,Kevin Federline wants $60K in monthly child support from Britney Spears
gossipcop-1606507932,www.vulture.com/2013/01/wilde-and-sudeikis-are-getting-married.html,Olivia Wilde and Jason Sudeikis Are Getting Married
gossipcop-1454304840,cities97.iheart.com/content/2017-10-04-obamas-celebrate-25th-anniversary-after-false-split-stories/,Obamas Celebrate 25th Anniversary After False Split Stories
gossipcop-9133915026,www.washingtonpost.com/news/arts-and-entertainment/wp/2018/08/23/do-we-need-to-know-so-much-about-ben-affleck/,Do we need to know so much about Ben Affleck?
gossipcop-2549221755,tinybuddha.com/blog/dealing-with-disappointing-relationships-change-your-expectations/,Dealing with Disappointing Relationships: Change Your Expectations
gossipcop-6756517818,, Miley Cyrus Wedding Workouts
gossipcop-7704727557,www.imdb.com/news/ni62035580,"Jennifer Aniston, Jake Gyllenhaal Went On Secret Date?"
gossipcop-7019017836,www.imdb.com/news/ni61274275,"Kate Middleton Did Not “Flirt” With Tennis Player Dominic Thiem At Wimbledon, Despite Report"
gossipcop-9612220159,www.usmagazine.com/celebrity-news/news/inside-julia-roberts-danny-moders-really-solid-marriage/,"Inside Julia Roberts, Danny Moder’s ‘Really Solid’ Marriage"
gossipcop-9763411264,www.usmagazine.com/celebrity-news/news/kendall-jenner-hospitalized-after-vitamin-drip-reaction-report/,Kendall Jenner Hospitalized After Vitamin Drip Reaction: Report
gossipcop-2101587167,www.msn.com/en-us/tv/celebrity/travis-scott-getting-pregnancy-advice-from-kanye-west/ar-BBG3nyQ,Travis Scott Getting Pregnancy Advice From Kanye West?
gossipcop-4049901176,www.scoopnest.com/user/radar_online/1020035635669864448-robert-pattinson-was-spotted-sneaking-out-of-sienna-miller-s-nyc-pad,Robert pattinson was spotted sneaking out of sienna miller's nyc pad!
gossipcop-8015976496,www.look.co.uk/news/margot-robbie-career-husband-604909,Margot Robbie Is ‘Torn’ Between Her Career And Husband Tom Ackerley
gossipcop-1498338899,www.newidea.com.au/ryan-gosling-dumps-pregnant-eva-mendes,Ryan Gosling and pregnant love Eva Mendes 'have broken up'
gossipcop-2208472672,people.com/movies/kate-hudson-brad-pitt-dating-oliver-hudson-joke/,"'Yeah, It's Been Hell' Oliver Hudson Jokes About Rumors of Brad Pitt Dating Sister Kate Hudson"
gossipcop-8568774460,"en.wikipedia.org/wiki/Prince_Harry,_Duke_of_Sussex","Prince Harry, Duke of Sussex"
gossipcop-4751816718,www.sheknows.com/parenting/articles/1137862/anna-faris-crush-on-reese-witherspoon,Anna Faris Reveals Her Top 2 Celeb Mom Crushes — & We Agree
gossipcop-8712714934,www.ibtimes.co.uk/weeknd-wants-apologise-bella-hadid-their-bad-breakup-1644589,The Weeknd wants to 'apologise' to Bella Hadid for their bad breakup
gossipcop-352631943,www.usmagazine.com/celebrity-news/news/betty-white-turns-95-celebs-and-fans-wish-her-happy-birthday-w461403/,Betty White Turns 95: Celebs and Fans Wish Her Happy Birthday
gossipcop-5276686006,hollywoodlife.com/2017/12/08/is-rihanna-engaged-hassan-jameel-diamond-ring-truth/,Are Rihanna & Hassan Jameel Really Engaged? The Truth Behind Her Diamond Ring
gossipcop-4107558238,www.inquisitr.com/4910026/beyonce-is-not-uspet-with-ryan-reynolds-and-blake-lively-about-deadpool-2-jab/,Beyonce Is Not Uspet With Ryan Reynolds And Blake Lively About ‘Deadpool 2’ Jab
gossipcop-140994150,,Cindy Crawford Did Warn Daughter Kaia To Stay Away From Kendall Jenner  Report
gossipcop-1037841505,www.newidea.com.au/jennifer-aniston-and-brad-pitt-to-star-in-new-romantic-comedy,Jennifer Aniston and Brad Pitt to reunite in new romantic comedy
gossipcop-4194286480,www.vox.com/culture/2017/4/10/15179082/anne-hathaway-publicity-cycle-hathahaters-jennifer-lawrence-taylor-swift,Anne Hathaway’s love-hate-redemption publicity cycle is a familiar (and sexist) one
gossipcop-8131275727,www.mirror.co.uk/3am/celebrity-news/brad-pitt-angelina-jolie-reach-12289634,Brad Pitt and Angelina Jolie reach custody settlement months after bitter divorce row
gossipcop-5880295549,www.teenvogue.com/story/kylie-jenner-says-she-travis-scott-dont-go-on-dates,"Kylie Jenner Says She and Travis Scott ""Don't Go on Dates"""
gossipcop-3562438605,www.tonyawards.com/en_US/nominees/index.html,The American Theatre Wing's Tony Awards®
gossipcop-3573992221,www.vogue.com/article/justin-bieber-selena-gomez-relationship-timeline,"A Detailed History of Selena Gomez and Justin Bieber’s On-Again, Off-Again Relationship"
gossipcop-9340207780,www.foxnews.com/entertainment/2017/12/13/are-brad-pitt-and-jennifer-lawrence-dating.html,Are Brad Pitt and Jennifer Lawrence dating?
gossipcop-1999047183,www.dailymail.co.uk/tvshowbiz/article-4480976/Paris-Jackson-favourite-play-Madonna-film-biopic.html,Paris Jackson is favourite to play Madonna in film biopic
gossipcop-5772408630,www.intouchweekly.com/posts/mariah-carey-skinny-mirrors-141210,"Mariah Carey Has ""Skinny"" Mirrors All Over Her House and We're Inspired AF (EXCLUSIVE)"
gossipcop-6820511213,www.thesun.co.uk/news/3856958/next-line-throne-prince-harry-royal-family-charles-king/,"Who’s next in line to the throne, where does Prince Harry come in the Royal Family tree and when will Prince Charles be king?"
gossipcop-4093077772,www.usmagazine.com/celebrity-news/news/robert-pattinson-on-ex-kristen-stewart-cheating-s-happens-2014307/,"Robert Pattinson on Ex Kristen Stewart Cheating: ""S--- Happens"""
gossipcop-5906417034,www.usmagazine.com/celebrity-news/news/will-smith-addresses-jada-pinkett-smith-divorce-rumors-watch/,Will Smith Addresses Jada Pinkett Smith Divorce Rumors: Watch
gossipcop-736469412,www.contactmusic.com/sitemap75.xml,Betty White Birthday  Cop Blows Out 5 Rumors In Star ’ s Honor
gossipcop-9967146701,www.enstarz.com/articles/202818/20180210/gwen-stefani-allegedly-suffered-a-miscarriage-with-blake-sheltons-baby.htm,Gwen Stefani Allegedly Suffered A Miscarriage With Blake Shelton's Baby
gossipcop-6739681229,www.eonline.com/videos/276603/selena-gomez-gets-matching-tattoos-with-friends,Selena Gomez Gets Matching Tattoos With Friends
gossipcop-472983284,radaronline.com/videos/hillary-clinton-movie-glenn-close/,Hillary Clinton The Movie — Starring Glenn Close!
gossipcop-5577979141,hollywoodlife.com/2017/08/25/prince-harry-making-meghan-markle-quit-acting-pressured/,Prince Harry & Meghan Markle: Why He’s Feeling Pressured To Ask Her To Quit Acting
gossipcop-6425330039,en.wikipedia.org/wiki/The_X_Factor_(UK_series_5),The X Factor (UK series 5)
gossipcop-9569092095,hollywoodlife.com/2018/07/24/younes-bendjima-desperate-fix-kourtney-kardashian-relationship/,Younes Bendjima ‘Desperate’ To Fix Things With Kourtney Kardashian After ‘Rude’ IG Comment
gossipcop-2937874357,www.lifeandstylemag.com/posts/selena-gomez-justin-bieber-talking-babies-155455,"Selena Gomez and Justin Bieber Are ""Talking Babies"" Because the Heart Wants What It Wants, Obv (EXCLUSIVE)"
gossipcop-1732429292,,Eva Mendes Did Cheat On Ryan Gosling With Australian TV Reporter  Claim
gossipcop-193820483,www.today.com/stories/hoda-kotb,Hoda Kotb Today
gossipcop-8606136597,,Gisele Bundchen Begging Tom Brady
gossipcop-7635991936,www.usmagazine.com/stylish/news/brunette-hair-color-tips-from-kristen-stewarts-breaking-dawn-hair-pro-2011512/,Brunette Hair Color Tips from Kristen Stewart’s Breaking Dawn Hair Pro
gossipcop-8342414455,www.dailymail.co.uk/news/article-4978890/Prince-Harry-Meghan-Markle-house-hunting-Cotswolds.html,Prince Harry and Meghan Markle house-hunting in Cotswolds
gossipcop-2755391716,www.express.co.uk/travel/articles/996961/kate-middleton-prince-william-pictures-travel-news-israel-jordan,Why Kate Middleton DIDN’T join Prince William in Israel - despite growing up in Jordan
gossipcop-7384566778,people.com/tv/pregnant-kylie-jenner-looked-great-christmas-eve-party/,"Pregnant Kylie Jenner 'Looked Great' at Family's Christmas Eve Party, Source Says"
gossipcop-5206620197,www.peoplemagazine.co.za/celebrity-news/international-celebrities/new-mum-khloe-kardashian-leaning-on-ex-lamar-odom-for-support/,New mum Khloe Kardashian 'leaning on ex Lamar Odom for support'
gossipcop-893978648,en.wikipedia.org/wiki/Jennifer_Aniston,Jennifer Aniston
gossipcop-4086288605,hollywoodlife.com/2017/01/25/courteney-cox-brad-pitt-flirting-jennifer-aniston-reaction/,Courteney Cox Flirting With Brad Pitt: Does Jennifer Aniston Know? — Report
gossipcop-5927152906,www.dailymail.co.uk/tvshowbiz/article-3172371/You-married-Taylor-Swift-Howard-Stern-grills-Jake-Gyllenhaal-romance-singer-actor-confesses-marriage-scares-him.html,Howard Stern grills Jake Gyllenhaal on his Taylor Swift romance
gossipcop-8750057439,www.aceshowbiz.com/news/view/00110357.html,"Caitlyn Jenner's Memoir Reportedly Lands Movie Adaptation, Rob Lowe May Play Her"
gossipcop-1612763066,www.seventeen.com/celebrity/celebrity-couples/a17048596/selena-gomez-justin-bieber-making-out-pictures/,Selena Gomez and Justin Bieber Spotted Making Out After Their Concert Date
gossipcop-6414647069,www.eonline.com/news/882190/nikki-reed-responds-to-backlash-over-ian-somerhalder-throwing-out-her-birth-control-pills,Nikki Reed Responds to Backlash Over Ian Somerhalder Throwing Out Her Birth Control Pills
gossipcop-6882359158,www.usmagazine.com/celebrity-news/news/is-kylie-jenner-in-labor-fans-are-convinced-she-is/,Is Kylie Jenner in Labor? Fans Are Convinced She Is!
gossipcop-7842742178,www.ok.co.uk/celebrity-news/1234596/margot-robbie-pregnant-husband-tom-ackerley-expecting-baby-child-i-tonya-wolf-wall-street,'Pregnant' Margot Robbie 'expecting child' with Tom Ackerley
gossipcop-2665407365,www.timesofisrael.com/did-lindsay-lohan-convert-to-islam/,Did Lindsay Lohan convert to Islam?
gossipcop-9458679059,en.wikipedia.org/wiki/Katie_Holmes,Katie Holmes
gossipcop-9968162011,www.vanityfair.com/hollywood/2017/07/angelina-jolie-cover-story,Angelina Jolie’s Vanity Fair Cover Story
gossipcop-7822262151,yournewswire.com/jim-carrey-hollywood-babies-christmas/,Jim Carrey: Hollywood Elites ‘Eat Whole Babies’ For Christmas
gossipcop-3631145552,hollywoodlife.com/2018/02/13/beyonce-keeping-jay-z-away-from-acting-actress-touched-him/,Beyonce Steering JAY-Z Away From Acting Dreams After She Catches Actress Touching His Chest
gossipcop-9947661277,radaronline.com/videos/britney-spears-las-vegas-residency-piece-of-me-plans-after/,Tuning Out: Britney Spears ‘Can’t Wait’ To Finish Las Vegas Residency
gossipcop-4150926441,hollywoodlife.com/2017/08/31/gwen-stefani-miranda-lambert-sexiest-looks-hot-pics-blake-shelton/,Gwen Stefani Vs. Miranda Lambert — Which Of Blake Shelton’s Loves Has The Sexiest Looks?
gossipcop-5744599732,www.intouchweekly.com/posts/tom-cruise-mom-died-katie-holmes-125460,Katie Holmes Helps Tom Cruise After His Mom Died (REPORT)
gossipcop-5577743384,starmagazine.com/2017/06/22/justin-bieber-gym-ban-lifted-video/,Justin Bieber’s Gym Ban Lifted
gossipcop-5902332883,uk.businessinsider.com/george-clooney-motorcycle-accident-sardinia-2018-7,George Clooney has been injured in a motorcycle accident in Sardinia
gossipcop-9128415565,www.newidea.com.au/confirmed-brad-pitt-and-jenner-aniston-theyre-back-on,CONFIRMED: Brad Pitt and Jennifer Aniston - 'They're back on!'
gossipcop-3196236336,www.caras.com.mx/jennifer-garner-y-josh-duhamel-tienen-un-romance/,¿Jennifer Garner y Josh Duhamel tienen un romance?
gossipcop-2024584756,en.wikipedia.org/wiki/Ocean%27s_8,Rihanna Cut Out Of ‘ Ocean ’ s Eight ’ 
gossipcop-5480976970,www.nbc.com/the-tonight-show/photos/hashtag-gallery-igotbusted/3062430,The Tonight Show Starring Jimmy Fallon: Hashtag Gallery: #IGotBusted Photo: 3062430
gossipcop-1051401062,www.marieclaire.com/celebrity/g18655293/brad-pitt-jennifer-aniston-relationship-timeline/,A Complete Timeline of Brad Pitt and Jennifer Aniston's Relationship
gossipcop-4406274153,people.com/tv/maks-chmerkovskiy-vanessa-lachey-feud-dwts/,Maks Chmerkovskiy Skipped DWTS Due to a 'Chemistry Issue' With Partner Vanessa Lachey
gossipcop-8230903947,www.vogue.com/article/kate-middleton-and-prince-william-family-vacation-caribbean,Kate Middleton and Prince William May Be Celebrating Prince George’s Birthday on This Caribbean Island
gossipcop-3179316421,celebrityinsider.org/brad-pitts-divorce-from-angelina-jolie-reportedly-took-a-toll-on-his-looks-100538/,Brad Pitt’s Divorce From Angelina Jolie Reportedly ‘Took A Toll’ On His Looks
gossipcop-4942308766,www.justjared.com/2018/01/15/meryl-streep-is-shocked-tom-hanks-hasnt-been-oscar-nominated-since-2001/,Meryl Streep Is Shocked Tom Hanks Hasn't Been Oscar-Nominated Since 2001
gossipcop-6364120872,extratv.com/2018/04/21/rumor-bust-katie-holmes-did-not-breakup-with-jamie-foxx-for-joshua-jackson/,Rumor Bust! Katie Holmes Did NOT Breakup with Jamie Foxx for Joshua Jackson
gossipcop-9251754528,www.christianpost.com/news/brad-pitt-halle-berry-dating-rumors-not-true-says-rep-of-world-war-z-actor-215895/,Brad Pitt Dating Rumors: Actor's Rep Denies Rumors of Romance With Halle Berry
gossipcop-7590229055,radaronline.com/exclusives/2018/04/faith-hill-cancer-throat-health-crisis/,Faith Hill’s Hell: Throat Cancer Horror Resurfaces — As Husband Tim McGraw Collapses
gossipcop-72794501,www.imdb.com/news/ni61546651,Channing Tatum Forbids ‘Magic Mike Live’ Dancers From Sex With Audience Members?
gossipcop-7387267741,people.com/music/mel-b-seek-treatment-relationship-turmoil-after-divorce/,"Mel B: I'm Seeking Treatment After Relationship 'Turmoil,' Messy Divorce"
gossipcop-8542451981,www.vogue.com/article/jenna-dewan-channing-tatum-divorce-interview,Jenna Dewan Says Her Divorce From Channing Tatum Was “a Positive Thing”
gossipcop-8165063873,meaww.com/miley-cyrus-and-liam-hemsworth-split-up-second-time,Miley Cyrus and Liam Hemsworth split for a second time: Reports
gossipcop-3325039430,www.msn.com/en-ca/video/celebrities/roger-ailes-movie-nicole-kidman-margot-robbie-join-charlize-theron-thr-news/vi-BBLn3kI,"Roger Ailes Movie: Nicole Kidman, Margot Robbie Join Charlize Theron | THR News"
gossipcop-262742935,www.bleedingcool.com/2017/03/02/hugh-jackman-plans-get-fat-now-hes-done-playing-wolverine/,Hugh Jackman Plans To Get Fat Now That He’s Done Playing Wolverine
gossipcop-4787343228,www.pinterest.es/pin/763430574306074203/,Is Angelina Jolie Getting Style Inspiration From Selena Gomez To ‘Lure’ Brad Pitt? Wild New Report
gossipcop-4796568652,people.com/politics/caitlyn-jenner-rep-addresses-reports-inaugural-dance-donald-trump/,Caitlyn Heads to the Capitol: Jenner Rep Addresses Reports of Inaugural Dance with Trump
gossipcop-7266511824,hollywoodlife.com/2018/06/12/blake-shelton-gwen-stefani-summer-wedding-rumor/,"Gwen Stefani & Blake Shelton: Why Friends & Family Suspect A Secret, Summer Wedding"
gossipcop-9194768254,hollywoodlife.com/2017/04/10/ryan-phillippe-dating-katy-perry-relationship-denial-tweet/,Ryan Phillippe Furious Over Katy Perry Dating Rumors: Stop ‘Flying’ Over My House
gossipcop-1812612510,www.instyle.com/news/meghan-markle-kate-middleton-relationship,"Why Meghan Markle and Kate Middleton Are Friendly, but Not BFFs"
gossipcop-3999786987,www.thecut.com/2018/05/sarah-jessica-parker-on-sex-and-the-city.html,Sarah Jessica Parker Would Like a Few Words With Carrie Bradshaw
gossipcop-6834670327,www.aceshowbiz.com/news/view/00107532.html,Kate Middleton Forbids Prince William From Solo Travel Following His Recent Flirty Ski Trip
gossipcop-20919405,www.msn.com/en-us/entertainment/celebrity/meghan-markle-just-proved-her-dominance-over-kate-middleton-and-it-could-be-worth-up-to-dollar14-billion-to-the-british-economy/ar-BBKhDG6?li=AAggSpD&OCID=ansmsnnews11,Meghan Markle just proved her dominance over Kate Middleton -- and it could be worth up to $1.4 billion to the British economy
gossipcop-4302049835,www.inquisitr.com/3973627/tom-hiddlestons-gq-interview-not-pre-approved-by-taylor-swift/,Tom Hiddleston’s GQ Interview Not ‘Pre-Approved’ By Taylor Swift
gossipcop-8324379298,hollywoodlife.com/2018/07/29/are-gwen-stefani-blake-shelton-secretly-married-husband-wife-names/,Gwen Stefani & Blake Shelton Secretly Married? Why They Call Each Other ‘Husband & Wife’
gossipcop-546966066,people.com/movies/david-and-victoria-beckham-shoot-down-divorce-rumors/,David and Victoria Beckham Shoot Down Divorce Rumors: 'Fake News Fueled by Social Media'
gossipcop-2618772795,www.mercurynews.com/2018/06/25/cher-says-musical-about-her-life-didnt-want-to-make-her-gouge-her-eyes-out-thats-good-right/,"Cher says musical about her life didn’t want to make her gouge her eyes out. That’s good, right?"
gossipcop-6931691970,,Reese Witherspoon Comforting Nicole Kidman Amid Keith Urban Marriage Problems 
gossipcop-4047860887,,Harrison Ford Did Snub Carrie Fisher ’ s Funeral Over Affair Revelation  Report
gossipcop-4332053018,www.wsj.com/articles/denzel-washington-is-making-sense-1511914256,Denzel Washington Is Making Sense
gossipcop-3109398147,hollywoodlife.com/2018/02/12/jamie-foxx-katie-holmes-baby-pregnant-want-to-start-family/,Are Katie Holmes & Jamie Foxx Expecting A Baby? New Report Claims They Want To Start A Family
gossipcop-4163684828,people.com/archive/basic-instinct-vol-49-no-5/,Basic Instinct
gossipcop-1708638493,www.inquisitr.com/4004828/courteney-cox-did-not-go-on-a-jealous-tirade-about-pal-jenniferaniston/,Courteney Cox Did Not Go On ‘Tirade’ About Pal Jennifer Aniston [Debunked]
gossipcop-3172607624,www.imdb.com/news/ni61578932,"Keith Urban Upset About Nicole Kidman, Colin Farrell Friendship?"
gossipcop-7014571828,www.washingtonpost.com/news/arts-and-entertainment/wp/2017/09/27/keeping-up-with-the-kardashian-pregnancy-rumors-a-timeline/,Keeping up with the Kardashian pregnancy rumors: A timeline
gossipcop-1883356669,www.phillyvoice.com/bogus-website-claims-kevin-bacon-loves-donald-trump/,Did Kevin Bacon really say we're 'blessed' with Trump presidency?
gossipcop-2511047593,www.dailymail.co.uk/tvshowbiz/article-5891231/Brad-Pitt-not-relationship-Neri-Oxman-focuses-six-children-career.html,Brad Pitt 'not in a relationship with Neri Oxman
gossipcop-1473113094,www.elle.com/uk/life-and-culture/culture/a21091091/kendall-jenner-kissing-straddling-anwar-hadid-cfda-awards/,Kendall Jenner Caught Kissing And Straddling Anwar Hadid For Two Hours Following CFDA Awards
gossipcop-6207797521,www.eonline.com/uk/news/930752/katy-perry-and-orlando-bloom-cozy-up-for-a-selfie-at-colosseum-in-rome,Katy Perry and Orlando Bloom Cozy Up for a Selfie at Colosseum in Rome
gossipcop-4716984662,snobette.com/2017/07/rihanna-hassan-jameel-relationship-timeline/,Rihanna And Hassan Jameel Romance Timeline
gossipcop-6632172921,www.usmagazine.com/celebrity-news/news/taylor-swift-joe-alwyn-hold-hands-on-dinner-date-in-london/,"Taylor Swift, Joe Alwyn Hold Hands on Dinner Date in London"
gossipcop-1574020431,www.hellomagazine.com/celebrities/2017070740458/angelina-jolie-family-mansion-brad-pitt/,Angelina Jolie moves family closer to Brad Pitt
gossipcop-1414621205,www.hollywoodreporter.com/video/jimmy-fallon-james-corden-react-royal-wedding-thr-news-1114110,"Jimmy Fallon, James Corden React to Royal Wedding | THR News"
gossipcop-2150896615,radaronline.com/photos/goldie-hawn-kurt-russell-screaming-match-malibu/,Goldie Hawn & Kurt Russell Get Into Screaming Match In Malibu
gossipcop-8681576673,www.msn.com/en-us/tv/news/kelly-ripa-ryan-seacrest-feuding-after-%E2%80%9Choneymoon%E2%80%99s-over%E2%80%9D/ar-BBId5uK,"Kelly Ripa, Ryan Seacrest Feuding After “Honeymoon’s Over”?"
gossipcop-6231788357,www.stuff.co.nz/life-style/love-sex/92914269/nicole-kidman-and-keith-urban-take-pda-to-a-new-level-on-cannes-red-carpet,Nicole Kidman and Keith Urban take PDA to a new level on Cannes red carpet
gossipcop-5695834478,people.com/parents/kylie-jenner-very-protective-of-stormi-bonding-with-chicago/,"Kylie Jenner 'Very Protective' of Stormi, Bonding with Chicago"
gossipcop-7565530293,hollywoodlife.com/2017/02/03/omarosa-hospitalized-white-house-injured-hurt/,Omarosa: ‘Celeb Apprentice’ Alum Hospitalized After White House Injury — Report
gossipcop-4508351869,www.lifeandstylemag.com/posts/maddox-jolie-pitt-now-153900,Maddox Jolie-Pitt Is Rejecting the Spotlight Amid Brad Pitt and Angelina Jolie's Custody Battle (EXCLUSIVE)
gossipcop-8765863965,www.much.com/49-celebrities-remember-49-pulse-nightclub-victims-video/,49 Celebrities Remember The 49 Pulse Nightclub Victims In Moving Memorial Video
gossipcop-3585623029,en.wikipedia.org/wiki/Brad_Pitt,Brad Pitt Stand Up
gossipcop-1232016858,people.com/style/justin-bieber-hailey-baldwin-engagement-ring-wedding-band/,Are Justin Bieber and Hailey Baldwin Already Married? See Band She's Wearing
gossipcop-5986375886,www.msn.com/en-us/movies/celebrity/jennifer-aniston-did-not-%E2%80%9Cturn-to-ex%E2%80%9D-gerard-butler-amid-%E2%80%9Cmarriage-meltdown%E2%80%9D/ar-BBJbeci,Jennifer Aniston Did NOT “Turn To Ex” Gerard Butler Amid “Marriage Meltdown”
gossipcop-4901731958,pagesix.com/2018/07/05/vanessa-kirby-shoots-down-tom-cruise-marriage-rumors/,Vanessa Kirby shoots down Tom Cruise marriage rumors
gossipcop-182239906,www.billboard.com/articles/columns/pop/8465069/blake-shelton-gwen-stefani-relationship-timeline,A Timeline of Gwen Stefani & Blake Shelton's Relationship
gossipcop-3088658270,news.google.com/topics/CAAqIggKIhxDQkFTRHdvSkwyMHZNRE00Y25weUVnSmxiaWdBUAE,Gerard Butler
gossipcop-3698382107,www.etonline.com/gwen-stefani-still-smitten-blake-shelton-and-has-never-once-tried-change-him-exclusive-94631,Gwen Stefani Is Still Smitten With Blake Shelton and 'Has Never Once' Tried to Change Him (Exclusive)
gossipcop-4090343259,www.newidea.com.au/kate-middleton-twin-girls,Kate: 'Yes I'm having two girls'
gossipcop-7693292112,books.google.com/books?id=G8RFAQAAMAAJ&pg=RA1-PA96&lpg=RA1-PA96&dq=Harry+Styles+Housekeeper+Threw+Out+Favorite+Underwear+?+!&source=bl&ots=Jk0pPBEYTb&sig=-kwFrIJWEm0W6sLaIyqkvDVs41E&hl=en&sa=X&ved=2ahUKEwi0__G17ZbdAhWGCXwKHaJSCX44ChDoATAAegQIABAB,Dry Goods Economist
gossipcop-8152279947,www.econotimes.com/Jennifer-Aniston-Brad-Pitt-News-Updates-No-Rom-Com-Reunion-and-No-Engagement-Sorry-1410483,"Jennifer Aniston, Brad Pitt 2018: No Rom-Com Reunion, No Engagement for Justin Theroux's and Angelina Jolie's Former Spouses"
gossipcop-8940932786,radaronline.com/videos/irina-shayk-pregnant-bradley-cooper-miserable-fight-breakup-engaged/,Pregnant & Alone? Bradley Cooper & Fianceé Irina Shayk’s ‘Relationship On The Rocks’
gossipcop-6467610155,www.broadway.com/buzz/180410/broadway-alum-oscar-nominee-emma-stone-eyes-la-la-land-movie-musical/,Broadway Alum & Oscar Nominee Emma Stone Eyes La La Land Movie Musical
gossipcop-2877943909,www.abc15.com/news/local-news/water-cooler/ellen-degeneres-gives-waitress-10000-server-gets-big-tip-after-picking-up-soldiers-tab,"Ellen DeGeneres gives waitress $10,000: Server gets big tip after picking up soldiers' tab"
gossipcop-8910224421,www.justjared.com/2017/06/29/celebrities-slam-donald-trump-over-mika-brzezinski-facelift-tweet/,Celebrities Slam Donald Trump Over Mika Brzezinski Facelift Tweet
gossipcop-4590916945,www.dailymail.co.uk/tvshowbiz/article-4011008/Russell-Crowe-breaks-silence-relationship-Terri-Irwin-SLAMS-speculation-pair-planning-tie-knot.html,Russell Crowe breaks his silence on his 'relationship' with Terri Irwin
gossipcop-8901380197,www.etonline.com/news/179301_celebrity_pastor_rich_wilkerson_jr_praises_justin_bieber_for_having_a_heart_of_gold,Celebrity Pastor Rich Wilkerson Jr. Praises Justin Bieber for Having a 'Heart of Gold'
gossipcop-121084045,www.timesofisrael.com/twitter-community-mourns-with-lea-michele/,Twitter community mourns with Lea Michele
gossipcop-662079031,www.pressreader.com/usa/life-style-weekly/20180824/282243781430082,Connecting People Through News
gossipcop-2485085069,www.celebritynetworth.com/richest-celebrities/actors/rachel-weisz-net-worth/,Rachel Weisz Net Worth
gossipcop-3465929398,"en.wikipedia.org/wiki/Meghan,_Duchess_of_Sussex","Meghan, Duchess of Sussex"
gossipcop-7015799492,www.imdb.com/news/ni61570503,Patton Oswalt Slammed For Politicizing Las Vegas Shooting
gossipcop-5828892457,hollywoodlife.com/2017/04/20/kendall-kylie-jenner-caitlyn-nude-photoshoot-after-surgery-hate-father-naked/,Kendall & Kylie Jenner: Why They’re Urging Caitlyn Not To Do Nude Pictorial
gossipcop-983270375,www.dailymail.co.uk/tvshowbiz/article-82858/Brad-Pitts-near-breakdown.html,Brad Pitt's 'near breakdown'
gossipcop-9572815116,www.inquisitr.com/4826781/jennifer-aniston-and-katy-perry-not-fighting-over-orlando-bloom-according-to-gossip-cop/,"Jennifer Aniston And Katy Perry Not Fighting Over Orlando Bloom, According To ‘Gossip Cop’"
gossipcop-8886966654,www.imdb.com/news/ni61571114,"Hugh Hefner Death Not Being Investigated As Murder, Despite Report"
gossipcop-3301524860,www.eonline.com/news/941589/all-the-details-on-kristen-stewart-and-robert-pattinson-s-surprise-reunion,All the Details on Kristen Stewart and Robert Pattinson's Surprise Reunion
gossipcop-2461469227,hollywoodlife.com/2017/03/28/brad-pitt-kids-cambodia-reunion-secret-trip-angelina-jolie/,Brad Pitt: He Had A Blast Playing With Kids During Secret Cambodian Family Reunion
gossipcop-3950311806,www.newidea.com.au/jennifer-aniston-career-being-sabotaged-by-angelina-jolie,Jennifer Aniston's torment: What has Ange done?
gossipcop-7570506715,www.independent.co.uk/arts-entertainment/music/manchester-attack-read-ariana-grandes-full-statement-benefit-concert-a7758621.html,Manchester attack: Read Ariana Grande's statement in full as she announces benefit concert
gossipcop-6102441969,www.iheart.com/content/2017-09-16-sorry-brad-pitt-isnt-ready-to-date-after-angelina-jolie-split/,"Sorry, Brad Pitt Isn't Ready To Date After Angelina Jolie Split"
gossipcop-7721155943,,Jennifer Aniston  Brad Pitt Married In Secret 
gossipcop-5251247668,hollywoodlife.com/2018/07/09/rihanna-hassan-jameel-vacation-mexico-pics-still-together-split-rumors/,Rihanna & Hassan Jameel Photographed On Vacation After Split Rumors
gossipcop-646080900,www.vanityfair.com/style/2016/09/jennifer-aniston-angelina-jolie-brad-pitt-divorce,Justin Theroux Reacts to Jennifer Aniston Being Dragged into Brad Pitt and Angelina Jolie’s Divorce News
gossipcop-9579629481,www.pinterest.ca/pin/253327547769829299/,"Robert Pattinson, FKA twigs reportedly call off wedding"
gossipcop-8582917621,en.wikipedia.org/wiki/Mila_Kunis,Mila Kunis
gossipcop-4525252762,hollywoodlife.com/2017/08/29/gwen-stefani-looks-pregnant-hoping-daughter-blake-shelton/,"Gwen Stefani Acting Like She’s Pregnant, Says Source: She’s Hoping For 1st Daughter With Blake"
gossipcop-1355803177,radaronline.com/videos/kim-kardashian-jealous-jennifer-lawrence-feud/,Bitter Blood! Kim Kardashian In A ‘Jealous Rage’ Over Jennifer Lawrence
gossipcop-7813176996,www.yourtango.com/2018312477/why-kourtney-kardashian-boyfriend-younes-bendjima-cheating-leonardo-dicaprio-girlfriend,Why Kourtney Kardashian's 24-Year-Old Boyfriend Was Spotted Getting Cozy This Week With Leonardo DiCaprio's 20-Year-Old Model Girlfriend
gossipcop-934886245,www.velvetropes.com/backstage/where-do-the-kardashians-live/,Where Do The Kardashians Live? Kim Kardashian’s House is Huge!
gossipcop-1537867221,www.dailymail.co.uk/tvshowbiz/article-483368/Bizarre-behaviour-drug-taking-wandering-round-naked-Why-Britney-lose-children.html,"Bizarre behaviour, drug-taking and wandering round naked: Why Britney could lose her children"
gossipcop-3160595033,www.mirror.co.uk/3am/celebrity-news/look-love-katie-holmes-jamie-11927604,The look of love: Katie Holmes and Jamie Foxx pack on the PDA in rare public appearance at pre-Grammys gala
gossipcop-4553793369,hollywoodlife.com/2018/02/20/beyonce-wendy-williams-auto-tune-diss-reaction/,Beyonce Welcomes a ‘Sing-Off’ With Wendy Williams After Auto-Tune Slam
gossipcop-2932564057,www.broadwayworld.com/videoplay/VIDEO-Fifth-Harmony-Perform-Play-Flinch-on-LATE-LATE-SHOW-20170913,"VIDEO: Fifth Harmony Perform, Play 'Flinch' on LATE LATE SHOW Video"
gossipcop-270766594,www.ibtimes.co.in/selena-justin-spend-thanksgiving-apart-trouble-paradise-750830,Selena and Justin spend Thanksgiving apart: Trouble in paradise?
gossipcop-7173564909,pagesix.com/2017/07/20/was-kanye-involved-with-amanda-lepore-before-kim-k/,Was Kanye involved with Amanda Lepore before Kim K.?
gossipcop-108177076,www.iheart.com/content/2017-03-30-is-demi-lovato-upset-about-meghan-trainor-performing-the-smurfs-movie-song/,Is Demi Lovato Upset About Meghan Trainor Performing The 'Smurfs' Movie Song?
gossipcop-3371997813,www.inquisitr.com/3923928/despite-claims-jennifer-aniston-and-justin-theroux-did-not-fight-at-orlando-blooms-birthday-celebration/,"Despite Claims, Jennifer Aniston And Justin Theroux Did Not Fight At Orlando Bloom’s Birthday Celebration"
gossipcop-1651323007,www.theatlantic.com/family/archive/2018/05/prince-harry-meghan-markle-royal-wedding/560681/,The Enduring Appeal of the Fairy-Tale Wedding
gossipcop-1457904080,genius.com/Jay-z-lucifer-lyrics,JAY-Z – Lucifer
gossipcop-5761155644,,  Mariah Carey NOT Disneyland Diva  Despite Report
gossipcop-2892576573,hollywoodlife.com/2017/12/20/kim-kardashian-kanye-west-getting-divorced-report/,Kim Kardashian & Kanye West Divorcing After Surrogate Baby Born? Why $1B Marriage Is Reportedly Over
gossipcop-4060593091,hollywoodlife.com/2017/12/06/ashton-kutcher-danny-masterson-firing-the-ranch-rape-allegations-netflix/,Ashton Kutcher Rocked By Danny Masterson Firing: ‘He’s Trying To Protect The Show’
gossipcop-6744601361,time.com/5110246/kim-kardashian-west-new-baby-girl-name/,Kim Kardashian New Baby Girl Name Is Chicago
gossipcop-9618485776,people.com/tv/maksim-chmerkovskiy-peta-murgatroyd-okay-after-intruder-attempted-break-in-home/,"Maksim Chmerkovskiy, Peta Murgatroyd & Baby Are 'All Okay' After Intruder Tried to Break into Their L.A. Home"
gossipcop-7233789223,www.inquisitr.com/4936378/meryl-streep-nicole-kidman-feud-on-big-little-lies-set-reports-closer-weekly/,"Meryl Streep And Nicole Kidman Feud On ‘Big Little Lies’ Set, Reports ‘Closer Weekly’"
gossipcop-3877033933,hollywoodlife.com/2016/03/09/kim-kardashian-kanye-west-separating-trial-split-separate-bedrooms/,Kim Kardashian & Kanye West Trial Separation? Sleeping In Separate Rooms — Report
gossipcop-2134848777,www.romper.com/p/people-are-accusing-meghan-markle-of-starving-herself-for-the-wedding-its-hugely-problematic-9087529,"People Are Accusing Meghan Markle Of Starving Herself For The Wedding, & It's Hugely Problematic"
gossipcop-2469190103,www.foxnews.com/entertainment/2017/12/07/how-church-scientology-seemingly-protected-danny-masterson-amid-rape-allegations.html,How the Church of Scientology seemingly protected Danny Masterson amid rape allegations
gossipcop-7476822295,www.businessinsider.com/matt-lauer-made-over-100-million-in-his-career-heres-how-he-spent-it-2017-11,"Matt Lauer made at least $100 million before he got fired — and he bought a horse farm, a waterfront estate, and a co-op in Bernie Madoff's old building"
gossipcop-7405934844,www.xxlmag.com/news/2017/10/iggy-azalea-shoots-down-dating-rumors-odell-beckham-jr/,Iggy Azalea Shoots Down Rumors She’s Dating Odell Beckham Jr.
gossipcop-6662469852,people.com/tv/kim-kardashian-kanye-west-back-from-july-4th-vacation-malibu/,Kim Kardashian & Kanye West Return from Lakeside Getaway for 'Happy' Date Night in Malibu: Source
gossipcop-6433621119,www.nationalenquirer.com/celebrity/kelly-ripa-megyn-kelly-feud/,Kelly Ripa & Ryan Seacrest Get Last Laugh On Megyn Kelly
gossipcop-6232432879,en.wikipedia.org/wiki/13_Reasons_Why,13 Reasons Why
gossipcop-7128583348,www.journalpost.com/enterainment/leonardo-dicaprio-kisses-camila-morrone/,"Leonardo DiCaprio seen cozying up to Al Pacino’s step-daughter, Camila Morrone, during the Eminem show at Coachella"
gossipcop-7724686547,variety.com/2017/music/news/jordan-feldstein-maroon-5-manager-and-brother-jonah-hill-dead-1202648455/,"Jordan Feldstein, Maroon 5 Manager and Brother of Jonah Hill, Dies – Variety"
gossipcop-3979367934,hollywoodlife.com/2017/03/23/john-mayer-wants-katy-perry-back-together-new-song-trying/,John Mayer Using Breakup Song To Win Katy Perry Back?: He’s Been Calling Her
gossipcop-8201978839,www.etonline.com/newly-engaged-katharine-mcphee-explains-how-david-foster-proposed-105439,Newly Engaged Katharine McPhee Explains How David Foster Proposed
gossipcop-5168094775,www.msn.com/en-us/entertainment/celebrity/debunking-the-week-s-tabloid-stories-dec-22-2017/ss-BBHacgT?ocid=ob-fb-enus-280,"Debunking the week's tabloid stories: Dec. 22, 2017"
gossipcop-5517886157,www.usmagazine.com/celebrity-news/news/brad-pitt-absolutely-smitten-mit-professor-neri-oxman/,Brad Pitt Is ‘Absolutely Smitten’ With MIT Professor Neri Oxman
gossipcop-6944016279,www.dailymail.co.uk/tvshowbiz/article-2761341/Justin-Bieber-Selena-Gomez-moving-happier.html,'Justin Bieber and Selena Gomez are moving in together and couldn't be happier'
gossipcop-9782988141,people.com/books/catherine-oxenberg-book-daughter-nxivm/,Catherine Oxenberg Is Writing a Book About the Group She Claims 'Brainwashed' Her Daughter
gossipcop-8612525030,hollywoodlife.com/2018/03/05/kylie-jenner-travis-scott-stormi-webster-sleep-habits/,Kylie Jenner & Travis Scott: Their Super Cute & Effective Method Of Putting Stormi To Sleep
gossipcop-5954804067,jimcarreyonline.com/recent/news.php?id=2311,Fake News About Jim Carrey Starring In Terence McKenna Movie
gossipcop-4516431341,variety.com/2017/legit/awards/tony-awards-2017-winners-list-1202461975/,Tony Awards 2017: Complete Winners List
gossipcop-6639038281,hollywoodlife.com/2017/08/05/why-rihanna-crop-over-festival-without-hassan-jameel/,Rihanna At Crop Over Festival: Why She Decided To Leave Love Hassan Behind
gossipcop-9188803952,www.bustle.com/p/ariana-grande-shut-down-pregnancy-rumors-in-a-series-of-hilarious-tweets-9558457,Ariana Grande Shut Down Pregnancy Rumors In A Series Of Hilarious Tweets
gossipcop-5437220039,thestir.cafemom.com/celebrities/211980/brad-pitt-dating-history-timeline,Brad Pitt's Dating History: 15 Surprising & Unforgettable Romances
gossipcop-216932165,www.chatelaine.com/living/entertainment/meghan-amal-angelina-feud/,Is Meghan Markle At The Centre Of A Feud Between Amal Clooney And Angelina Jolie?
gossipcop-3359439576,www.eonline.com/news/946955/kanye-west-thought-kim-kardashian-might-divorce-him-over-slavery-comments,Kanye West Thought Kim Kardashian Might Divorce Him Over Slavery Comments
gossipcop-394135683,radaronline.com/exclusives/2018/05/meghan-markle-fans-ignore-blake-shelton-supermarket/,Blake Who? Shelton Pushed Aside By Rabid Meghan Markle Fanatics!
gossipcop-84851611,www.huffingtonpost.com/entry/margot-robbie-doesnt-wear-wedding-ring-every-day_us_5a1ef8f1e4b01edb1a81ac9b,The Simple Reason Margot Robbie Doesn't Wear A Wedding Ring Every Day
gossipcop-254794049,www.msn.com/en-us/movies/celebrity/justin-theroux-pursuing-emma-stone-following-jennifer-aniston-split/ar-BBKaeh6,Justin Theroux Pursuing Emma Stone Following Jennifer Aniston Split?
gossipcop-3210261852,www.today.com/video/see-kathie-lee-gifford-debut-her-new-song-he-saw-jesus-on-today-1071717955887,See Kathie Lee Gifford debut her new song ‘He Saw Jesus’ on TODAY
gossipcop-9827721639,billingsgazette.com/entertainment/music/joe-jonas-lucky-his-fiancee-let-s-him-do-his/article_b4507cc9-a8a6-526a-8b72-5089cef90a66.html,Joe Jonas 'lucky' his fiancee let's him do his own thing
gossipcop-7871323394,www.mirror.co.uk/3am/celebrity-news/kourtney-kardashian-on-verge-mental-6580890,Kourtney Kardashian was 'on verge of mental breakdown' over Scott Disick split
gossipcop-1122776662,www.justinalexander.com/blog/meghan-markle-s-royal-wedding-look/,Meghan Markle's Royal Wedding Look
gossipcop-9229635036,www.dailymail.co.uk/video/tvshowbiz/video-1373577/Sarah-Jessica-Parker-shares-video-Justin-Bieber-Jingle-Ball.html,Sarah Jessica Parker shares video of Justin Bieber at Jingle Ball
gossipcop-59475133,www.imdb.com/news/ni61378496,Sharon Osbourne Apologizes To Justin Bieber: “I Was Wrong” To “Attack” You
gossipcop-1328152817,www.ibtimes.co.in/kendall-jenner-really-war-emily-ratajkowski-744606,Is Kendall Jenner really at war with Emily Ratajkowski?
gossipcop-3358636700,www.pinterest.co.uk/pin/20547742024730136/,Ellen DeGeneres Caught With Mystery Brunette Date - Portia de Rossi Break-Up Rumors Gain Momentum (PHOTOS)
gossipcop-4144281898,www.pinterest.co.uk/pin/682506518503962973/,Justin Bieber ‘Super Proud’ Of How Madison Beer Handled Period Stain Drama: ‘Own It’
gossipcop-1156920900,en.wikipedia.org/wiki/Wedding_of_Prince_Harry_and_Meghan_Markle,Wedding of Prince Harry and Meghan Markle
gossipcop-6057351604,www.closerweekly.com/posts/julia-robert-danny-moder-divorce-156686,"Julia Roberts and Danny Moder's Marriage Is ""Hanging by a Thread"" — Will They Divorce?"
gossipcop-6986473289,www.usmagazine.com/celebrity-news/news/selena-gomez-chose-happiness-over-justin-bieber/,Selena Gomez ‘Chose Happiness’ Over Justin Bieber
gossipcop-2900876530,www.aol.com/article/2015/12/14/ashton-kutcher-has-guys-night-with-that-70s-show-bros-wilmer/21283231/,Ashton Kutcher has guys' night with 'That '70s Show' bros Wilmer Valderrama and Danny Masterson
gossipcop-4016450162,www.imdb.com/news/ni61560226,"Nicole Kidman, Reese Witherspoon Not “Best Frenemies,” Despite Report"
gossipcop-7744016686,www.vogue.com/article/pippa-middleton-kate-duchess-of-cambridge-wimbledon-celebrity-style,Pippa Middleton Keeps Channeling Kate at Wimbledon
gossipcop-9589202718,losangeles.cbslocal.com/2018/01/29/blake-griffin-kardashian-curse/,Is Blake Griffin Part Of A Kardashian Curse?
gossipcop-1655879516,www.eonline.com/news/932216/here-s-where-things-stand-with-kim-kardashian-and-kanye-west,Here's Where Things Stand With Kim Kardashian and Kanye West
gossipcop-81380989,www.thesun.co.uk/tvandshowbiz/5987191/sofia-richie-scott-disick-kourtney-kardashian-lookalike/,Sofia Richie looks the double of Kourtney Kardashian as she lunches with Scott Disick
gossipcop-3268270141,www.dailymail.co.uk/news/article-4684414/Fergie-denies-organising-Beckhams-Buckingham-Palace-party.html,Fergie denies organising Beckhams' Buckingham Palace party
gossipcop-1085569370,tuunn.dianbiao.ltd/JkYTfoespXk/Justin_Bieber_Selena_Gomez_Getting_Married_Secretly_JELENA_Engaged_/,Justin Bieber & Selena Gomez Getting Married Secretly? JELENA Engaged? & video
gossipcop-2406767870,en.wikipedia.org/wiki/Angelina_Jolie,Angelina Jolie
gossipcop-5231873463,hollywoodlife.com/2018/06/12/blake-shelton-gwen-stefani-summer-wedding-rumor/,"Gwen Stefani & Blake Shelton: Why Friends & Family Suspect A Secret, Summer Wedding"
gossipcop-1247336364,hollywoodlife.com/2018/01/10/ben-affleck-threatened-jennifer-garner-josh-duhamel-dating-rumor/,Jennifer Garner & Josh Duhamel Dating: Why Ben Affleck Feels ‘Threatened’ By The Rumor
gossipcop-3763362922,www.dailymail.co.uk/tvshowbiz/article-5550677/Ellen-DeGeneres-cuddles-wife-Portia-Rossi-tropical-snap-shared-Instagram.html,Ellen DeGeneres cuddles up to wife Portia de Rossi on Instagram
gossipcop-7351931257,www.dailymail.co.uk/tvshowbiz/article-3370018/Mel-C-refusing-Spice-Girls-reunion-tour-without-fifth-member-Victoria-Beckham.html,Mel C refusing Spice Girls 2016 reunion without Victoria Beckham
gossipcop-7665800483,www.eonline.com/news/914312/inside-jennifer-aniston-and-justin-theroux-s-240-million-empire,Inside Jennifer Aniston and Justin Theroux's $240 Million Empire
gossipcop-5132321402,pagesix.com/2017/04/07/prince-harry-to-blame-for-meghan-markle-shutting-down-blog/,Prince Harry to blame for Meghan Markle shutting down blog?
gossipcop-4237114502,www.dailymail.co.uk/tvshowbiz/article-5968377/Kourtney-Kardashian-frustrated-jealous-beau-Younes-Bendjima-slamming-booty-snap.html,Kourtney Kardashian 'frustrated' by 'jealous' beau Younes Bendjima
gossipcop-9445573408,hollywoodlife.com/2017/10/19/chris-pratt-anna-faris-dating-michael-barrett-sad-relationship/,Chris Pratt ‘Heartbroken’ Over Anna Faris’ New Romance With Michael Barrett — ‘It’s Painful’
gossipcop-5869839268,metro.co.uk/2018/03/26/brad-pitt-quietly-dating-secret-meeting-jennifer-aniston-7419437/,Brad Pitt is ‘quietly dating’ as he has ‘secret meeting’ with Jennifer Aniston
gossipcop-1595769865,www.inquisitr.com/4362328/katie-holmes-and-jamie-foxxs-relationship-is-nothing-more-than-a-booty-call/,Katie Holmes And Jamie Foxx’s Relationship Is Nothing More Than A ‘Booty Call’?
gossipcop-6899055349,www.express.co.uk/entertainment/films/883266/Fifty-Shades-Freed-Jamie-Dornan-Dakota-Johnson-friends-feud-row-footage-watch,Fifty Shades Freed: How Jamie Dornan and Dakota Johnson REALLY feel about each-other
gossipcop-2887233910,www.newidea.com.au/brad-pitt-wins-custody-of-children-angelina-jolie,Victory for Brad: 'Angelina hands over the kids'
gossipcop-3280356381,www.fox26houston.com/news/you-re-clicking-it/was-that-fake-jay-z-jesus,Was That Fake? - Jay-Z & Jesus
gossipcop-4967736133,www.hulu.com/sitemap.18-08-24-21-00.33.xml,NBC TODAY Show: John Kerry Heads to France Amid Criticism of Obama
gossipcop-405246282,www.ibtimes.co.in/nicole-kidman-taking-pole-dancing-class-boost-her-sex-life-keith-urban-749819,Is Nicole Kidman taking pole dancing class to boost her sex life with Keith Urban?
gossipcop-3433548691,www.dailymail.co.uk/tvshowbiz/article-5701329/Kourtney-Kardashian-39-thinks-Sofia-Richie-19-young-ex-Scott-Disick-34.html,Kourtney Kardashian thinks Sofia Richie is 'young' for Scott Disick
gossipcop-6360827804,pagesix.com/2016/10/25/taylor-kinney-has-a-new-girlfriend-post-lady-gaga-split/,Taylor Kinney has a new girlfriend after Lady Gaga split
gossipcop-2136444515,hollywoodlife.com/2018/04/26/blake-shelton-gwen-stefani-stronger-miranda-lambert-evan-felker-romance/,Blake Shelton & Gwen Stefani ‘Stronger Than Ever’ After Miranda Lambert’s New Romance
gossipcop-7152128232,www.celebitchy.com/583169/star_nicole_kidman_asks_waiters_to_only_bring_her_half_of_the_meals_she_orders/,Star: Nicole Kidman asks waiters to only bring her half of the meals she orders
gossipcop-1462766857,www.elle.com/uk/life-and-culture/culture/a22633193/kim-kardashian-conversation-khloe-tristan-thompson-cheating-scandal/,Kim Kardashian Recalls 'Tough Conversation' With Khloé About Tristan Thompson Cheating Scandal
gossipcop-3202532387,www.usmagazine.com/celebrity-news/news/taylor-swift-and-boyfriend-joe-alwyn-are-very-much-in-love/,Taylor Swift and Boyfriend Joe Alwyn Are 'Very Much in Love'
gossipcop-5250534279,"en.wikipedia.org/wiki/Catherine,_Duchess_of_Cambridge","Catherine, Duchess of Cambridge"
gossipcop-5516108922,www.nationalenquirer.com/mike-walker/meghan-markle-prince-harry-dating/,Meghan Markle Chose Royalty Over Being An ‘Angel’
gossipcop-6165861684,www.mirror.co.uk/3am/celebrity-news/jennifer-aniston-knew-matter-time-8882168,Jennifer Aniston 'knew it was a matter of time before ex-husband Brad Pitt split from Angelina Jolie'
gossipcop-5049497697,www.itechpost.com/articles/53422/20161113/selena-gomez-justin-bieber-back-together-couple-secretly-married-caribbean.htm,Selena Gomez And Justin Bieber Back Together; Couple Secretly Got Married In The Caribbean?
gossipcop-7010349230,radaronline.com/videos/kevin-hart-cheating-eniko-parrish-curfew/,Lockdown! Kevin Hart’s Wife Puts Him On Lifelong Curfew After Cheating Scandal
gossipcop-2399302743,news.iheart.com/featured/sisanie/content/2018-05-09-melissa-mccarthy-on-why-she-roots-for-online-trolls/,Melissa McCarthy On Why She 'Roots For' Online Trolls
gossipcop-1323742146,www.popsugar.com/moms/Madonna-Motherhood-Quotes-37061031,Madonna on Motherhood Quotes
gossipcop-1768486801,pagesix.com/2017/10/30/matt-lauer-throws-megyn-kelly-under-the-bus/,Matt Lauer throws Megyn Kelly under the bus
gossipcop-8069919219,www.aol.com/article/entertainment/2018/05/29/nick-cannon-on-quitting-americas-got-talent-one-of-the-best-decisions-i-ever-made-in-my-career/23446157/,Nick Cannon on quitting 'America’s Got Talent': 'One of the best decisions I ever made in my career'
gossipcop-5731804785,www.celebitchy.com/519033/cate_blanchett_andrew_upton_are_fine_after_he_got_friendly_with_a_27-year-old/,Cate Blanchett & Andrew Upton are fine… after he got friendly with a 27-year-old
gossipcop-7080304486,www.msn.com/en-us/movies/celebrity/katie-holmes-jamie-foxx-battling-over-prenup/ar-BBJHxyx,"Katie Holmes, Jamie Foxx Battling Over Prenup?"
gossipcop-5669306231,www.dailymail.co.uk/tvshowbiz/article-1356215/Mario-Lopez-admits-I-cheated-Ali-Landry-days-wedding.html,Mario Lopez admits: 'I cheated on Ali Landry days before our wedding'
gossipcop-4995375788,www.brides.com/story/celebrity-wedding-guest-dresses,"From Beyoncé to Selena Gomez, Here's What 25 Celebrities Wore to Their Friends' Weddings"
gossipcop-5810460358,www.intouchweekly.com/posts/jennifer-aniston-angelina-jolie-dinner-156945,Angelina Jolie Rejected Jennifer Aniston's Invite to Have Dinner Together (EXCLUSIVE)
gossipcop-8492696509,people.com/celebrity/beyonce-drake-texas-floods-celebrities-hurricane-harvey/,"J.J. Watt, Tyler Perry, Jamie Foxx and More Celebrities Give Big to Relief Funds for Deadly Texas Floods"
gossipcop-9552745968,celebrityinsider.org/brad-pitt-is-being-urged-by-his-mother-jane-to-fight-angelina-jolie-for-his-childrens-custody-109780/,Brad Pitt Is Being Urged By His Mother Jane To Fight Angelina Jolie For His Children’s Custody
gossipcop-2366390146,www.docshop.com/2011/03/16/jennifer-aniston-plastic-surgery,Jennifer Aniston Plastic Surgery- Celebrity Cosmetic Surgeries
gossipcop-9362271023,www.msn.com/en-us/music/celebrity/the-weeknd-instigated-breakup-with-selena-gomez/ar-AAuj02i,The Weeknd Instigated Breakup With Selena Gomez
gossipcop-6424474439,www.celebdirtylaundry.com/2017/kate-middleton-cries-for-help-admits-to-feeling-lonely-and-isolated/,Kate Middleton Cries For Help: Admits To Feeling Lonely And Isolated
gossipcop-9766361916,hollywoodlife.com/2015/03/23/kris-jenner-rob-kardashian-message-emergency-family-meeting/,Kris Jenner Orders Emergency Family Meeting Over Rob Kardashian Crisis
gossipcop-3801116516,www.cheatsheet.com/health-fitness/aol-brad-pitt-and-angelina-jolie-and-14-famous-celebrity-couples-that-began-as-an-affair.html/,Famous Celebrity Couples That Began as Secret Affairs
gossipcop-1155570174,www.imdb.com/news/ni61387928,"HollywoodLife Weasels Out Of Fake Rihanna, Hassan Jameel Stories With Phony Leonardo DiCaprio Claim"
gossipcop-3537769872,revolt.tv/stories/2018/05/31/love-kanye-wests-important-album-070077548b,'ye' could be Kanye West's most important album
gossipcop-905893319,discussion.femalefirst.co.uk/viewtopic.php?t=751738,Female First Forum
gossipcop-5013680607,people.com/tv/dwts-what-you-didnt-see-maks-chmerkovskiy-vanessa-lachey/,DWTS: Maks Chmerkovskiy & Vanessa Lachey's Behind the Scenes Interactions
gossipcop-8715067692,www.syfy.com/syfywire/twilight-saga-movie-props-are-going-up-for-auction,Twilight Saga movie props are going up for auction
gossipcop-2326938196,, Cancer Crisis Is Tabloid BaitAndSwitch
gossipcop-6614569708,www.intouchweekly.com/posts/matt-lauer-friends-disown-156502,Matt Lauer's Famous Friends Don't Want to Be Associated With Him Following Sex Scandal (REPORT)
gossipcop-9915206962,www.inquisitr.com/4790273/blake-shelton-jokes-gwen-stefani-gave-birth-to-twins-yesterday-video/,Blake Shelton Jokes Gwen Stefani ‘Gave Birth To Twins Yesterday’ [Video]
gossipcop-1648328243,www.eonline.com/news/903261/kim-kardashian-and-kanye-west-name-baby-no-3-chicago-west,Kim Kardashian and Kanye West Name Baby No. 3 Chicago West
gossipcop-1418105606,www.popsugar.com/celebrity/Brad-Pitt-Angelina-Jolie-Divorce-Details-42436493,Brad Pitt and Angelina Jolie Divorce Details
gossipcop-8783786611,www.newidea.com.au/meghan-markle-has-a-secret-boyfriend-that-prince-harry-doesnt-know-about,Meghan Markle's secret boyfriend Steve Lepore
gossipcop-9102276141,www.wccusd.net/cms/lib/CA01001466/Centricity/Domain/570/QuizInfoTitle.htm,Accelerated Reader Quiz List - Reading Practice
gossipcop-233738669,www.dailymail.co.uk/femail/article-4847208/Angelina-Brad-Pitt-consciously-coupling.html,Angelina and Brad Pitt are 'consciously re-coupling'
gossipcop-6183074396,radaronline.com/exclusives/2018/06/kanye-west-crush-candace-owens-kim-kardashian-upset/,Kanye West ‘Touchy Feely’ With Candace Owens At Listening Party — And Kim Was There!
gossipcop-5987252847,www.hindustantimes.com/tv/ellen-degenres-s-wife-portia-de-rossi-slits-wrists-over-marriage-problems/story-mBRcZoGAR5zKu4mKbRgUCP.html,Ellen DeGenres’s wife Portia de Rossi slits wrists over marriage problems
gossipcop-4308911136,hollywoodlife.com/2018/06/07/is-gwen-stefani-quitting-music-blake-shelton-relationship-settle-down/,Gwen Stefani Admits Vegas Residency Is The ‘End’ Of Her Musical ‘Journey’: Settling Down With Blake?
gossipcop-8055447610,www.myz99.com/kim-kardashian-yelled-at-kanye-west-for-overtipping-movers/,Kim Kardashian Yelled At Kanye West For Overtipping Movers?
gossipcop-4460932340,,George Clooney Begging Amal For More Babies 
gossipcop-2459545786,mashable.com/2017/10/08/mike-pence-leaves-nfl-game-tweets/,VP Mike Pence just left an NFL game early to protest a protest he doesn't seem to understand
gossipcop-262378656,www.imdb.com/name/nm0005011/bio,Faith Hill
gossipcop-8489638104,www.girlfriend.com.au/katy-perry-dating-robert-pattinson,Katy Perry Dating Robert Pattinson
gossipcop-3834007612,www.dailymail.co.uk/tvshowbiz/beyonce/index.html,Beyonce News on Twins Plus Instagram and Jay Z Updates
gossipcop-9175178524,www.imdb.com/news/ni61564746,Is Montia Sabbag Pregnant With Kevin Hart’s Baby?
gossipcop-5543072612,radaronline.com/videos/lesbian-lovers-inside-drew-barrymore-kristen-stewarts-flirt-a-thon/,Lesbian Lovers? Inside Drew Barrymore & Kristen Stewart’s Flirt-a-thon
gossipcop-6056074095,www.eonline.com/news/920685/eva-longoria-has-never-looked-happier-at-43-inside-her-road-to-motherhood,Eva Longoria Has Never Looked Happier at 43: Inside Her Road to Motherhood
gossipcop-3869318940,www.cosmopolitan.com/uk/entertainment/a20885414/khloe-kardashian-tristan-thompson-marriage-rumours-shut-down/,Khloe Kardashian seems to have well and truly shut down Tristan Thompson marriage rumours
gossipcop-5694364219,wow1043.com/caitlyn-jenner-moving-to-idaho/,Caitlyn Jenner Moving to Idaho
gossipcop-1485355129,www.theguardian.com/books/2018/may/05/meghan-markle-royal-wedding-margo-jefferson,No Cinderella: Margo Jefferson on the real Meghan Markle
gossipcop-1505670647,www.elle.com/uk/life-and-culture/culture/news/a38002/kendall-jenner-makes-kuwtk-cameramen-cry/,Kendall Jenner Can't Help But Make The KUWTK Cameramen Cry
gossipcop-8867519772,www.etonline.com/news/214650_exclusive_charlie_hunnam_explains_why_he_didn_t_speak_to_robert_pattinson_while_on_set,EXCLUSIVE: Charlie Hunnam Explains Why He Didn't Speak to Robert Pattinson on Set: 'We Were Just Playing the G
gossipcop-2778089331,,Robert Pattinson Charlie Hunnam Lost City Of Z
gossipcop-7371979404,www.thefader.com/artist/selena-gomez,selena gomez
gossipcop-4379697773,www.popsugar.com/entertainment/Bradley-Cooper-Really-Singing-Star-Born-44783827,Is Bradley Cooper Really Singing in A Star Is Born?
gossipcop-3153096580,radaronline.com/exclusives/2017/02/robert-f-kennedy-jr-cheryl-hines-marriage-miserable-camelot-hell/,Marriage Meltdown! Cheryl Hines ‘In Over Head’ With Sex Freak RFK Jr.
gossipcop-3075332771,www.thecut.com/2018/08/brad-pitt-angelina-jolie-divorce-latest-news.html,A Guide to the Increasingly Intense Brad Pitt–Angelina Jolie Divorce Drama
gossipcop-4164504947,hollywoodlife.com/2017/03/21/brad-pitt-coachella-maddox-pax-taking-sons-surprise-trip/,Brad Pitt Spoiling Maddox & Pax With A Surprise Trip To Coachella?
gossipcop-5177133863,www.iheart.com/content/2017-06-20-teen-choice-awards-nominations-2017-first-wave-of-nominees-full-list/,Teen Choice Awards Nominations 2017: First Wave Of Nominees – Full List!
gossipcop-4427425026,en.wikipedia.org/wiki/Barack_Obama_Day,Barack Obama Day
gossipcop-4507576256,okmagazine.com/photos/sarah-jessica-parker-mystery-man-italy-pics/,PICS Sarah Jessica Parker Cozies Up To Mystery Man In Italy
gossipcop-8773644100,www.etonline.com/khloe-kardashian-recalls-being-in-delivery-room-when-kylie-jenner-gave-birth-100057,Khloe Kardashian Recalls Being in Delivery Room When Kylie Jenner Gave Birth
gossipcop-6919146972,www.mediaite.com/print/the-national-enquirer-published-a-fake-death-photo-of-george-michael/,The National Enquirer Published a Fake Death Photo of George Michael
gossipcop-6291797019,starmagazine.com/videos/caitlyn-jenner-caught-dinner-date-girlfriend-candis-cayne/,Caitlyn Jenner Caught On Dinner Date With Ex Girlfriend Candis Cayne
gossipcop-881988237,www.adweek.com/digital/boy-george-pays-justin-bieber-a-backhanded-compliment/,Boy George Pays Justin Bieber a ‘Beautiful’ Backhanded Compliment
gossipcop-9030344199,hollywoodlife.com/2018/07/25/angelina-jolie-kate-middleton-friendship-chats-about-brad-pitt/,Angelina Jolie Reportedly Pouring Her Heart Out About Brad Pitt To Kate Middleton
gossipcop-5035091613,,  Jennifer Aniston   Brad Pitt Friends NOT Urging Fairy Tale Ending Fairy Tale Ending Despite Reports
gossipcop-3234538476,www.dailymail.co.uk/news/article-2010243/Human-trafficking-Girl-brought-UK-aged-5-kept-slave-decade-beaten.html,Human trafficking: Girl brought to UK aged 5 kept as slave for a decade and beaten
gossipcop-2597794479,www.foxnews.com/entertainment/2017/07/12/donald-trump-jr-releases-email-exchange-celebrities-on-twitter-react.html,Donald Trump Jr. releases email exchange: Celebrities on Twitter react
gossipcop-5684400921,www.msn.com/en-us/entertainment/celebrity/debunking-the-weeks-tabloid-stories-july-6-2018/ss-AAzGkZv,"Debunking the week's tabloid stories: July 6, 2018"
gossipcop-526161916,radaronline.com/exclusives/2017/08/anna-faris-chris-pratt-split-divorce-separate-dad-reveals-truth-jack/,Anna Faris’ Dad Reveals Truth Behind Shocking Split From Chris Pratt
gossipcop-9376541375,people.com/tv/ellen-degeneres-portia-de-rossi-nine-year-wedding-anniversary-tribute/,Ellen DeGeneres and Portia de Rossi Exchange Loving Anniversary Tributes in Celebration of Nine Years of Marriage
gossipcop-1301068570,www.cnn.com/2018/04/02/entertainment/channing-tatum-jenna-dewan-separate/index.html,Channing Tatum and Jenna Dewan Tatum announce separation
gossipcop-567879122,www.eonline.com/news/783289/8-reasons-why-rihanna-and-drake-could-be-the-next-beyonce-and-jay-z,8 Reasons Why Rihanna and Drake Could Be the Next Beyoncé and Jay Z
gossipcop-2590895367,www.bustle.com/p/are-gwen-stefani-blake-shelton-engaged-in-2017-the-couple-has-been-going-strong-for-years-7531161,Are Gwen Stefani & Blake Shelton Engaged In 2017? The Couple Has Been Going Strong For Years
gossipcop-9030237526,www.instyle.com/news/kim-kardashian-anorexic-comments-backlash,Why Fans Are Upset About Kim Kardashian's Comments On Her Own Body
gossipcop-665381871,www.vanityfair.com/style/2017/03/drake-jennifer-lopez-alex-rodriguez-more-life-album,"Drake, Jennifer Lopez, and Alex Rodriguez: The Lopsided Love Triangle"
gossipcop-6951392723,www.independent.ie/style/celebrity/celebrity-news/selena-gomez-finally-opens-up-about-her-relationship-with-the-weeknd-35766069.html,Selena Gomez finally opens up about her relationship with The Weeknd
gossipcop-4910596683,hollywoodlife.com/2017/08/02/miley-cyrus-relationship-advice-liam-hemsworth-parents-marriage-cosmopolitan-cover/,Miley Cyrus: Her Parents’ Advice On Her Future Wedding To Liam Hemsworth
gossipcop-1227295031,www.eonline.com/news/951546/everything-we-know-about-justin-bieber-and-hailey-baldwin-s-upcoming-wedding,Everything We Know About Justin Bieber and Hailey Baldwin's Wedding
gossipcop-3105835906,www.bravotv.com/blogs/here-are-all-the-things-caitlyn-jenner-says-about-kris-jenner-in-her-book,Here Are All The Things Caitlyn Jenner Says About Kris Jenner In Her Book
gossipcop-580142370,www.newidea.com.au/prince-harry-and-meghan-markle-baby-joy,Meghan and Harry: Our baby joy
gossipcop-3943611812,people.com/movies/robert-pattinson-fka-twigs-split/,Robert Pattinson and FKA twigs Might Get Back Together: 'That’s the Girl He Wants to Marry'
gossipcop-4644501386,variety.com/2018/legit/news/donald-trump-harry-potter-and-the-cursed-child-tony-awards-1202839684/,"Donald Trump Is Not Welcome at ‘Harry Potter and the Cursed Child,’ Says Play’s Hermione"
gossipcop-3007978794,,   Kim Kardashian Bashed For Using Phone Bashed For Using Phone At Serena Williams Wedding 
gossipcop-1237938606,www.entertainmentdaily.co.uk/news/live-hosts-strange-pre-camera-ritual/,'Live' Host's Strange Pre-Camera Ritual
gossipcop-3515239961,www.tmz.com/2017/12/27/kylie-jenner-baby-bump-pregnant-video-january-fake/,"Kylie Jenner's 'Baby Bump' Video is From January, Couldn't Be Real"
gossipcop-5656786138,people.com/tv/inside-brody-jenner-caitlyn-jenner-complicated-relationship/,How Brody Jenner and Dad Caitlyn Jenner Repaired Their Relationship After Her Transition
gossipcop-3125680567,www.dailymotion.com/video/x60md96,Selena Gomez Revealed Her #1 Binge-Watching Outfit
gossipcop-2935666536,www.pressreader.com/usa/in-touch-usa/20170922/282140701542672,Connecting People Through News
gossipcop-9452652949,www.msn.com/en-us/tv/celebrity/kathy-griffin-releases-harvey-levin%E2%80%99s-phone-number-claims-andy-cohen-asked-her-to-do-cocaine/ar-AAual6p,"Kathy Griffin Releases Harvey Levin’s Phone Number, Claims Andy Cohen Asked Her To Do Cocaine"
gossipcop-3758131250,en.wikipedia.org/wiki/Liam_Payne,Liam Payne
gossipcop-6558412671,hollywoodlife.com/2017/10/03/khloe-kardashian-due-date-baby-tristan-thompson-nba-all-star-weekend/,Khloe Kardashian & Tristan Thompson: Why She’s Hoping Baby Comes During NBA All-Star Break
gossipcop-5820691211,hollywoodlife.com/2017/08/31/blake-shelton-loves-gwen-stefani-kisses-relationship/,Blake Shelton Loves How Gwen Stefani Kisses Him — It’s What ‘Locked Him In’
gossipcop-6031013673,etcanada.com/news/290737/ruby-rose-opens-up-about-health-crisis-and-why-we-may-be-seeing-her-in-a-wheelchair/,Ruby Rose Opens Up About Health Crisis — And Why We May Be Seeing Her In A Wheelchair
gossipcop-8554153078,www.washingtonpost.com/news/arts-and-entertainment/wp/2018/02/02/kylie-jenners-mystery-pregnancy-might-be-the-most-confusing-kardashian-situation-ever/,Kylie Jenner’s mystery pregnancy might be the most confusing Kardashian situation ever
gossipcop-3387103983,www.jamesnews.com/angelina-jolie-refuses-to-shy-away-from-jennifer-aniston-at-golden-globes-if-they-run-into-each-other/,Angelina Jolie Refuses To ‘Shy Away’ from Jennifer Aniston at Golden Globes If They Run Into Each Other
gossipcop-8108694163,www.theguardian.com/lifeandstyle/2007/feb/11/familyandrelationships2,What I know about women: Joshua Jackson
gossipcop-5600549104,radaronline.com/videos/mike-tyson-offered-cash-to-fight-vladimir-putin/,Mike Tyson Offered SERIOUS Ca$h To Fight Russian Dictator Vladimir Putin
gossipcop-9469068409,www.aceshowbiz.com/news/view/00120813.html,Report: Reese Witherspoon and Meryl Streep Have 'Power Struggle' on 'Big Little Lies' Set
gossipcop-3623255149,ultimateclassicrock.com/steven-tyler-seizure/,UPDATE: Steven Tyler Denies Seizure Reports
gossipcop-5421604922,hollywoodlife.com/2017/06/19/jay-z-cries-new-son-tears-twins-beyonce/,Jay Z & Beyonce: He Was Brought To Tears Holding ‘His New Son’ For The First Time Ever
gossipcop-6422555376,www.usmagazine.com/celebrity-moms/news/is-beyonce-pregnant-again-fans-buzzing-about-possible-baby-bump/,Is Beyonce Pregnant Again? Fans Buzzing About Possible Baby Bump
gossipcop-2075473505,www.thedailybeast.com/jessica-simpson-gives-birth,Jessica Simpson Gives Birth
gossipcop-5035404255,www.wmagazine.com/story/halle-berry-done-with-love-alex-da-kid,"Halle Berry Is Officially ""Done with Love"""
gossipcop-3405047139,www.lifeandstylemag.com/posts/kylie-jenner-travis-scott-jennifer-lopez-vmas-164963,"Fans Blast Kylie Jenner and Travis Scott for ""Looking Bored"" During Jennifer Lopez's Epic VMAs Performance"
gossipcop-8553136835,variety.com/2016/biz/news/morgan-freeman-hillary-clinton-1201900706/,Morgan Freeman Narrates One of Hillary Clinton’s Closing Campaign Ads
gossipcop-3992415225,www.dailymail.co.uk/tvshowbiz/article-5184585/Kim-Kardashian-plants-kiss-sweet-son-Saint-party.html,Kim Kardashian plants a kiss on sweet son Saint at party
gossipcop-6421829445,www.telegraph.co.uk/news/2017/07/27/justin-bieber-accidentally-hits-photographer-pick-up-truck-church/,Justin Bieber accidentally hits photographer with pick-up truck after church service
gossipcop-9213050977,discussion.femalefirst.co.uk/viewtopic.php?t=752720,Female First Forum
gossipcop-9464392472,www.girlfriend.com.au/jennifer-lawrence-rob-kardashian-dating,Rob Kardashian and Jennifer Lawrence are dating
gossipcop-932555221,metro.co.uk/2018/03/19/justin-bieber-moves-mystery-blonde-selena-gomez-break-7398438/,Justin Bieber 'caught with mystery blonde' amid Selena Gomez 'break-up'
gossipcop-6017534572,www.moviefone.com/2017/11/30/christian-bale-offered-100-million-to-return-as-batman-no/,Christian Bale Offered $100 Million to Return as Batman? Not So Fast
gossipcop-8001222416,people.com/movies/jamie-foxx-visiting-katie-holmes-nyc/,Jamie Foxx Spotted Visiting Katie Holmes in N.Y.C. Amid a Romantic Summer
gossipcop-2527896655,www.marieclaire.com/celebrity/news/a26421/pippa-middleton-meghan-markle-wedding-ban/,Did Pippa Middleton Ban Meghan Markle from Her Wedding?
gossipcop-2409092017,www.vox.com/culture/2017/5/24/15676900/beguiled-review-sofia-coppola-dunst-kidman-fanning-cannes,"Sofia Coppola triumphs with The Beguiled, a suspenseful Civil War revenge comedy"
gossipcop-8503615273,www.dailymail.co.uk/video/tvshowbiz/video-1410445/Behati-Prinsloo-gives-Adam-Levine-kiss-star-ceremony.html,Behati Prinsloo gives Adam Levine a kiss at his star ceremony
gossipcop-745923114,celebrityinsider.org/scientology-drama-on-good-morning-america-katie-holmes-was-terrified-of-jenna-elfman-28988/,Scientology Drama On Good Morning America – Katie Holmes Was “Terrified” Of Jenna Elfman!
gossipcop-5860144727,people.com/movies/margot-robbie-maries-tom-ackerley-reports/,Margot Robbie Marries Tom Ackerley in Secret Wedding Ceremony
gossipcop-5840642713,jezebel.com/tickets-to-taylors-reputation-tour-are-not-selling-swif-1821708456,Tickets to Taylor's Reputation Tour Are Not Selling Swiftly
gossipcop-8013621464,www.lifeandstylemag.com/posts/johnny-mcdaid-5-things-to-know-about-courteney-cox-s-new-man-33773,Johnny McDaid: 5 Things to Know About Courteney Cox’s New Man
gossipcop-5844292844,babe.net/2018/03/01/rihanna-wants-to-get-together-with-chris-brown-38881,Rihanna wants to get together with Chris Brown and I’m irrationally upset about it
gossipcop-8280929744,ew.com/tv/2017/10/10/megyn-kelly-donna-karan-harvey-weinstein-video/,Megyn Kelly trashes Donna Karan for defending Harvey Weinstein
gossipcop-780616009,www.forbes.com/sites/brandonkatz/2017/01/06/megyn-kelly-replacing-savannah-guthrie-on-today-show/,Could Megyn Kelly Replace Savannah Guthrie On 'Today' Show?
gossipcop-1126220623,en.wikipedia.org/wiki/George_Clooney,George Clooney
gossipcop-6285249762,www.etonline.com/why-brad-pitt-is-not-looking-to-leap-into-a-serious-relationship-right-now-exclusive-105042,Why Brad Pitt Is 'Not Looking to Leap Into a Serious Relationship' Right Now (Exclusive)
gossipcop-9657784587,www.justjared.com/2017/08/06/jennifer-lopez-alex-rodriguez-look-like-a-million-bucks-together-at-friends-wedding/,Jennifer Lopez & Alex Rodriguez Look Like a Million Bucks Together at Friend's Wedding!
gossipcop-5428151703,hollywoodlife.com/2018/07/22/kylie-jenner-travis-scott-engagement-rumors-diamond-ring-pic-photo/,Kylie Jenner Reignites Travis Scott Engagement Rumors With Diamond Ring On THAT Finger — Pic
gossipcop-6732631580,www.refinery29.com/2018/04/197584/chance-the-rapper-kanye-west-donald-trump-tweets,Chance The Rapper Responds To Donald Trump
gossipcop-7440482567,www.popsugar.com/moms/Jessica-Simpson-Mom-Shamed-Sexy-Photo-44352237,Jessica Simpson Mom Shamed Sexy Photo
gossipcop-1836619930,www.wonderwall.com/celebrity/new-romance-rumors-hit-caitlyn-jenner-and-sophie-hutchins-plus-more-news-3013833.gallery,"New romance rumors hit Caitlyn Jenner and Sophie Hutchins, plus more news"
gossipcop-2914651796,discussion.femalefirst.co.uk/viewtopic.php?t=752715,Female First Forum
gossipcop-7553561005,www.wildabouthoudini.com/2017/06/drake-scared-away-from-haunted-houdini.html,"WILD ABOUT HARRY: Drake scared away from ""haunted Houdini house"""
gossipcop-6844103138,www.foxnews.com/entertainment/2017/08/17/tom-cruise-is-diabolical-says-leah-remini.html,"Tom Cruise is 'diabolical,' says Leah Remini"
gossipcop-7855996289,www.dailymail.co.uk/tvshowbiz/article-5765893/Angelina-Jolie-furious-children-amid-Brad-Pitt-divorce-battle.html,Angelina Jolie 'furious she can't take her children out of the US'
gossipcop-1761345281,www.cbs8.com/story/34968239/the-voice-blake-shelton-gets-jealous-as-gwen-stefani-fawns-over-singer-i-was-mesmerized-by-your-body,"'The Voice': Blake Shelton Gets Jealous as Gwen Stefani Fawns Ov - CBS News 8 - San Diego, CA News Station - KFMB Channel 8"
gossipcop-7259603960,www.thebudgetbabe.com/categories/64-Jessica-Alba,Affordable Fashion & Style Blog
gossipcop-2194208436,www.hollywoodreporter.com/news/battle-sexes-premiere-emma-stone-working-icon-billie-jean-king-1040045,"'Battle of the Sexes' Premiere: Emma Stone on Working With ""Icon"" Billie Jean King"
gossipcop-6702260693,www.huffingtonpost.com/2012/09/11/september-11-celebrities-_n_1873778.html,September 11: Celebrities Remember 9/11 (TWEETS)
gossipcop-6051845337,www.dailymail.co.uk/news/article-4915674/NASCAR-owners-threaten-FIRE-drivers-protest.html,NASCAR owners threaten to fire drivers who protest
gossipcop-2435526162,www.telegraph.co.uk/men/the-filter/7-signs-david-beckham-definitely-having-midlife-crisis/,The 7 signs that David Beckham is definitely having a midlife crisis
gossipcop-4576152851,www.vanityfair.com/style/2016/09/ryan-gosling-eva-mendes-married,Ryan Gosling and Eva Mendes Did Not Get Married [Updated]
gossipcop-919334865,www.lifeandstylemag.com/posts/jamie-foxx-katie-holmes-suri-140171,Jamie Foxx Spends the Day With Katie Holmes and Suri Cruise Before Her First Day of School!
